{
    "Accuracy": {
        "Statistic": 46.22950819672132,
        "p-value": 8.155568659744528e-09
    }
}