{
    "ECE": {
        "Statistic": 42.80000000000001,
        "p-value": 4.056522365896012e-08
    },
    "Log Loss": {
        "Statistic": 51.02857142857141,
        "p-value": 8.532947284356855e-10
    }
}