{
    "Base Model vs Platt Scaling": {
        "Statistic": 0.0,
        "p-value": 1.9073486328125e-06,
        "Significant": "True",
        "Adjusted p-value": 7.152557373046875e-06
    },
    "Base Model vs Isotonic Regression": {
        "Statistic": 1.0,
        "p-value": 3.814697265625e-06,
        "Significant": "True",
        "Adjusted p-value": 1.1444091796875e-05
    },
    "Base Model vs Beta Calibration": {
        "Statistic": 0.0,
        "p-value": 1.9073486328125e-06,
        "Significant": "True",
        "Adjusted p-value": 7.152557373046875e-06
    },
    "Base Model vs BBQ": {
        "Statistic": 0.0,
        "p-value": 1.9073486328125e-06,
        "Significant": "True",
        "Adjusted p-value": 7.152557373046875e-06
    },
    "Base Model vs Venn-Abers": {
        "Statistic": 0.0,
        "p-value": 1.9073486328125e-06,
        "Significant": "True",
        "Adjusted p-value": 7.152557373046875e-06
    },
    "Platt Scaling vs Isotonic Regression": {
        "Statistic": 60.0,
        "p-value": 0.09730720520019531,
        "Significant": "False",
        "Adjusted p-value": 0.1580972671508789
    },
    "Platt Scaling vs Beta Calibration": {
        "Statistic": 11.0,
        "p-value": 0.0001049041748046875,
        "Significant": "True",
        "Adjusted p-value": 0.00019669532775878906
    },
    "Platt Scaling vs BBQ": {
        "Statistic": 10.0,
        "p-value": 8.20159912109375e-05,
        "Significant": "True",
        "Adjusted p-value": 0.00017574855259486606
    },
    "Platt Scaling vs Venn-Abers": {
        "Statistic": 9.0,
        "p-value": 6.29425048828125e-05,
        "Significant": "True",
        "Adjusted p-value": 0.00015735626220703125
    },
    "Isotonic Regression vs Beta Calibration": {
        "Statistic": 70.0,
        "p-value": 0.20244979858398438,
        "Significant": "False",
        "Adjusted p-value": 0.25306224822998047
    },
    "Isotonic Regression vs BBQ": {
        "Statistic": 72.0,
        "p-value": 0.2305126190185547,
        "Significant": "False",
        "Adjusted p-value": 0.26597609886756307
    },
    "Isotonic Regression vs Venn-Abers": {
        "Statistic": 70.0,
        "p-value": 0.20244979858398438,
        "Significant": "False",
        "Adjusted p-value": 0.25306224822998047
    },
    "Beta Calibration vs BBQ": {
        "Statistic": 100.0,
        "p-value": 0.8694877624511719,
        "Significant": "False",
        "Adjusted p-value": 0.8694877624511719
    },
    "Beta Calibration vs Venn-Abers": {
        "Statistic": 61.0,
        "p-value": 0.10539817810058594,
        "Significant": "False",
        "Adjusted p-value": 0.1580972671508789
    },
    "BBQ vs Venn-Abers": {
        "Statistic": 79.0,
        "p-value": 0.34881019592285156,
        "Significant": "False",
        "Adjusted p-value": 0.37372520991734093
    }
}