{
    "Base Model vs Platt Scaling": {
        "Statistic": 30.0,
        "p-value": 0.00365447998046875,
        "Significant": "True",
        "Adjusted p-value": 0.007831028529575892
    },
    "Base Model vs Isotonic Regression": {
        "Statistic": 4.0,
        "p-value": 1.33514404296875e-05,
        "Significant": "True",
        "Adjusted p-value": 4.00543212890625e-05
    },
    "Base Model vs Beta Calibration": {
        "Statistic": 46.0,
        "p-value": 0.026641845703125,
        "Significant": "True",
        "Adjusted p-value": 0.0399627685546875
    },
    "Base Model vs BBQ": {
        "Statistic": 25.0,
        "p-value": 0.001689910888671875,
        "Significant": "True",
        "Adjusted p-value": 0.0042247772216796875
    },
    "Base Model vs Venn-Abers": {
        "Statistic": 31.0,
        "p-value": 0.0042209625244140625,
        "Significant": "True",
        "Adjusted p-value": 0.007914304733276367
    },
    "Platt Scaling vs Isotonic Regression": {
        "Statistic": 3.0,
        "p-value": 9.5367431640625e-06,
        "Significant": "True",
        "Adjusted p-value": 3.5762786865234375e-05
    },
    "Platt Scaling vs Beta Calibration": {
        "Statistic": 39.0,
        "p-value": 0.012079238891601562,
        "Significant": "True",
        "Adjusted p-value": 0.020132064819335938
    },
    "Platt Scaling vs BBQ": {
        "Statistic": 101.0,
        "p-value": 0.8983173370361328,
        "Significant": "False",
        "Adjusted p-value": 0.8983173370361328
    },
    "Platt Scaling vs Venn-Abers": {
        "Statistic": 100.0,
        "p-value": 0.8694877624511719,
        "Significant": "False",
        "Adjusted p-value": 0.8983173370361328
    },
    "Isotonic Regression vs Beta Calibration": {
        "Statistic": 1.0,
        "p-value": 3.814697265625e-06,
        "Significant": "True",
        "Adjusted p-value": 2.86102294921875e-05
    },
    "Isotonic Regression vs BBQ": {
        "Statistic": 3.0,
        "p-value": 9.5367431640625e-06,
        "Significant": "True",
        "Adjusted p-value": 3.5762786865234375e-05
    },
    "Isotonic Regression vs Venn-Abers": {
        "Statistic": 0.0,
        "p-value": 1.9073486328125e-06,
        "Significant": "True",
        "Adjusted p-value": 2.86102294921875e-05
    },
    "Beta Calibration vs BBQ": {
        "Statistic": 58.0,
        "p-value": 0.082550048828125,
        "Significant": "False",
        "Adjusted p-value": 0.11256824840198865
    },
    "Beta Calibration vs Venn-Abers": {
        "Statistic": 69.0,
        "p-value": 0.1893482208251953,
        "Significant": "False",
        "Adjusted p-value": 0.23668527603149414
    },
    "BBQ vs Venn-Abers": {
        "Statistic": 89.0,
        "p-value": 0.5705966949462891,
        "Significant": "False",
        "Adjusted p-value": 0.6583808018611027
    }
}