{
    "ECE": {
        "Statistic": 40.890804597701134,
        "p-value": 9.871623008843249e-08
    },
    "Log Loss": {
        "Statistic": 59.685714285714255,
        "p-value": 1.41148716746952e-11
    }
}