{
    "Base Model vs Platt Scaling": {
        "Statistic": 70.0,
        "p-value": 0.3143893322216611,
        "Significant": "False",
        "Adjusted p-value": 0.3929866652770764
    },
    "Base Model vs Isotonic Regression": {
        "Statistic": 86.0,
        "p-value": 0.49800872802734375,
        "Significant": "False",
        "Adjusted p-value": 0.5746254554161658
    },
    "Base Model vs Beta Calibration": {
        "Statistic": 83.0,
        "p-value": 0.6291623521725525,
        "Significant": "False",
        "Adjusted p-value": 0.6741025201848776
    },
    "Base Model vs BBQ": {
        "Statistic": 49.0,
        "p-value": 0.03623390197753906,
        "Significant": "False",
        "Adjusted p-value": 0.06038983662923177
    },
    "Base Model vs Venn-Abers": {
        "Statistic": 23.0,
        "p-value": 0.001209259033203125,
        "Significant": "True",
        "Adjusted p-value": 0.0030231475830078125
    },
    "Platt Scaling vs Isotonic Regression": {
        "Statistic": 102.0,
        "p-value": 0.9272785186767578,
        "Significant": "False",
        "Adjusted p-value": 0.9272785186767578
    },
    "Platt Scaling vs Beta Calibration": {
        "Statistic": 30.0,
        "p-value": 0.008903385115881386,
        "Significant": "True",
        "Adjusted p-value": 0.0166938470922776
    },
    "Platt Scaling vs BBQ": {
        "Statistic": 53.0,
        "p-value": 0.05316925048828125,
        "Significant": "False",
        "Adjusted p-value": 0.07975387573242188
    },
    "Platt Scaling vs Venn-Abers": {
        "Statistic": 16.0,
        "p-value": 0.0003223419189453125,
        "Significant": "True",
        "Adjusted p-value": 0.0012087821960449219
    },
    "Isotonic Regression vs Beta Calibration": {
        "Statistic": 67.0,
        "p-value": 0.16495704650878906,
        "Significant": "False",
        "Adjusted p-value": 0.22494142705743964
    },
    "Isotonic Regression vs BBQ": {
        "Statistic": 19.0,
        "p-value": 0.0005855560302734375,
        "Significant": "True",
        "Adjusted p-value": 0.0017566680908203125
    },
    "Isotonic Regression vs Venn-Abers": {
        "Statistic": 0.0,
        "p-value": 1.9073486328125e-06,
        "Significant": "True",
        "Adjusted p-value": 2.86102294921875e-05
    },
    "Beta Calibration vs BBQ": {
        "Statistic": 28.0,
        "p-value": 0.002712249755859375,
        "Significant": "True",
        "Adjusted p-value": 0.005811963762555803
    },
    "Beta Calibration vs Venn-Abers": {
        "Statistic": 10.0,
        "p-value": 8.20159912109375e-05,
        "Significant": "True",
        "Adjusted p-value": 0.0006151199340820312
    },
    "BBQ vs Venn-Abers": {
        "Statistic": 13.0,
        "p-value": 0.0001678466796875,
        "Significant": "True",
        "Adjusted p-value": 0.0008392333984375
    }
}