{
    "ECE": {
        "Statistic": 70.85121602288984,
        "p-value": 6.814744697550725e-14
    },
    "Log Loss": {
        "Statistic": 59.45086705202309,
        "p-value": 1.578300809242335e-11
    }
}