{
    "Base Model vs Platt Scaling": {
        "Statistic": 1.0,
        "p-value": 3.814697265625e-06,
        "Significant": "True",
        "Adjusted p-value": 7.152557373046875e-06
    },
    "Base Model vs Isotonic Regression": {
        "Statistic": 0.0,
        "p-value": 1.9073486328125e-06,
        "Significant": "True",
        "Adjusted p-value": 4.087175641741071e-06
    },
    "Base Model vs Beta Calibration": {
        "Statistic": 0.0,
        "p-value": 1.9073486328125e-06,
        "Significant": "True",
        "Adjusted p-value": 4.087175641741071e-06
    },
    "Base Model vs BBQ": {
        "Statistic": 0.0,
        "p-value": 1.9073486328125e-06,
        "Significant": "True",
        "Adjusted p-value": 4.087175641741071e-06
    },
    "Base Model vs Venn-Abers": {
        "Statistic": 26.0,
        "p-value": 0.0019855499267578125,
        "Significant": "True",
        "Adjusted p-value": 0.0033092498779296875
    },
    "Platt Scaling vs Isotonic Regression": {
        "Statistic": 31.0,
        "p-value": 0.0042209625244140625,
        "Significant": "True",
        "Adjusted p-value": 0.006331443786621094
    },
    "Platt Scaling vs Beta Calibration": {
        "Statistic": 51.0,
        "p-value": 0.04405403137207031,
        "Significant": "False",
        "Adjusted p-value": 0.060073679143732246
    },
    "Platt Scaling vs BBQ": {
        "Statistic": 69.0,
        "p-value": 0.1893482208251953,
        "Significant": "False",
        "Adjusted p-value": 0.20287309374128068
    },
    "Platt Scaling vs Venn-Abers": {
        "Statistic": 0.0,
        "p-value": 1.9073486328125e-06,
        "Significant": "True",
        "Adjusted p-value": 4.087175641741071e-06
    },
    "Isotonic Regression vs Beta Calibration": {
        "Statistic": 60.0,
        "p-value": 0.09730720520019531,
        "Significant": "False",
        "Adjusted p-value": 0.12163400650024414
    },
    "Isotonic Regression vs BBQ": {
        "Statistic": 61.0,
        "p-value": 0.17119544866849434,
        "Significant": "False",
        "Adjusted p-value": 0.19753321000210886
    },
    "Isotonic Regression vs Venn-Abers": {
        "Statistic": 0.0,
        "p-value": 1.9073486328125e-06,
        "Significant": "True",
        "Adjusted p-value": 4.087175641741071e-06
    },
    "Beta Calibration vs BBQ": {
        "Statistic": 94.0,
        "p-value": 0.7011814117431641,
        "Significant": "False",
        "Adjusted p-value": 0.7011814117431641
    },
    "Beta Calibration vs Venn-Abers": {
        "Statistic": 0.0,
        "p-value": 1.9073486328125e-06,
        "Significant": "True",
        "Adjusted p-value": 4.087175641741071e-06
    },
    "BBQ vs Venn-Abers": {
        "Statistic": 0.0,
        "p-value": 1.9073486328125e-06,
        "Significant": "True",
        "Adjusted p-value": 4.087175641741071e-06
    }
}