{
    "ECE": {
        "Statistic": 56.773962804005706,
        "p-value": 5.6295464322691055e-11
    },
    "Log Loss": {
        "Statistic": 73.91774891774888,
        "p-value": 1.5646262719885147e-14
    }
}