{
    "Base Model vs Platt Scaling": {
        "Statistic": 0.0,
        "p-value": 1.9073486328125e-06,
        "Significant": "True",
        "Adjusted p-value": 9.5367431640625e-06
    },
    "Base Model vs Isotonic Regression": {
        "Statistic": 1.0,
        "p-value": 3.814697265625e-06,
        "Significant": "True",
        "Adjusted p-value": 9.5367431640625e-06
    },
    "Base Model vs Beta Calibration": {
        "Statistic": 0.0,
        "p-value": 1.9073486328125e-06,
        "Significant": "True",
        "Adjusted p-value": 9.5367431640625e-06
    },
    "Base Model vs BBQ": {
        "Statistic": 1.0,
        "p-value": 3.814697265625e-06,
        "Significant": "True",
        "Adjusted p-value": 9.5367431640625e-06
    },
    "Base Model vs Venn-Abers": {
        "Statistic": 1.0,
        "p-value": 3.814697265625e-06,
        "Significant": "True",
        "Adjusted p-value": 9.5367431640625e-06
    },
    "Platt Scaling vs Isotonic Regression": {
        "Statistic": 40.0,
        "p-value": 0.013616561889648438,
        "Significant": "True",
        "Adjusted p-value": 0.017020702362060547
    },
    "Platt Scaling vs Beta Calibration": {
        "Statistic": 12.0,
        "p-value": 0.000133514404296875,
        "Significant": "True",
        "Adjusted p-value": 0.0002002716064453125
    },
    "Platt Scaling vs BBQ": {
        "Statistic": 31.0,
        "p-value": 0.0042209625244140625,
        "Significant": "True",
        "Adjusted p-value": 0.005755857987837358
    },
    "Platt Scaling vs Venn-Abers": {
        "Statistic": 0.0,
        "p-value": 1.9073486328125e-06,
        "Significant": "True",
        "Adjusted p-value": 9.5367431640625e-06
    },
    "Isotonic Regression vs Beta Calibration": {
        "Statistic": 90.0,
        "p-value": 0.5958194732666016,
        "Significant": "False",
        "Adjusted p-value": 0.5958194732666016
    },
    "Isotonic Regression vs BBQ": {
        "Statistic": 23.0,
        "p-value": 0.11574024774875484,
        "Significant": "False",
        "Adjusted p-value": 0.12400740830223733
    },
    "Isotonic Regression vs Venn-Abers": {
        "Statistic": 11.0,
        "p-value": 0.0001049041748046875,
        "Significant": "True",
        "Adjusted p-value": 0.00017484029134114584
    },
    "Beta Calibration vs BBQ": {
        "Statistic": 55.0,
        "p-value": 0.06372261047363281,
        "Significant": "False",
        "Adjusted p-value": 0.07352608900803786
    },
    "Beta Calibration vs Venn-Abers": {
        "Statistic": 10.0,
        "p-value": 8.20159912109375e-05,
        "Significant": "True",
        "Adjusted p-value": 0.00017484029134114584
    },
    "BBQ vs Venn-Abers": {
        "Statistic": 11.0,
        "p-value": 0.0001049041748046875,
        "Significant": "True",
        "Adjusted p-value": 0.00017484029134114584
    }
}