{
    "Accuracy": {
        "Statistic": 54.43083573487033,
        "p-value": 1.709188520664945e-10
    }
}