{
    "ECE": {
        "Statistic": 65.1142857142857,
        "p-value": 1.0611994323444127e-12
    },
    "Log Loss": {
        "Statistic": 78.33333333333329,
        "p-value": 1.8723861044811756e-15
    }
}