{
    "Base Model vs Platt Scaling": {
        "Statistic": 0.0,
        "p-value": 1.9073486328125e-06,
        "Significant": "True",
        "Adjusted p-value": 4.76837158203125e-06
    },
    "Base Model vs Isotonic Regression": {
        "Statistic": 0.0,
        "p-value": 1.9073486328125e-06,
        "Significant": "True",
        "Adjusted p-value": 4.76837158203125e-06
    },
    "Base Model vs Beta Calibration": {
        "Statistic": 0.0,
        "p-value": 1.9073486328125e-06,
        "Significant": "True",
        "Adjusted p-value": 4.76837158203125e-06
    },
    "Base Model vs BBQ": {
        "Statistic": 0.0,
        "p-value": 1.9073486328125e-06,
        "Significant": "True",
        "Adjusted p-value": 4.76837158203125e-06
    },
    "Base Model vs Venn-Abers": {
        "Statistic": 0.0,
        "p-value": 1.9073486328125e-06,
        "Significant": "True",
        "Adjusted p-value": 4.76837158203125e-06
    },
    "Platt Scaling vs Isotonic Regression": {
        "Statistic": 59.0,
        "p-value": 0.08969497680664062,
        "Significant": "False",
        "Adjusted p-value": 0.09610176086425781
    },
    "Platt Scaling vs Beta Calibration": {
        "Statistic": 6.0,
        "p-value": 2.6702880859375e-05,
        "Significant": "True",
        "Adjusted p-value": 4.00543212890625e-05
    },
    "Platt Scaling vs BBQ": {
        "Statistic": 66.0,
        "p-value": 0.15364646911621094,
        "Significant": "False",
        "Adjusted p-value": 0.15364646911621094
    },
    "Platt Scaling vs Venn-Abers": {
        "Statistic": 0.0,
        "p-value": 1.9073486328125e-06,
        "Significant": "True",
        "Adjusted p-value": 4.76837158203125e-06
    },
    "Isotonic Regression vs Beta Calibration": {
        "Statistic": 10.0,
        "p-value": 8.20159912109375e-05,
        "Significant": "True",
        "Adjusted p-value": 0.00010251998901367188
    },
    "Isotonic Regression vs BBQ": {
        "Statistic": 34.0,
        "p-value": 0.07873081119613402,
        "Significant": "False",
        "Adjusted p-value": 0.09084324368784695
    },
    "Isotonic Regression vs Venn-Abers": {
        "Statistic": 3.0,
        "p-value": 9.5367431640625e-06,
        "Significant": "True",
        "Adjusted p-value": 1.5894571940104168e-05
    },
    "Beta Calibration vs BBQ": {
        "Statistic": 9.0,
        "p-value": 6.29425048828125e-05,
        "Significant": "True",
        "Adjusted p-value": 8.58306884765625e-05
    },
    "Beta Calibration vs Venn-Abers": {
        "Statistic": 2.0,
        "p-value": 5.7220458984375e-06,
        "Significant": "True",
        "Adjusted p-value": 1.2261526925223215e-05
    },
    "BBQ vs Venn-Abers": {
        "Statistic": 3.0,
        "p-value": 9.5367431640625e-06,
        "Significant": "True",
        "Adjusted p-value": 1.5894571940104168e-05
    }
}