{
    "Base Model vs Platt Scaling": {
        "Statistic": 18.0,
        "p-value": 0.0004825592041015625,
        "Significant": "True",
        "Adjusted p-value": 0.0007238388061523438
    },
    "Base Model vs Isotonic Regression": {
        "Statistic": 1.0,
        "p-value": 3.814697265625e-06,
        "Significant": "True",
        "Adjusted p-value": 1.9073486328125e-05
    },
    "Base Model vs Beta Calibration": {
        "Statistic": 89.0,
        "p-value": 0.5705966949462891,
        "Significant": "False",
        "Adjusted p-value": 0.6113536017281669
    },
    "Base Model vs BBQ": {
        "Statistic": 2.0,
        "p-value": 5.7220458984375e-06,
        "Significant": "True",
        "Adjusted p-value": 2.1457672119140625e-05
    },
    "Base Model vs Venn-Abers": {
        "Statistic": 5.0,
        "p-value": 1.9073486328125e-05,
        "Significant": "True",
        "Adjusted p-value": 4.087175641741071e-05
    },
    "Platt Scaling vs Isotonic Regression": {
        "Statistic": 34.0,
        "p-value": 0.006389617919921875,
        "Significant": "True",
        "Adjusted p-value": 0.007987022399902344
    },
    "Platt Scaling vs Beta Calibration": {
        "Statistic": 3.0,
        "p-value": 9.5367431640625e-06,
        "Significant": "True",
        "Adjusted p-value": 2.86102294921875e-05
    },
    "Platt Scaling vs BBQ": {
        "Statistic": 44.0,
        "p-value": 0.021484375,
        "Significant": "True",
        "Adjusted p-value": 0.02478966346153846
    },
    "Platt Scaling vs Venn-Abers": {
        "Statistic": 93.0,
        "p-value": 0.6742229461669922,
        "Significant": "False",
        "Adjusted p-value": 0.6742229461669922
    },
    "Isotonic Regression vs Beta Calibration": {
        "Statistic": 0.0,
        "p-value": 1.9073486328125e-06,
        "Significant": "True",
        "Adjusted p-value": 1.9073486328125e-05
    },
    "Isotonic Regression vs BBQ": {
        "Statistic": 22.5,
        "p-value": 0.002068522100948759,
        "Significant": "True",
        "Adjusted p-value": 0.0028207119558392173
    },
    "Isotonic Regression vs Venn-Abers": {
        "Statistic": 1.0,
        "p-value": 3.814697265625e-06,
        "Significant": "True",
        "Adjusted p-value": 1.9073486328125e-05
    },
    "Beta Calibration vs BBQ": {
        "Statistic": 4.0,
        "p-value": 1.33514404296875e-05,
        "Significant": "True",
        "Adjusted p-value": 3.337860107421875e-05
    },
    "Beta Calibration vs Venn-Abers": {
        "Statistic": 6.0,
        "p-value": 2.6702880859375e-05,
        "Significant": "True",
        "Adjusted p-value": 5.0067901611328125e-05
    },
    "BBQ vs Venn-Abers": {
        "Statistic": 14.0,
        "p-value": 0.000209808349609375,
        "Significant": "True",
        "Adjusted p-value": 0.0003496805826822917
    }
}