{
    "Accuracy": {
        "Statistic": 14.714285714285708,
        "p-value": 0.011655524770004939
    },
    "Brier Score": {
        "Statistic": 16.857142857142847,
        "p-value": 0.004778851602361666
    },
    "Log Loss": {
        "Statistic": 18.857142857142847,
        "p-value": 0.0020435160284979614
    },
    "ECE": {
        "Statistic": 16.0,
        "p-value": 0.006844073922420431
    }
}