{
    "Base Model": {
        "Accuracy": 0.9471122496506753,
        "Brier Score": 0.03761371055865255,
        "Log Loss": 0.12593839438597831,
        "ECE": 0.02499552444359021
    },
    "Platt Scaling": {
        "Accuracy": 0.944823785126533,
        "Brier Score": 0.03867948599297295,
        "Log Loss": 0.13733285415412022,
        "ECE": 0.0388579250021815
    },
    "Isotonic Regression": {
        "Accuracy": 0.9416503648501785,
        "Brier Score": 0.0405344197144656,
        "Log Loss": 0.47624049397100043,
        "ECE": 0.036695815633295645
    },
    "Beta Calibration": {
        "Accuracy": 0.9455224344045954,
        "Brier Score": 0.038710622070806285,
        "Log Loss": 0.13239814608373984,
        "ECE": 0.0319235913240371
    },
    "BBQ": {
        "Accuracy": 0.9444558298400869,
        "Brier Score": 0.04523372919428913,
        "Log Loss": 0.26099095932715505,
        "ECE": 0.04199048423272157
    },
    "Venn-Abers": {
        "Accuracy": 0.9407840397453812,
        "Brier Score": 0.05524137435556165,
        "Log Loss": 0.22005475942355468,
        "ECE": 0.12194045364366059
    }
}