{
    "Base Model": {
        "Accuracy": 0.9353191290315036,
        "Brier Score": 0.049881871485317184,
        "Log Loss": 0.1748014241125757,
        "ECE": 0.03801325466232211
    },
    "Platt Scaling": {
        "Accuracy": 0.936896804421888,
        "Brier Score": 0.047728298664465436,
        "Log Loss": 0.16465429447621105,
        "ECE": 0.014586852402234875
    },
    "Isotonic Regression": {
        "Accuracy": 0.9359112348075559,
        "Brier Score": 0.048853320978698205,
        "Log Loss": 0.2562088092391947,
        "ECE": 0.028818682612163776
    },
    "Beta Calibration": {
        "Accuracy": 0.9365024830242221,
        "Brier Score": 0.04769766538728603,
        "Log Loss": 0.16439234892327945,
        "ECE": 0.015462352776595096
    },
    "BBQ": {
        "Accuracy": 0.9332682367799425,
        "Brier Score": 0.050988223226084976,
        "Log Loss": 0.19545243423233977,
        "ECE": 0.046904926643520695
    },
    "Venn-Abers": {
        "Accuracy": 0.9349236382346752,
        "Brier Score": 0.05014008242610233,
        "Log Loss": 0.1777182256269463,
        "ECE": 0.04913274977249527
    }
}