{
    "Base Model": {
        "Accuracy": 0.9625231243576569,
        "Brier Score": 0.02872821745599047,
        "Log Loss": 0.11028720087035947,
        "ECE": 0.02974302332149588
    },
    "Platt Scaling": {
        "Accuracy": 0.9626628982528262,
        "Brier Score": 0.028289150169297367,
        "Log Loss": 0.10970403522824461,
        "ECE": 0.029844040896591116
    },
    "Isotonic Regression": {
        "Accuracy": 0.9630945529290852,
        "Brier Score": 0.029636144878501584,
        "Log Loss": 0.384703200236308,
        "ECE": 0.028806435759888352
    },
    "Beta Calibration": {
        "Accuracy": 0.9653782117163412,
        "Brier Score": 0.027528947894563255,
        "Log Loss": 0.10949613043247645,
        "ECE": 0.02360547998809118
    },
    "BBQ": {
        "Accuracy": 0.9639527235354574,
        "Brier Score": 0.0321082990389502,
        "Log Loss": 0.1609143982509164,
        "ECE": 0.03293632690480556
    },
    "Venn-Abers": {
        "Accuracy": 0.9512209660842755,
        "Brier Score": 0.0443099847255867,
        "Log Loss": 0.185052284402963,
        "ECE": 0.11560676834167212
    }
}