{
    "Base Model": {
        "Accuracy": 0.9859333025340931,
        "Brier Score": 0.012904461016906016,
        "Log Loss": 0.05344244894317431,
        "ECE": 0.003951968836349621
    },
    "Platt Scaling": {
        "Accuracy": 0.9859333025340931,
        "Brier Score": 0.013108889070912457,
        "Log Loss": 0.05554875913478185,
        "ECE": 0.009076896362526718
    },
    "Isotonic Regression": {
        "Accuracy": 0.9852706055472854,
        "Brier Score": 0.013687931747960508,
        "Log Loss": 0.09462417340840693,
        "ECE": 0.015158054338103428
    },
    "Beta Calibration": {
        "Accuracy": 0.9858504867991035,
        "Brier Score": 0.01315809264897766,
        "Log Loss": 0.05551238966726091,
        "ECE": 0.009845075176107772
    },
    "BBQ": {
        "Accuracy": 0.9859333025340931,
        "Brier Score": 0.013889648449842544,
        "Log Loss": 0.07474937287874871,
        "ECE": 0.0014243699240119104
    },
    "Venn-Abers": {
        "Accuracy": 0.9846919220437007,
        "Brier Score": 0.016269351419765803,
        "Log Loss": 0.0757810562388651,
        "ECE": 0.05169481523036873
    }
}