{
    "Base Model": {
        "Accuracy": 0.7456,
        "Brier Score": 0.17090883973389906,
        "Log Loss": 0.5172978561290428,
        "ECE": 0.036895941679006866
    },
    "Platt Scaling": {
        "Accuracy": 0.7464,
        "Brier Score": 0.16926431456236352,
        "Log Loss": 0.5096209816339154,
        "ECE": 0.027113523265002226
    },
    "Isotonic Regression": {
        "Accuracy": 0.7441,
        "Brier Score": 0.17341166086220838,
        "Log Loss": 0.7581489748229201,
        "ECE": 0.049389117948382424
    },
    "Beta Calibration": {
        "Accuracy": 0.743,
        "Brier Score": 0.16994539401643466,
        "Log Loss": 0.5121662717391411,
        "ECE": 0.03101166597580526
    },
    "BBQ": {
        "Accuracy": 0.7448999999999998,
        "Brier Score": 0.1742115692754781,
        "Log Loss": 0.5279769120277645,
        "ECE": 0.04854361176813965
    },
    "Venn-Abers": {
        "Accuracy": 0.7339,
        "Brier Score": 0.17671961203737788,
        "Log Loss": 0.5295207436551584,
        "ECE": 0.06442488416973352
    }
}