{
    "Base Model": {
        "Accuracy": 0.9829952261177557,
        "Brier Score": 0.014805353597960947,
        "Log Loss": 0.08367498750536681,
        "ECE": 0.009797427715898348
    },
    "Platt Scaling": {
        "Accuracy": 0.9851468952654723,
        "Brier Score": 0.014100105553653326,
        "Log Loss": 0.07161079569344932,
        "ECE": 0.01575537617326127
    },
    "Isotonic Regression": {
        "Accuracy": 0.9856021251475798,
        "Brier Score": 0.014025271098272387,
        "Log Loss": 0.11472078826255276,
        "ECE": 0.018070497932443242
    },
    "Beta Calibration": {
        "Accuracy": 0.9855193949660352,
        "Brier Score": 0.013561052746078273,
        "Log Loss": 0.059179340577574104,
        "ECE": 0.008581267361627083
    },
    "BBQ": {
        "Accuracy": 0.9856848553291242,
        "Brier Score": 0.014140741363668436,
        "Log Loss": 0.07528740180286328,
        "ECE": 0.004295533978325492
    },
    "Venn-Abers": {
        "Accuracy": 0.9828310490563454,
        "Brier Score": 0.016310228551432496,
        "Log Loss": 0.07658451264363225,
        "ECE": 0.04715702724387198
    }
}