{
    "Base Model": {
        "Accuracy": 0.9975757575757576,
        "Brier Score": 0.002024484795645437,
        "Log Loss": 0.010046523252362322,
        "ECE": 0.00044852586106935684
    },
    "Platt Scaling": {
        "Accuracy": 0.9975324675324674,
        "Brier Score": 0.002239834428039758,
        "Log Loss": 0.014943183484464224,
        "ECE": 0.0014856998730861954
    },
    "Isotonic Regression": {
        "Accuracy": 0.9963203463203462,
        "Brier Score": 0.00314425682135251,
        "Log Loss": 0.07583493522590615,
        "ECE": 0.008536917610466509
    },
    "Beta Calibration": {
        "Accuracy": 0.9962770562770564,
        "Brier Score": 0.0032821819931930334,
        "Log Loss": 0.034894338681116965,
        "ECE": 0.002250212772924712
    },
    "BBQ": {
        "Accuracy": 0.9974891774891774,
        "Brier Score": 0.002402081377995717,
        "Log Loss": 0.032964345836558634,
        "ECE": 0.006239550266584653
    },
    "Venn-Abers": {
        "Accuracy": 0.9923809523809523,
        "Brier Score": 0.009844056254019766,
        "Log Loss": 0.05902603558395789,
        "ECE": 0.07372375678217391
    }
}