{
    "Base Model": {
        "Accuracy": 0.9471999999999998,
        "Brier Score": 0.04592589428543156,
        "Log Loss": 0.35957537136366235,
        "ECE": 0.13720739386286393
    },
    "Platt Scaling": {
        "Accuracy": 0.9832500000000001,
        "Brier Score": 0.014078372059083322,
        "Log Loss": 0.05712827846560086,
        "ECE": 0.03293649097108841
    },
    "Isotonic Regression": {
        "Accuracy": 0.9923499999999998,
        "Brier Score": 0.006609104548834586,
        "Log Loss": 0.095951405489585,
        "ECE": 0.006987682702519941
    },
    "Beta Calibration": {
        "Accuracy": 0.99275,
        "Brier Score": 0.0064905275197709375,
        "Log Loss": 0.06628719408884899,
        "ECE": 0.001595090791788764
    },
    "BBQ": {
        "Accuracy": 0.9758499999999999,
        "Brier Score": 0.017932927230576177,
        "Log Loss": 0.09645483588328731,
        "ECE": 0.02003240761703438
    },
    "Venn-Abers": {
        "Accuracy": 0.9847999999999999,
        "Brier Score": 0.014228108782441337,
        "Log Loss": 0.07524675819778986,
        "ECE": 0.07298016995135323
    }
}