{
    "Base Model": {
        "Accuracy": 0.9466771159874608,
        "Brier Score": 0.04385425599904803,
        "Log Loss": 0.20119439043949808,
        "ECE": 0.0416266388564386
    },
    "Platt Scaling": {
        "Accuracy": 0.9467711598746079,
        "Brier Score": 0.044806430445557474,
        "Log Loss": 0.17504166483325942,
        "ECE": 0.044569113808768705
    },
    "Isotonic Regression": {
        "Accuracy": 0.9444200626959248,
        "Brier Score": 0.042822419449648715,
        "Log Loss": 0.2421560552640181,
        "ECE": 0.027410978155197753
    },
    "Beta Calibration": {
        "Accuracy": 0.9450470219435736,
        "Brier Score": 0.04184148570923911,
        "Log Loss": 0.1517346686172272,
        "ECE": 0.018494796107746615
    },
    "BBQ": {
        "Accuracy": 0.9443573667711598,
        "Brier Score": 0.04647029791691968,
        "Log Loss": 0.18590993237039757,
        "ECE": 0.047738180107013764
    },
    "Venn-Abers": {
        "Accuracy": 0.9431974921630093,
        "Brier Score": 0.045228661066987336,
        "Log Loss": 0.16947280916764476,
        "ECE": 0.053427692875637686
    }
}