{
    "Base Model": {
        "Accuracy": 0.8669680598108692,
        "Brier Score": 0.12451060977353834,
        "Log Loss": 1.9728304726482768,
        "ECE": 0.1875255555082446
    },
    "Platt Scaling": {
        "Accuracy": 0.9366614433504066,
        "Brier Score": 0.05866917040444157,
        "Log Loss": 0.23268652171659315,
        "ECE": 0.023143304967063738
    },
    "Isotonic Regression": {
        "Accuracy": 0.9361871350500113,
        "Brier Score": 0.057814949117615366,
        "Log Loss": 0.2578247971158168,
        "ECE": 0.009633486600487226
    },
    "Beta Calibration": {
        "Accuracy": 0.9364240553203763,
        "Brier Score": 0.05730461371463625,
        "Log Loss": 0.22242083376783525,
        "ECE": 0.008981920104696384
    },
    "BBQ": {
        "Accuracy": 0.9367008910821619,
        "Brier Score": 0.05886717626469211,
        "Log Loss": 0.23298152283799617,
        "ECE": 0.008126302404112818
    },
    "Venn-Abers": {
        "Accuracy": 0.9354373942668258,
        "Brier Score": 0.05960552534383547,
        "Log Loss": 0.2315654269293475,
        "ECE": 0.0416324423923862
    }
}