{
    "Base Model": {
        "Accuracy": 0.9912704420970266,
        "Brier Score": 0.007079492591796069,
        "Log Loss": 0.03141993121621496,
        "ECE": 0.006126978508971761
    },
    "Platt Scaling": {
        "Accuracy": 0.9914269855242566,
        "Brier Score": 0.0074950876179693815,
        "Log Loss": 0.03710190052632867,
        "ECE": 0.008171503432463522
    },
    "Isotonic Regression": {
        "Accuracy": 0.9908328442879499,
        "Brier Score": 0.007610513639087091,
        "Log Loss": 0.11793562502592014,
        "ECE": 0.01370426719818497
    },
    "Beta Calibration": {
        "Accuracy": 0.9912393877151799,
        "Brier Score": 0.0073387579826964386,
        "Log Loss": 0.03934048083464912,
        "ECE": 0.00900400694066539
    },
    "BBQ": {
        "Accuracy": 0.99114534428795,
        "Brier Score": 0.00806348247643362,
        "Log Loss": 0.058463415831979004,
        "ECE": 0.014241469595489043
    },
    "Venn-Abers": {
        "Accuracy": 0.9898944640062598,
        "Brier Score": 0.011177120781810657,
        "Log Loss": 0.0625295138531009,
        "ECE": 0.05792542656608459
    }
}