{
    "Base Model": {
        "Accuracy": 0.9205610631166501,
        "Brier Score": 0.06290248006807406,
        "Log Loss": 0.25722701328954245,
        "ECE": 0.05095479041121818
    },
    "Platt Scaling": {
        "Accuracy": 0.9233868668271725,
        "Brier Score": 0.060191003001884666,
        "Log Loss": 0.21853419284204942,
        "ECE": 0.030533838107218502
    },
    "Isotonic Regression": {
        "Accuracy": 0.9225390171363829,
        "Brier Score": 0.06016022764670107,
        "Log Loss": 0.26985462018780576,
        "ECE": 0.02597936128021114
    },
    "Beta Calibration": {
        "Accuracy": 0.9217567388943962,
        "Brier Score": 0.0616611377961795,
        "Log Loss": 0.23799345745427394,
        "ECE": 0.0431716893935224
    },
    "BBQ": {
        "Accuracy": 0.9223432469433035,
        "Brier Score": 0.06092013635398527,
        "Log Loss": 0.22225529218682896,
        "ECE": 0.041106580968093276
    },
    "Venn-Abers": {
        "Accuracy": 0.9207570929518952,
        "Brier Score": 0.062244377568319624,
        "Log Loss": 0.2233673172106796,
        "ECE": 0.05099457138708296
    }
}