{
    "Base Model": {
        "Accuracy": 0.7669565217391304,
        "Brier Score": 0.1739968233648665,
        "Log Loss": 0.7832281576444795,
        "ECE": 0.10431958357828844
    },
    "Platt Scaling": {
        "Accuracy": 0.7701449275362319,
        "Brier Score": 0.16627956348163958,
        "Log Loss": 0.5100204978977204,
        "ECE": 0.07552414184950981
    },
    "Isotonic Regression": {
        "Accuracy": 0.7665217391304349,
        "Brier Score": 0.16830954397823905,
        "Log Loss": 0.8756222471615317,
        "ECE": 0.07164871190020897
    },
    "Beta Calibration": {
        "Accuracy": 0.7640579710144928,
        "Brier Score": 0.16724034531664217,
        "Log Loss": 0.5330637082312344,
        "ECE": 0.0809471681736142
    },
    "BBQ": {
        "Accuracy": 0.7684057971014492,
        "Brier Score": 0.16988729342398493,
        "Log Loss": 0.5233624414989393,
        "ECE": 0.09020909871939027
    },
    "Venn-Abers": {
        "Accuracy": 0.7624637681159421,
        "Brier Score": 0.16935483662785344,
        "Log Loss": 0.517618139660364,
        "ECE": 0.07638829067934315
    }
}