{
    "Base Model": {
        "Accuracy": 0.8654028436018958,
        "Brier Score": 0.10379260524050427,
        "Log Loss": 0.3625407227937247,
        "ECE": 0.05921864677377251
    },
    "Platt Scaling": {
        "Accuracy": 0.8655924170616113,
        "Brier Score": 0.10353727367366596,
        "Log Loss": 0.3497743698463804,
        "ECE": 0.05892028185369937
    },
    "Isotonic Regression": {
        "Accuracy": 0.8628436018957347,
        "Brier Score": 0.10278511831864985,
        "Log Loss": 0.5395685702564565,
        "ECE": 0.04381290850729466
    },
    "Beta Calibration": {
        "Accuracy": 0.8646445497630332,
        "Brier Score": 0.10021326323706681,
        "Log Loss": 0.3324266847552249,
        "ECE": 0.03276186990085992
    },
    "BBQ": {
        "Accuracy": 0.8621800947867299,
        "Brier Score": 0.10917431074424465,
        "Log Loss": 0.3698148902442277,
        "ECE": 0.06841259713853198
    },
    "Venn-Abers": {
        "Accuracy": 0.8297630331753555,
        "Brier Score": 0.12423156203954143,
        "Log Loss": 0.4011685080979744,
        "ECE": 0.106487379498687
    }
}