{
    "Base Model": {
        "Accuracy": 0.9948,
        "Brier Score": 0.004301120217650936,
        "Log Loss": 0.01791034159753226,
        "ECE": 0.004703355461671013
    },
    "Platt Scaling": {
        "Accuracy": 0.9945,
        "Brier Score": 0.004933958831087069,
        "Log Loss": 0.02763954978847496,
        "ECE": 0.007812393564267888
    },
    "Isotonic Regression": {
        "Accuracy": 0.99405,
        "Brier Score": 0.005004097065109451,
        "Log Loss": 0.09992494470420332,
        "ECE": 0.008352502023973559
    },
    "Beta Calibration": {
        "Accuracy": 0.9939,
        "Brier Score": 0.005116964182072714,
        "Log Loss": 0.036427889906528156,
        "ECE": 0.005232869887334897
    },
    "BBQ": {
        "Accuracy": 0.9948,
        "Brier Score": 0.005065986188592799,
        "Log Loss": 0.057761371535961184,
        "ECE": 0.010507242736444919
    },
    "Venn-Abers": {
        "Accuracy": 0.9925,
        "Brier Score": 0.008685995830527166,
        "Log Loss": 0.0454051216189245,
        "ECE": 0.050110809567806947
    }
}