{
    "Base Model": {
        "Accuracy": 0.8564246715673584,
        "Brier Score": 0.11033536584895674,
        "Log Loss": 0.36693957577408853,
        "ECE": 0.04585718074338322
    },
    "Platt Scaling": {
        "Accuracy": 0.8577524737985613,
        "Brier Score": 0.10972207292469906,
        "Log Loss": 0.36373093040851256,
        "ECE": 0.042201730052215856
    },
    "Isotonic Regression": {
        "Accuracy": 0.8564720649322872,
        "Brier Score": 0.10968761797658144,
        "Log Loss": 0.4721256095175221,
        "ECE": 0.03569124487113944
    },
    "Beta Calibration": {
        "Accuracy": 0.8562831669124519,
        "Brier Score": 0.10818878306645838,
        "Log Loss": 0.35350421303715435,
        "ECE": 0.024813418932081003
    },
    "BBQ": {
        "Accuracy": 0.8551917686393266,
        "Brier Score": 0.11338894363244537,
        "Log Loss": 0.37916479081168875,
        "ECE": 0.05962795904083735
    },
    "Venn-Abers": {
        "Accuracy": 0.8440990194864406,
        "Brier Score": 0.1175940065626396,
        "Log Loss": 0.37958014135880264,
        "ECE": 0.05942009558914257
    }
}