{
    "Base Model": {
        "Accuracy": 0.9914583333333333,
        "Brier Score": 0.00779312425866292,
        "Log Loss": 0.036575699329860774,
        "ECE": 0.02575924850897744
    },
    "Platt Scaling": {
        "Accuracy": 0.991427034428795,
        "Brier Score": 0.006874683420409259,
        "Log Loss": 0.030775421234850154,
        "ECE": 0.004172381175026324
    },
    "Isotonic Regression": {
        "Accuracy": 0.991364534428795,
        "Brier Score": 0.007209452093536032,
        "Log Loss": 0.09438676155616361,
        "ECE": 0.014468203300796378
    },
    "Beta Calibration": {
        "Accuracy": 0.9913645344287949,
        "Brier Score": 0.006926598606372018,
        "Log Loss": 0.03166026744140759,
        "ECE": 0.0044436870770249775
    },
    "BBQ": {
        "Accuracy": 0.9909894855242567,
        "Brier Score": 0.007545581967538958,
        "Log Loss": 0.05323652546525162,
        "ECE": 0.022018223800033137
    },
    "Venn-Abers": {
        "Accuracy": 0.9875470461658843,
        "Brier Score": 0.010000085828897866,
        "Log Loss": 0.04734120068332331,
        "ECE": 0.04215761071456394
    }
}