{
    "Base Model": {
        "Accuracy": 0.9972,
        "Brier Score": 0.0023165742573843582,
        "Log Loss": 0.010965810717186003,
        "ECE": 0.007491488280370075
    },
    "Platt Scaling": {
        "Accuracy": 0.9972500000000001,
        "Brier Score": 0.0024563275132683925,
        "Log Loss": 0.01671144327702525,
        "ECE": 0.01078977659034806
    },
    "Isotonic Regression": {
        "Accuracy": 0.99715,
        "Brier Score": 0.0026050733826133354,
        "Log Loss": 0.06908163490700515,
        "ECE": 0.005963820242177588
    },
    "Beta Calibration": {
        "Accuracy": 0.9972,
        "Brier Score": 0.002686010670214029,
        "Log Loss": 0.024807322847217223,
        "ECE": 0.005270701508032052
    },
    "BBQ": {
        "Accuracy": 0.9972500000000001,
        "Brier Score": 0.0027106645046075196,
        "Log Loss": 0.05385537971257355,
        "ECE": 0.0044854945987058085
    },
    "Venn-Abers": {
        "Accuracy": 0.9953,
        "Brier Score": 0.00723751609993861,
        "Log Loss": 0.042379291894586946,
        "ECE": 0.051241564232345646
    }
}