{
    "Base Model": {
        "Accuracy": 0.94966336213001,
        "Brier Score": 0.03805332209190889,
        "Log Loss": 0.13773032041326344,
        "ECE": 0.009032400583070784
    },
    "Platt Scaling": {
        "Accuracy": 0.9492723174243498,
        "Brier Score": 0.03989031149276443,
        "Log Loss": 0.1513573356067016,
        "ECE": 0.03604812736247256
    },
    "Isotonic Regression": {
        "Accuracy": 0.9484465845253269,
        "Brier Score": 0.03896877086159714,
        "Log Loss": 0.1964812172204737,
        "ECE": 0.017896595436890043
    },
    "Beta Calibration": {
        "Accuracy": 0.9488812019071899,
        "Brier Score": 0.03820572412944257,
        "Log Loss": 0.1385574193561661,
        "ECE": 0.012791530949588424
    },
    "BBQ": {
        "Accuracy": 0.948750743520748,
        "Brier Score": 0.039405858504819515,
        "Log Loss": 0.15171868829674293,
        "ECE": 0.028473374089003824
    },
    "Venn-Abers": {
        "Accuracy": 0.9421219610064676,
        "Brier Score": 0.04436044931868546,
        "Log Loss": 0.1622882958310885,
        "ECE": 0.054966993227697866
    }
}