{
    "Base Model": {
        "Accuracy": 0.9911092236230921,
        "Brier Score": 0.0068959772342487725,
        "Log Loss": 0.02700298941303141,
        "ECE": 0.0095948587483317
    },
    "Platt Scaling": {
        "Accuracy": 0.9911092236230921,
        "Brier Score": 0.007456731968826425,
        "Log Loss": 0.03609735832204597,
        "ECE": 0.009279096611436319
    },
    "Isotonic Regression": {
        "Accuracy": 0.991328201725282,
        "Brier Score": 0.0071346513910188905,
        "Log Loss": 0.10384132932832307,
        "ECE": 0.012165023052830435
    },
    "Beta Calibration": {
        "Accuracy": 0.9912562707365626,
        "Brier Score": 0.007092337899724272,
        "Log Loss": 0.04467728693651503,
        "ECE": 0.009076552655619326
    },
    "BBQ": {
        "Accuracy": 0.9919113470471135,
        "Brier Score": 0.007341387285020709,
        "Log Loss": 0.08386894434708067,
        "ECE": 0.010040011710317355
    },
    "Venn-Abers": {
        "Accuracy": 0.9888499004644992,
        "Brier Score": 0.010433994968061909,
        "Log Loss": 0.059851231202351675,
        "ECE": 0.039255269498219614
    }
}