{
    "Base Model": {
        "Accuracy": 0.7396884814531873,
        "Brier Score": 0.18775637204209467,
        "Log Loss": 0.599445456005618,
        "ECE": 0.11489737342279667
    },
    "Platt Scaling": {
        "Accuracy": 0.737868601986249,
        "Brier Score": 0.17713231332297205,
        "Log Loss": 0.5320488440673422,
        "ECE": 0.06320751435458578
    },
    "Isotonic Regression": {
        "Accuracy": 0.7300483829895594,
        "Brier Score": 0.17959922500387213,
        "Log Loss": 0.812751328023226,
        "ECE": 0.05410597149260184
    },
    "Beta Calibration": {
        "Accuracy": 0.735783889313301,
        "Brier Score": 0.17378974013277135,
        "Log Loss": 0.5213515291800982,
        "ECE": 0.04567490760325887
    },
    "BBQ": {
        "Accuracy": 0.7321330956625074,
        "Brier Score": 0.18424536468836122,
        "Log Loss": 0.5523701635030752,
        "ECE": 0.08393695036738405
    },
    "Venn-Abers": {
        "Accuracy": 0.6960555131143364,
        "Brier Score": 0.1964706443406906,
        "Log Loss": 0.5776014252313295,
        "ECE": 0.08747129351650437
    }
}