{
    "Base Model": {
        "Accuracy": 0.7414999999999999,
        "Brier Score": 0.18037250924570777,
        "Log Loss": 0.5628113321413253,
        "ECE": 0.08386407889401302
    },
    "Platt Scaling": {
        "Accuracy": 0.7463000000000002,
        "Brier Score": 0.17382661387987874,
        "Log Loss": 0.5243041298633416,
        "ECE": 0.04363166880847166
    },
    "Isotonic Regression": {
        "Accuracy": 0.7419,
        "Brier Score": 0.17501180043488848,
        "Log Loss": 0.7408270676206976,
        "ECE": 0.043266099295404106
    },
    "Beta Calibration": {
        "Accuracy": 0.7467,
        "Brier Score": 0.17201119889071645,
        "Log Loss": 0.5180995153802566,
        "ECE": 0.03171504357149163
    },
    "BBQ": {
        "Accuracy": 0.7411000000000001,
        "Brier Score": 0.17958640645351281,
        "Log Loss": 0.5408817115041448,
        "ECE": 0.07443419542269453
    },
    "Venn-Abers": {
        "Accuracy": 0.7192000000000001,
        "Brier Score": 0.1895080610987253,
        "Log Loss": 0.5609345207157376,
        "ECE": 0.06844158457829788
    }
}