{
    "Base Model": {
        "Accuracy": 0.9858090789316085,
        "Brier Score": 0.013926819800956669,
        "Log Loss": 0.07463437985585333,
        "ECE": 0.013770156195666747
    },
    "Platt Scaling": {
        "Accuracy": 0.9851881320260767,
        "Brier Score": 0.014399016657355036,
        "Log Loss": 0.0750767577027241,
        "ECE": 0.015025936019078256
    },
    "Isotonic Regression": {
        "Accuracy": 0.9856848553291242,
        "Brier Score": 0.014031181734518821,
        "Log Loss": 0.11286405218790062,
        "ECE": 0.013548648782057178
    },
    "Beta Calibration": {
        "Accuracy": 0.9857263487500643,
        "Brier Score": 0.013882339475582584,
        "Log Loss": 0.06472457479268011,
        "ECE": 0.009407106884458921
    },
    "BBQ": {
        "Accuracy": 0.9859333025340931,
        "Brier Score": 0.013889916017563482,
        "Log Loss": 0.07475644773946087,
        "ECE": 0.0015738050967349642
    },
    "Venn-Abers": {
        "Accuracy": 0.9853134678233494,
        "Brier Score": 0.01636249950971428,
        "Log Loss": 0.07759605912096702,
        "ECE": 0.045886870651525434
    }
}