{
    "Base Model": {
        "Accuracy": 0.9876820963784928,
        "Brier Score": 0.012317903621507172,
        "Log Loss": 0.4439822486141556,
        "ECE": 0.02068368347762879
    },
    "Platt Scaling": {
        "Accuracy": 0.9876820963784928,
        "Brier Score": 0.011892131462405038,
        "Log Loss": 0.05947618448594211,
        "ECE": 0.0030536522188850225
    },
    "Isotonic Regression": {
        "Accuracy": 0.9876820963784928,
        "Brier Score": 0.01189131347812741,
        "Log Loss": 0.05951885142002453,
        "ECE": 0.0031217573626754246
    },
    "Beta Calibration": {
        "Accuracy": 0.9876820963784928,
        "Brier Score": 0.01189131363955248,
        "Log Loss": 0.05951884242142987,
        "ECE": 0.0031214989316795875
    },
    "BBQ": {
        "Accuracy": 0.9876820963784928,
        "Brier Score": 0.01189131347812741,
        "Log Loss": 0.05951885142002453,
        "ECE": 0.0031217573626754268
    },
    "Venn-Abers": {
        "Accuracy": 0.9876820963784928,
        "Brier Score": 0.011940418385703951,
        "Log Loss": 0.06051693462069665,
        "ECE": 0.005808820918132308
    }
}