{
    "Base Model": {
        "Accuracy": 0.998321629213483,
        "Brier Score": 0.0016783707865168538,
        "Log Loss": 0.06049461488763364,
        "ECE": 0.014828041525794351
    },
    "Platt Scaling": {
        "Accuracy": 0.9983497191011236,
        "Brier Score": 0.0013074154645199613,
        "Log Loss": 0.0081672924993383,
        "ECE": 0.004405179247812942
    },
    "Isotonic Regression": {
        "Accuracy": 0.998321629213483,
        "Brier Score": 0.0013238766320316229,
        "Log Loss": 0.009672813486877808,
        "ECE": 0.004601884817832124
    },
    "Beta Calibration": {
        "Accuracy": 0.9983286516853931,
        "Brier Score": 0.0013241056111717798,
        "Log Loss": 0.009401965952286125,
        "ECE": 0.004623211489025757
    },
    "BBQ": {
        "Accuracy": 0.998321629213483,
        "Brier Score": 0.0013316722094518388,
        "Log Loss": 0.009692664052184425,
        "ECE": 0.004949497871000464
    },
    "Venn-Abers": {
        "Accuracy": 0.9983567415730336,
        "Brier Score": 0.0013870454087283773,
        "Log Loss": 0.009462663322606263,
        "ECE": 0.0034492574056031668
    }
}