{
    "Base Model": {
        "Accuracy": 0.802859836449815,
        "Brier Score": 0.1971401635501849,
        "Log Loss": 7.105651724076733,
        "ECE": 0.19720851156064714
    },
    "Platt Scaling": {
        "Accuracy": 0.802859836449815,
        "Brier Score": 0.1583319621690271,
        "Log Loss": 0.49657480156122086,
        "ECE": 0.010169732768076178
    },
    "Isotonic Regression": {
        "Accuracy": 0.802859836449815,
        "Brier Score": 0.1583321593515659,
        "Log Loss": 0.4965797088589693,
        "ECE": 0.010137996007576276
    },
    "Beta Calibration": {
        "Accuracy": 0.802859836449815,
        "Brier Score": 0.15833216543218107,
        "Log Loss": 0.49657972801617567,
        "ECE": 0.010138108304304061
    },
    "BBQ": {
        "Accuracy": 0.802859836449815,
        "Brier Score": 0.1583321593515659,
        "Log Loss": 0.4965797088589693,
        "ECE": 0.010137996007576288
    },
    "Venn-Abers": {
        "Accuracy": 0.802859836449815,
        "Brier Score": 0.15878453463708422,
        "Log Loss": 0.4981317377502711,
        "ECE": 0.018447112693952293
    }
}