{
    "Base Model": {
        "Accuracy": 0.6237338970278313,
        "Brier Score": 0.3760118025309486,
        "Log Loss": 13.54676001705797,
        "ECE": 0.37575217255984206
    },
    "Platt Scaling": {
        "Accuracy": 0.6237338970278313,
        "Brier Score": 0.23478025445399833,
        "Log Loss": 0.6624014681958159,
        "ECE": 0.00721229780138499
    },
    "Isotonic Regression": {
        "Accuracy": 0.6237640487229595,
        "Brier Score": 0.2347889859642879,
        "Log Loss": 0.6624198227463259,
        "ECE": 0.006109353895512486
    },
    "Beta Calibration": {
        "Accuracy": 0.6237640487229595,
        "Brier Score": 0.23478830629917302,
        "Log Loss": 0.6624183836892392,
        "ECE": 0.007554044056597943
    },
    "BBQ": {
        "Accuracy": 0.6237565100895922,
        "Brier Score": 0.23480370616534074,
        "Log Loss": 0.6624501161010687,
        "ECE": 0.008025348607250469
    },
    "Venn-Abers": {
        "Accuracy": 0.6238092634931177,
        "Brier Score": 0.23530653458982642,
        "Log Loss": 0.6635330249218954,
        "ECE": 0.018930246809739294
    }
}