{
    "Base Model": {
        "Accuracy": 0.8984016573125417,
        "Brier Score": 0.10247069211775268,
        "Log Loss": 3.5864177352265005,
        "ECE": 0.21607306151389788
    },
    "Platt Scaling": {
        "Accuracy": 0.9403380440809898,
        "Brier Score": 0.055687433785762526,
        "Log Loss": 0.22307634109688387,
        "ECE": 0.005639218340997585
    },
    "Isotonic Regression": {
        "Accuracy": 0.9403380440809898,
        "Brier Score": 0.055676335102890676,
        "Log Loss": 0.22303224126249913,
        "ECE": 0.0050414817747754205
    },
    "Beta Calibration": {
        "Accuracy": 0.9403380440809898,
        "Brier Score": 0.05568272663700744,
        "Log Loss": 0.2230773297351951,
        "ECE": 0.005231627118358787
    },
    "BBQ": {
        "Accuracy": 0.9403380440809898,
        "Brier Score": 0.055754066273360985,
        "Log Loss": 0.22360781438582575,
        "ECE": 0.007025518709820614
    },
    "Venn-Abers": {
        "Accuracy": 0.9403176878468931,
        "Brier Score": 0.05602851985482162,
        "Log Loss": 0.22457435043356763,
        "ECE": 0.016035676046209767
    }
}