{
    "Base Model": {
        "Accuracy": 0.9813287745615094,
        "Brier Score": 0.01867061394547629,
        "Log Loss": 0.6560989662061567,
        "ECE": 0.06009208962340022
    },
    "Platt Scaling": {
        "Accuracy": 0.9805597037304785,
        "Brier Score": 0.015062540701785579,
        "Log Loss": 0.06946117184441446,
        "ECE": 0.00930075428317992
    },
    "Isotonic Regression": {
        "Accuracy": 0.9805597037304785,
        "Brier Score": 0.01504814485099259,
        "Log Loss": 0.06944312857861382,
        "ECE": 0.0082860968629438
    },
    "Beta Calibration": {
        "Accuracy": 0.9805597037304785,
        "Brier Score": 0.015048198868547098,
        "Log Loss": 0.06944257349868288,
        "ECE": 0.009046649640300226
    },
    "BBQ": {
        "Accuracy": 0.9805597037304785,
        "Brier Score": 0.01504814485099259,
        "Log Loss": 0.06944312857861382,
        "ECE": 0.008286096862943806
    },
    "Venn-Abers": {
        "Accuracy": 0.9796387116018371,
        "Brier Score": 0.015260717965220237,
        "Log Loss": 0.06943745827137349,
        "ECE": 0.013966543303506974
    }
}