{
    "Base Model": {
        "Accuracy": 0.9568611488014475,
        "Brier Score": 0.03809525110168026,
        "Log Loss": 1.1611684382592748,
        "ECE": 0.036945735321847
    },
    "Platt Scaling": {
        "Accuracy": 0.9576119402985076,
        "Brier Score": 0.037512470298916384,
        "Log Loss": 0.15913498149530517,
        "ECE": 0.02670256466745087
    },
    "Isotonic Regression": {
        "Accuracy": 0.957449118046133,
        "Brier Score": 0.03695768551204643,
        "Log Loss": 0.1575355612647507,
        "ECE": 0.010469485064270945
    },
    "Beta Calibration": {
        "Accuracy": 0.9579375848032565,
        "Brier Score": 0.036838443147490366,
        "Log Loss": 0.15707207146235183,
        "ECE": 0.013628423199736723
    },
    "BBQ": {
        "Accuracy": 0.9570872908186341,
        "Brier Score": 0.03731001029786984,
        "Log Loss": 0.15872604518825806,
        "ECE": 0.021907286973761608
    },
    "Venn-Abers": {
        "Accuracy": 0.9567616463138852,
        "Brier Score": 0.03803647695385374,
        "Log Loss": 0.1630950244727371,
        "ECE": 0.024961699697532216
    }
}