{
    "Base Model": {
        "Accuracy": 0.7511529627928342,
        "Brier Score": 0.24843489910258526,
        "Log Loss": 8.794141836789798,
        "ECE": 0.31421023616287164
    },
    "Platt Scaling": {
        "Accuracy": 0.8065227377124483,
        "Brier Score": 0.15047070372401664,
        "Log Loss": 0.47536006864936264,
        "ECE": 0.029355180373022066
    },
    "Isotonic Regression": {
        "Accuracy": 0.8065227377124483,
        "Brier Score": 0.1504203803548326,
        "Log Loss": 0.4751289040182114,
        "ECE": 0.014546806812773965
    },
    "Beta Calibration": {
        "Accuracy": 0.8065227377124483,
        "Brier Score": 0.15043461021157628,
        "Log Loss": 0.4752193455138556,
        "ECE": 0.028645148645979095
    },
    "BBQ": {
        "Accuracy": 0.8065227377124483,
        "Brier Score": 0.15037165431912927,
        "Log Loss": 0.4750369183159202,
        "ECE": 0.013919028569774372
    },
    "Venn-Abers": {
        "Accuracy": 0.8063206247129077,
        "Brier Score": 0.15077311587404435,
        "Log Loss": 0.47515559640947436,
        "ECE": 0.030446499822382154
    }
}