{
    "Base Model": {
        "Accuracy": 0.8252388974507302,
        "Brier Score": 0.17476110254926983,
        "Log Loss": 6.29902860618584,
        "ECE": 0.17447966031095968
    },
    "Platt Scaling": {
        "Accuracy": 0.8252388974507302,
        "Brier Score": 0.1442945884737599,
        "Log Loss": 0.4636136841739371,
        "ECE": 0.005287815263910077
    },
    "Isotonic Regression": {
        "Accuracy": 0.8252388974507302,
        "Brier Score": 0.1442938915501202,
        "Log Loss": 0.46361285532965296,
        "ECE": 0.0052212741151700034
    },
    "Beta Calibration": {
        "Accuracy": 0.8252388974507302,
        "Brier Score": 0.14429389537917933,
        "Log Loss": 0.4636128695094234,
        "ECE": 0.0052214999422897194
    },
    "BBQ": {
        "Accuracy": 0.8252388974507302,
        "Brier Score": 0.14429389155012023,
        "Log Loss": 0.46361285532965296,
        "ECE": 0.005221274115170022
    },
    "Venn-Abers": {
        "Accuracy": 0.8252388974507302,
        "Brier Score": 0.144575328228255,
        "Log Loss": 0.46459592399055444,
        "ECE": 0.013538249675438627
    }
}