{
    "Base Model": {
        "Accuracy": 0.8525721554116559,
        "Brier Score": 0.14742784458834415,
        "Log Loss": 5.313838130246906,
        "ECE": 0.1599503840965806
    },
    "Platt Scaling": {
        "Accuracy": 0.8525721554116559,
        "Brier Score": 0.1218181759184983,
        "Log Loss": 0.4039192380767919,
        "ECE": 0.0091722084729687
    },
    "Isotonic Regression": {
        "Accuracy": 0.8525721554116559,
        "Brier Score": 0.12182665313454688,
        "Log Loss": 0.4039533637776503,
        "ECE": 0.009456780691269633
    },
    "Beta Calibration": {
        "Accuracy": 0.8525721554116559,
        "Brier Score": 0.1218266613196516,
        "Log Loss": 0.40395339245690776,
        "ECE": 0.009457147827101593
    },
    "BBQ": {
        "Accuracy": 0.8525721554116559,
        "Brier Score": 0.12182665313454688,
        "Log Loss": 0.4039533637776503,
        "ECE": 0.009456780691269628
    },
    "Venn-Abers": {
        "Accuracy": 0.8525721554116559,
        "Brier Score": 0.12268588165598313,
        "Log Loss": 0.4070055047552997,
        "ECE": 0.026637059424123564
    }
}