{
    "Base Model": {
        "Accuracy": 0.62583,
        "Brier Score": 0.36137343436596325,
        "Log Loss": 12.561634269691867,
        "ECE": 0.35720018288382893
    },
    "Platt Scaling": {
        "Accuracy": 0.62606,
        "Brier Score": 0.23366260475282047,
        "Log Loss": 0.6601026684479304,
        "ECE": 0.004537443555892246
    },
    "Isotonic Regression": {
        "Accuracy": 0.62468,
        "Brier Score": 0.2337401115865693,
        "Log Loss": 0.6602591178396687,
        "ECE": 0.0067072022763515725
    },
    "Beta Calibration": {
        "Accuracy": 0.62468,
        "Brier Score": 0.233740351952992,
        "Log Loss": 0.660259601647211,
        "ECE": 0.0067187985768817115
    },
    "BBQ": {
        "Accuracy": 0.62517,
        "Brier Score": 0.23392685064741742,
        "Log Loss": 0.6606418918399954,
        "ECE": 0.012403540373829972
    },
    "Venn-Abers": {
        "Accuracy": 0.62439,
        "Brier Score": 0.23450035564510638,
        "Log Loss": 0.6618893849199433,
        "ECE": 0.022720526488066
    }
}