{
    "Base Model": {
        "Accuracy": 0.9047360395011402,
        "Brier Score": 0.09526396049885982,
        "Log Loss": 3.4336611726954516,
        "ECE": 0.10282165786139083
    },
    "Platt Scaling": {
        "Accuracy": 0.9047360395011402,
        "Brier Score": 0.08475591162364911,
        "Log Loss": 0.3067107552193625,
        "ECE": 0.007744862712519452
    },
    "Isotonic Regression": {
        "Accuracy": 0.9047360395011402,
        "Brier Score": 0.08474954903587312,
        "Log Loss": 0.30669169704305393,
        "ECE": 0.0071981131401917765
    },
    "Beta Calibration": {
        "Accuracy": 0.9047360395011402,
        "Brier Score": 0.08474954920155325,
        "Log Loss": 0.30669169397995427,
        "ECE": 0.007198983963916247
    },
    "BBQ": {
        "Accuracy": 0.9047360395011402,
        "Brier Score": 0.08474954903587312,
        "Log Loss": 0.30669169704305393,
        "ECE": 0.007198113140191778
    },
    "Venn-Abers": {
        "Accuracy": 0.9047360395011402,
        "Brier Score": 0.08514495433779351,
        "Log Loss": 0.3085041989511142,
        "ECE": 0.018024852702170354
    }
}