{
    "Base Model": {
        "Accuracy": 0.7580207413764461,
        "Brier Score": 0.24197925862355396,
        "Log Loss": 8.721816525182916,
        "ECE": 0.24161015450549314
    },
    "Platt Scaling": {
        "Accuracy": 0.7580207413764461,
        "Brier Score": 0.18360409731538088,
        "Log Loss": 0.5538290649606494,
        "ECE": 0.009476526541951713
    },
    "Isotonic Regression": {
        "Accuracy": 0.7580207413764461,
        "Brier Score": 0.1836012122710293,
        "Log Loss": 0.5538229347579254,
        "ECE": 0.009270379526799745
    },
    "Beta Calibration": {
        "Accuracy": 0.7580207413764461,
        "Brier Score": 0.18360123426481856,
        "Log Loss": 0.5538229976920835,
        "ECE": 0.009270919478227812
    },
    "BBQ": {
        "Accuracy": 0.7580207413764461,
        "Brier Score": 0.1836012122710293,
        "Log Loss": 0.5538229347579254,
        "ECE": 0.009270379526799731
    },
    "Venn-Abers": {
        "Accuracy": 0.7580207413764461,
        "Brier Score": 0.1842164841830892,
        "Log Loss": 0.5554815158894223,
        "ECE": 0.02262758703296849
    }
}