{
    "Base Model": {
        "Accuracy": 0.8227970627503338,
        "Brier Score": 0.1772029372496662,
        "Log Loss": 6.387041249760446,
        "ECE": 0.17805045393524133
    },
    "Platt Scaling": {
        "Accuracy": 0.8227970627503338,
        "Brier Score": 0.14545364701567892,
        "Log Loss": 0.46593832326992307,
        "ECE": 0.003526598358967706
    },
    "Isotonic Regression": {
        "Accuracy": 0.8227970627503338,
        "Brier Score": 0.1454548187494497,
        "Log Loss": 0.4659435835830359,
        "ECE": 0.0037122735785532933
    },
    "Beta Calibration": {
        "Accuracy": 0.8227970627503338,
        "Brier Score": 0.14545482387580264,
        "Log Loss": 0.4659436048788988,
        "ECE": 0.003711063776338932
    },
    "BBQ": {
        "Accuracy": 0.8227970627503338,
        "Brier Score": 0.1454548187494497,
        "Log Loss": 0.4659435835830359,
        "ECE": 0.0037122735785532616
    },
    "Venn-Abers": {
        "Accuracy": 0.8227970627503338,
        "Brier Score": 0.14560728425059313,
        "Log Loss": 0.4664449322439457,
        "ECE": 0.010050896609317954
    }
}