{
    "Base Model": {
        "Accuracy": 0.7396670386462288,
        "Brier Score": 0.26016088805552595,
        "Log Loss": 9.37238726026418,
        "ECE": 0.259998524552732
    },
    "Platt Scaling": {
        "Accuracy": 0.7397120754080829,
        "Brier Score": 0.19259769196431756,
        "Log Loss": 0.5735212655897811,
        "ECE": 0.008185890158513063
    },
    "Isotonic Regression": {
        "Accuracy": 0.7397249371444174,
        "Brier Score": 0.19258933305113424,
        "Log Loss": 0.5735049467864514,
        "ECE": 0.007988434614684577
    },
    "Beta Calibration": {
        "Accuracy": 0.7397699635639298,
        "Brier Score": 0.1925890387382959,
        "Log Loss": 0.5735042094776373,
        "ECE": 0.008119172143003279
    },
    "BBQ": {
        "Accuracy": 0.7396863395246039,
        "Brier Score": 0.19263348370391584,
        "Log Loss": 0.5736077523202652,
        "ECE": 0.009280169728328366
    },
    "Venn-Abers": {
        "Accuracy": 0.7397313783549264,
        "Brier Score": 0.19292963351839834,
        "Log Loss": 0.5743847891042815,
        "ECE": 0.016754471148642057
    }
}