{
    "Base Model": {
        "Accuracy": 0.85033,
        "Brier Score": 0.14967,
        "Log Loss": 5.394653602749164,
        "ECE": 0.1547989271553334
    },
    "Platt Scaling": {
        "Accuracy": 0.85033,
        "Brier Score": 0.12570182491854845,
        "Log Loss": 0.4161531541340759,
        "ECE": 0.00800396813292544
    },
    "Isotonic Regression": {
        "Accuracy": 0.85033,
        "Brier Score": 0.12570062169405907,
        "Log Loss": 0.4161518797855536,
        "ECE": 0.008014048796375182
    },
    "Beta Calibration": {
        "Accuracy": 0.85033,
        "Brier Score": 0.12570062045817074,
        "Log Loss": 0.41615186985714836,
        "ECE": 0.008014252885722035
    },
    "BBQ": {
        "Accuracy": 0.85033,
        "Brier Score": 0.12570062169405907,
        "Log Loss": 0.4161518797855536,
        "ECE": 0.008014048796375161
    },
    "Venn-Abers": {
        "Accuracy": 0.85033,
        "Brier Score": 0.12606181422322135,
        "Log Loss": 0.4174461583656748,
        "ECE": 0.017784993456999566
    }
}