{
    "Base Model": {
        "Accuracy": 0.7384647939681497,
        "Brier Score": 0.2615352060318503,
        "Log Loss": 9.426684315263355,
        "ECE": 0.28288207220632805
    },
    "Platt Scaling": {
        "Accuracy": 0.7384647939681497,
        "Brier Score": 0.18138985284254994,
        "Log Loss": 0.5455393584422659,
        "ECE": 0.005094709238315898
    },
    "Isotonic Regression": {
        "Accuracy": 0.7384647939681497,
        "Brier Score": 0.1813896808442884,
        "Log Loss": 0.5455387831892048,
        "ECE": 0.005106270995733611
    },
    "Beta Calibration": {
        "Accuracy": 0.7384647939681497,
        "Brier Score": 0.18138967765061564,
        "Log Loss": 0.5455387716466805,
        "ECE": 0.0051062541941669995
    },
    "BBQ": {
        "Accuracy": 0.7384647939681497,
        "Brier Score": 0.1813896808442884,
        "Log Loss": 0.5455387831892048,
        "ECE": 0.00510627099573361
    },
    "Venn-Abers": {
        "Accuracy": 0.7372811454019508,
        "Brier Score": 0.1819198314971177,
        "Log Loss": 0.5467965168587204,
        "ECE": 0.01727176446210995
    }
}