{
    "Base Model": {
        "Accuracy": 0.9126103097856845,
        "Brier Score": 0.0873896902143156,
        "Log Loss": 3.149843703867114,
        "ECE": 0.08718312622263903
    },
    "Platt Scaling": {
        "Accuracy": 0.9126103097856845,
        "Brier Score": 0.07979447639167132,
        "Log Loss": 0.29668743937702585,
        "ECE": 0.006748157421462993
    },
    "Isotonic Regression": {
        "Accuracy": 0.9126103097856845,
        "Brier Score": 0.07979448767440019,
        "Log Loss": 0.29669975112767855,
        "ECE": 0.006854564762949095
    },
    "Beta Calibration": {
        "Accuracy": 0.9126103097856845,
        "Brier Score": 0.07979448719473962,
        "Log Loss": 0.29669974895481027,
        "ECE": 0.0068546263178685726
    },
    "BBQ": {
        "Accuracy": 0.9126103097856845,
        "Brier Score": 0.07979448767440019,
        "Log Loss": 0.29669975112767855,
        "ECE": 0.006854564762949089
    },
    "Venn-Abers": {
        "Accuracy": 0.9126103097856845,
        "Brier Score": 0.08003956770725215,
        "Log Loss": 0.29836694386754403,
        "ECE": 0.014731096413850002
    }
}