{
    "Base Model": {
        "Accuracy": 0.929816661305886,
        "Brier Score": 0.07018333869411386,
        "Log Loss": 2.529663933581654,
        "ECE": 0.07462082417676422
    },
    "Platt Scaling": {
        "Accuracy": 0.929816661305886,
        "Brier Score": 0.06462346951177127,
        "Log Loss": 0.24952141260374622,
        "ECE": 0.004832177050343064
    },
    "Isotonic Regression": {
        "Accuracy": 0.929816661305886,
        "Brier Score": 0.06462400047961413,
        "Log Loss": 0.24952853892972512,
        "ECE": 0.0048536621841736545
    },
    "Beta Calibration": {
        "Accuracy": 0.929816661305886,
        "Brier Score": 0.06462399948150357,
        "Log Loss": 0.24952852885510837,
        "ECE": 0.004853744030130103
    },
    "BBQ": {
        "Accuracy": 0.929816661305886,
        "Brier Score": 0.06462400047961413,
        "Log Loss": 0.24952853892972512,
        "ECE": 0.004853662184173646
    },
    "Venn-Abers": {
        "Accuracy": 0.929816661305886,
        "Brier Score": 0.06473831586764672,
        "Log Loss": 0.25040314299247174,
        "ECE": 0.009879343030945127
    }
}