{
    "Accuracy": {
        "Statistic": 28.43434343434341,
        "p-value": 2.9930524646946218e-05
    }
}