{
    "Base Model vs Platt Scaling": {
        "Statistic": 34.0,
        "p-value": 0.014097354120504295,
        "Significant": "True",
        "Adjusted p-value": 0.030208615972509203
    },
    "Base Model vs Isotonic Regression": {
        "Statistic": 34.0,
        "p-value": 0.014097354120504295,
        "Significant": "True",
        "Adjusted p-value": 0.030208615972509203
    },
    "Base Model vs Beta Calibration": {
        "Statistic": 103.0,
        "p-value": 0.956329345703125,
        "Significant": "False",
        "Adjusted p-value": 0.956329345703125
    },
    "Base Model vs BBQ": {
        "Statistic": 34.0,
        "p-value": 0.006389617919921875,
        "Significant": "True",
        "Adjusted p-value": 0.019168853759765625
    },
    "Base Model vs Venn-Abers": {
        "Statistic": 94.0,
        "p-value": 0.7011814117431641,
        "Significant": "False",
        "Adjusted p-value": 0.8764767646789551
    },
    "Platt Scaling vs Isotonic Regression": {
        "Statistic": 74.0,
        "p-value": 0.26109886169433594,
        "Significant": "False",
        "Adjusted p-value": 0.3780554130356095
    },
    "Platt Scaling vs Beta Calibration": {
        "Statistic": 44.0,
        "p-value": 0.021484375,
        "Significant": "True",
        "Adjusted p-value": 0.040283203125
    },
    "Platt Scaling vs BBQ": {
        "Statistic": 68.0,
        "p-value": 0.2772406362261136,
        "Significant": "False",
        "Adjusted p-value": 0.3780554130356095
    },
    "Platt Scaling vs Venn-Abers": {
        "Statistic": 41.0,
        "p-value": 0.02977446084184663,
        "Significant": "True",
        "Adjusted p-value": 0.04962410140307772
    },
    "Isotonic Regression vs Beta Calibration": {
        "Statistic": 16.0,
        "p-value": 0.0014771661952373799,
        "Significant": "True",
        "Adjusted p-value": 0.0055393732321401745
    },
    "Isotonic Regression vs BBQ": {
        "Statistic": 98.0,
        "p-value": 0.8123550415039062,
        "Significant": "False",
        "Adjusted p-value": 0.9373327401968149
    },
    "Isotonic Regression vs Venn-Abers": {
        "Statistic": 17.0,
        "p-value": 0.0003948211669921875,
        "Significant": "True",
        "Adjusted p-value": 0.004391670227050781
    },
    "Beta Calibration vs BBQ": {
        "Statistic": 19.0,
        "p-value": 0.0005855560302734375,
        "Significant": "True",
        "Adjusted p-value": 0.004391670227050781
    },
    "Beta Calibration vs Venn-Abers": {
        "Statistic": 103.0,
        "p-value": 0.956329345703125,
        "Significant": "False",
        "Adjusted p-value": 0.956329345703125
    },
    "BBQ vs Venn-Abers": {
        "Statistic": 15.0,
        "p-value": 0.001284705613291876,
        "Significant": "True",
        "Adjusted p-value": 0.0055393732321401745
    }
}