{
    "ECE": {
        "Statistic": 54.80000000000001,
        "p-value": 1.4350668756772247e-10
    },
    "Log Loss": {
        "Statistic": 77.05714285714282,
        "p-value": 3.4600939108329368e-15
    }
}