{
    "ECE": {
        "Statistic": 67.28571428571428,
        "p-value": 3.7584742367302467e-13
    },
    "Log Loss": {
        "Statistic": 76.66908563134979,
        "p-value": 4.170123737636948e-15
    }
}