{
    "Base Model vs Platt Scaling": {
        "Statistic": 0.0,
        "p-value": 1.9073486328125e-06,
        "Significant": "True",
        "Adjusted p-value": 5.7220458984375e-06
    },
    "Base Model vs Isotonic Regression": {
        "Statistic": 0.0,
        "p-value": 1.9073486328125e-06,
        "Significant": "True",
        "Adjusted p-value": 5.7220458984375e-06
    },
    "Base Model vs Beta Calibration": {
        "Statistic": 0.0,
        "p-value": 1.9073486328125e-06,
        "Significant": "True",
        "Adjusted p-value": 5.7220458984375e-06
    },
    "Base Model vs BBQ": {
        "Statistic": 0.0,
        "p-value": 1.9073486328125e-06,
        "Significant": "True",
        "Adjusted p-value": 5.7220458984375e-06
    },
    "Base Model vs Venn-Abers": {
        "Statistic": 0.0,
        "p-value": 1.9073486328125e-06,
        "Significant": "True",
        "Adjusted p-value": 5.7220458984375e-06
    },
    "Platt Scaling vs Isotonic Regression": {
        "Statistic": 87.0,
        "p-value": 0.5216732025146484,
        "Significant": "False",
        "Adjusted p-value": 0.5589355741228376
    },
    "Platt Scaling vs Beta Calibration": {
        "Statistic": 90.0,
        "p-value": 0.5958194732666016,
        "Significant": "False",
        "Adjusted p-value": 0.5958194732666016
    },
    "Platt Scaling vs BBQ": {
        "Statistic": 78.0,
        "p-value": 0.3299827575683594,
        "Significant": "False",
        "Adjusted p-value": 0.4124784469604492
    },
    "Platt Scaling vs Venn-Abers": {
        "Statistic": 1.0,
        "p-value": 3.814697265625e-06,
        "Significant": "True",
        "Adjusted p-value": 7.152557373046875e-06
    },
    "Isotonic Regression vs Beta Calibration": {
        "Statistic": 60.0,
        "p-value": 0.09730720520019531,
        "Significant": "False",
        "Adjusted p-value": 0.14596080780029297
    },
    "Isotonic Regression vs BBQ": {
        "Statistic": 70.5,
        "p-value": 0.19771487587658687,
        "Significant": "False",
        "Adjusted p-value": 0.2696111943771639
    },
    "Isotonic Regression vs Venn-Abers": {
        "Statistic": 1.0,
        "p-value": 3.814697265625e-06,
        "Significant": "True",
        "Adjusted p-value": 7.152557373046875e-06
    },
    "Beta Calibration vs BBQ": {
        "Statistic": 83.0,
        "p-value": 0.4304332733154297,
        "Significant": "False",
        "Adjusted p-value": 0.49665377690241885
    },
    "Beta Calibration vs Venn-Abers": {
        "Statistic": 1.0,
        "p-value": 3.814697265625e-06,
        "Significant": "True",
        "Adjusted p-value": 7.152557373046875e-06
    },
    "BBQ vs Venn-Abers": {
        "Statistic": 2.0,
        "p-value": 5.7220458984375e-06,
        "Significant": "True",
        "Adjusted p-value": 9.5367431640625e-06
    }
}