{
    "Base Model": {
        "Accuracy": 0.9315360501567398,
        "Brier Score": 0.052562063710484754,
        "Log Loss": 0.19271910162808095,
        "ECE": 0.018382118206772657
    },
    "Platt Scaling": {
        "Accuracy": 0.9323510971786834,
        "Brier Score": 0.052554944166608886,
        "Log Loss": 0.1831241305996666,
        "ECE": 0.019457162381226994
    },
    "Isotonic Regression": {
        "Accuracy": 0.9309090909090908,
        "Brier Score": 0.053283733099726206,
        "Log Loss": 0.26349422154995306,
        "ECE": 0.02563364551015698
    },
    "Beta Calibration": {
        "Accuracy": 0.9310971786833858,
        "Brier Score": 0.05261709926077121,
        "Log Loss": 0.1849190946800327,
        "ECE": 0.018341968250132967
    },
    "BBQ": {
        "Accuracy": 0.9302194357366771,
        "Brier Score": 0.0555273821419689,
        "Log Loss": 0.20773309466775372,
        "ECE": 0.038308434966358794
    },
    "Venn-Abers": {
        "Accuracy": 0.9286206896551722,
        "Brier Score": 0.05656973022894851,
        "Log Loss": 0.20374967724810822,
        "ECE": 0.057693159831151336
    }
}