{
    "Base Model": {
        "Accuracy": 0.9653764997277214,
        "Brier Score": 0.027264926152131004,
        "Log Loss": 0.105202516367778,
        "ECE": 0.024458638780944703
    },
    "Platt Scaling": {
        "Accuracy": 0.9643161241590107,
        "Brier Score": 0.027751461103374883,
        "Log Loss": 0.1064166464530795,
        "ECE": 0.0317341836357169
    },
    "Isotonic Regression": {
        "Accuracy": 0.9667281957594812,
        "Brier Score": 0.026533459974060602,
        "Log Loss": 0.14570351715358137,
        "ECE": 0.021489454727003397
    },
    "Beta Calibration": {
        "Accuracy": 0.9652439088657403,
        "Brier Score": 0.027444800409877207,
        "Log Loss": 0.10785612809979359,
        "ECE": 0.026066128033642295
    },
    "BBQ": {
        "Accuracy": 0.9660920125775115,
        "Brier Score": 0.026985068546029528,
        "Log Loss": 0.10780095437118277,
        "ECE": 0.03349626291277565
    },
    "Venn-Abers": {
        "Accuracy": 0.9646602490909411,
        "Brier Score": 0.02863526759865964,
        "Log Loss": 0.11198085758644905,
        "ECE": 0.046243537655588446
    }
}