{
    "Base Model": {
        "Accuracy": 0.8550498136911664,
        "Brier Score": 0.10768660564068357,
        "Log Loss": 0.35348103374309964,
        "ECE": 0.02168412215144101
    },
    "Platt Scaling": {
        "Accuracy": 0.8570885163963032,
        "Brier Score": 0.10763773891809933,
        "Log Loss": 0.3536603793826192,
        "ECE": 0.02009944498521872
    },
    "Isotonic Regression": {
        "Accuracy": 0.8568041562067296,
        "Brier Score": 0.10905892323145774,
        "Log Loss": 0.47854951199187246,
        "ECE": 0.03496453574529528
    },
    "Beta Calibration": {
        "Accuracy": 0.8567093694768718,
        "Brier Score": 0.10769468821337469,
        "Log Loss": 0.35405528703754535,
        "ECE": 0.021166155060087642
    },
    "BBQ": {
        "Accuracy": 0.856043385754973,
        "Brier Score": 0.1117411084676537,
        "Log Loss": 0.3769995179423065,
        "ECE": 0.05769520695915748
    },
    "Venn-Abers": {
        "Accuracy": 0.8540528644279588,
        "Brier Score": 0.1104977130732057,
        "Log Loss": 0.3613351189419016,
        "ECE": 0.051279772938443394
    }
}