{
    "Base Model": {
        "Accuracy": 0.8591304347826086,
        "Brier Score": 0.10515177092765957,
        "Log Loss": 0.3497276319617913,
        "ECE": 0.03130141497922709
    },
    "Platt Scaling": {
        "Accuracy": 0.84768115942029,
        "Brier Score": 0.10739142640871446,
        "Log Loss": 0.35481970028724175,
        "ECE": 0.048392953845009676
    },
    "Isotonic Regression": {
        "Accuracy": 0.8478260869565217,
        "Brier Score": 0.10968928251855163,
        "Log Loss": 0.7621177089424801,
        "ECE": 0.045647615167366914
    },
    "Beta Calibration": {
        "Accuracy": 0.8510144927536233,
        "Brier Score": 0.10663748660876177,
        "Log Loss": 0.3565701291991974,
        "ECE": 0.040702060698270655
    },
    "BBQ": {
        "Accuracy": 0.8444927536231884,
        "Brier Score": 0.11391064836569158,
        "Log Loss": 0.3790115374894982,
        "ECE": 0.0850274273696486
    },
    "Venn-Abers": {
        "Accuracy": 0.8414492753623191,
        "Brier Score": 0.12087633841122723,
        "Log Loss": 0.3950408010261571,
        "ECE": 0.11406720624878065
    }
}