{
    "Base Model": {
        "Accuracy": 0.7686223580341227,
        "Brier Score": 0.1586479125348886,
        "Log Loss": 0.487409713069611,
        "ECE": 0.03421580104870036
    },
    "Platt Scaling": {
        "Accuracy": 0.767969612087259,
        "Brier Score": 0.15994227614733073,
        "Log Loss": 0.490767949762734,
        "ECE": 0.04099153219818466
    },
    "Isotonic Regression": {
        "Accuracy": 0.7643239113827349,
        "Brier Score": 0.1645594831001285,
        "Log Loss": 0.8418511869538515,
        "ECE": 0.04948156393232866
    },
    "Beta Calibration": {
        "Accuracy": 0.7674450386215093,
        "Brier Score": 0.16081450366598066,
        "Log Loss": 0.49669668908157727,
        "ECE": 0.04684627044528221
    },
    "BBQ": {
        "Accuracy": 0.763414820473644,
        "Brier Score": 0.16558799341576397,
        "Log Loss": 0.5104441149930357,
        "ECE": 0.0695481941329465
    },
    "Venn-Abers": {
        "Accuracy": 0.7529929547576606,
        "Brier Score": 0.16907157776968065,
        "Log Loss": 0.5108550508404865,
        "ECE": 0.07193331873523322
    }
}