{
    "Base Model": {
        "Accuracy": 0.8640758293838863,
        "Brier Score": 0.10057846316939685,
        "Log Loss": 0.34366494775718637,
        "ECE": 0.023551490623989407
    },
    "Platt Scaling": {
        "Accuracy": 0.8623696682464456,
        "Brier Score": 0.10417043086047782,
        "Log Loss": 0.3446423741069923,
        "ECE": 0.053524113966781764
    },
    "Isotonic Regression": {
        "Accuracy": 0.8552606635071089,
        "Brier Score": 0.10489917138049944,
        "Log Loss": 0.5027291276546743,
        "ECE": 0.03632991118624688
    },
    "Beta Calibration": {
        "Accuracy": 0.8603791469194314,
        "Brier Score": 0.1026486136139142,
        "Log Loss": 0.33949862738878755,
        "ECE": 0.04110291025822563
    },
    "BBQ": {
        "Accuracy": 0.8593364928909952,
        "Brier Score": 0.10592315521918684,
        "Log Loss": 0.35407900146849636,
        "ECE": 0.0643344893850037
    },
    "Venn-Abers": {
        "Accuracy": 0.8538388625592416,
        "Brier Score": 0.11196192926515697,
        "Log Loss": 0.3687936061025765,
        "ECE": 0.0917990069639919
    }
}