{
    "Base Model": {
        "Accuracy": 0.99495,
        "Brier Score": 0.004451013892245228,
        "Log Loss": 0.022621089460834215,
        "ECE": 0.0013639488015682745
    },
    "Platt Scaling": {
        "Accuracy": 0.9947500000000001,
        "Brier Score": 0.004708968948521785,
        "Log Loss": 0.021297093364342348,
        "ECE": 0.0022291939807351406
    },
    "Isotonic Regression": {
        "Accuracy": 0.9939,
        "Brier Score": 0.004582610127675621,
        "Log Loss": 0.07181232763632402,
        "ECE": 0.006446307847613979
    },
    "Beta Calibration": {
        "Accuracy": 0.9944999999999999,
        "Brier Score": 0.004446475966105428,
        "Log Loss": 0.030275110467108145,
        "ECE": 0.0011679876386075632
    },
    "BBQ": {
        "Accuracy": 0.9947999999999999,
        "Brier Score": 0.005065937992060128,
        "Log Loss": 0.05611345416723772,
        "ECE": 0.006673837043638331
    },
    "Venn-Abers": {
        "Accuracy": 0.9880999999999999,
        "Brier Score": 0.01089769074411243,
        "Log Loss": 0.057834705495724704,
        "ECE": 0.07020092386561652
    }
}