{
    "Base Model": {
        "Accuracy": 0.9973160173160173,
        "Brier Score": 0.002170438673341864,
        "Log Loss": 0.010133613454062006,
        "ECE": 0.0002801851428922526
    },
    "Platt Scaling": {
        "Accuracy": 0.9975757575757576,
        "Brier Score": 0.003237746151176986,
        "Log Loss": 0.020760833795270238,
        "ECE": 0.006625460692629369
    },
    "Isotonic Regression": {
        "Accuracy": 0.9957575757575757,
        "Brier Score": 0.003418848050385723,
        "Log Loss": 0.0833038679936996,
        "ECE": 0.010002264866172101
    },
    "Beta Calibration": {
        "Accuracy": 0.9961904761904762,
        "Brier Score": 0.003319146653594225,
        "Log Loss": 0.028610487811201287,
        "ECE": 0.0009653639593349847
    },
    "BBQ": {
        "Accuracy": 0.9972294372294371,
        "Brier Score": 0.0027080820635268636,
        "Log Loss": 0.0404002696167894,
        "ECE": 0.004431844597675946
    },
    "Venn-Abers": {
        "Accuracy": 0.9913852813852815,
        "Brier Score": 0.009361180838252183,
        "Log Loss": 0.05678630266423654,
        "ECE": 0.07348959764586091
    }
}