{
    "Base Model": {
        "Accuracy": 0.9986999999999999,
        "Brier Score": 0.0014657055111617903,
        "Log Loss": 0.016443593585595134,
        "ECE": 0.0
    },
    "Platt Scaling": {
        "Accuracy": 0.9986499999999999,
        "Brier Score": 0.0015225701744095905,
        "Log Loss": 0.015703043070473918,
        "ECE": 0.0
    },
    "Isotonic Regression": {
        "Accuracy": 0.9987999999999999,
        "Brier Score": 0.0012513406540162575,
        "Log Loss": 0.03441675646191359,
        "ECE": 0.0006960066650822752
    },
    "Beta Calibration": {
        "Accuracy": 0.9987,
        "Brier Score": 0.001251556314637452,
        "Log Loss": 0.016127725611824087,
        "ECE": 0.0
    },
    "BBQ": {
        "Accuracy": 0.9986999999999999,
        "Brier Score": 0.0012957122891772512,
        "Log Loss": 0.03429523212630533,
        "ECE": 0.0005610122780859901
    },
    "Venn-Abers": {
        "Accuracy": 0.9919500000000001,
        "Brier Score": 0.010214838638735187,
        "Log Loss": 0.061872025750194404,
        "ECE": 0.07900676296499146
    }
}