{
    "Base Model": {
        "Accuracy": 0.8549000000000001,
        "Brier Score": 0.09469204038238828,
        "Log Loss": 0.3066811488512691,
        "ECE": 0.10016667347419332
    },
    "Platt Scaling": {
        "Accuracy": 0.8546,
        "Brier Score": 0.09462604991039719,
        "Log Loss": 0.30737312415091167,
        "ECE": 0.09989424820598142
    },
    "Isotonic Regression": {
        "Accuracy": 0.86836,
        "Brier Score": 0.0852598309665194,
        "Log Loss": 0.31517070840464584,
        "ECE": 0.026846674340853638
    },
    "Beta Calibration": {
        "Accuracy": 0.8531599999999999,
        "Brier Score": 0.0912472133873444,
        "Log Loss": 0.2992403097568992,
        "ECE": 0.08206057601282948
    },
    "BBQ": {
        "Accuracy": 0.8724799999999999,
        "Brier Score": 0.08685918484746022,
        "Log Loss": 0.28962272781935366,
        "ECE": 0.060880332065545065
    },
    "Venn-Abers": {
        "Accuracy": 0.86834,
        "Brier Score": 0.08686364847843282,
        "Log Loss": 0.2882021529927395,
        "ECE": 0.0468975663720836
    }
}