{
    "Base Model": {
        "Accuracy": 0.7485199467376833,
        "Brier Score": 0.1881295536012242,
        "Log Loss": 0.6570377126229637,
        "ECE": 0.10227548849305865
    },
    "Platt Scaling": {
        "Accuracy": 0.7484135996449178,
        "Brier Score": 0.1816643454134618,
        "Log Loss": 0.5523867280239187,
        "ECE": 0.060955516112799445
    },
    "Isotonic Regression": {
        "Accuracy": 0.7473996981802042,
        "Brier Score": 0.17969274794205872,
        "Log Loss": 0.5985261897758819,
        "ECE": 0.02727914035434617
    },
    "Beta Calibration": {
        "Accuracy": 0.7479065778961385,
        "Brier Score": 0.18175216618117868,
        "Log Loss": 0.5532317947897643,
        "ECE": 0.06143539499822333
    },
    "BBQ": {
        "Accuracy": 0.7462799822458943,
        "Brier Score": 0.18040382956850348,
        "Log Loss": 0.5442714795808169,
        "ECE": 0.04269557189387154
    },
    "Venn-Abers": {
        "Accuracy": 0.7442002308033733,
        "Brier Score": 0.18145469755689994,
        "Log Loss": 0.5465644263739763,
        "ECE": 0.04845946418187977
    }
}