{
    "Base Model": {
        "Accuracy": 0.923799697870934,
        "Brier Score": 0.060496740281148105,
        "Log Loss": 0.23373424954152117,
        "ECE": 0.04919995288180777
    },
    "Platt Scaling": {
        "Accuracy": 0.9250167587216163,
        "Brier Score": 0.06209043181604714,
        "Log Loss": 0.2355752763278315,
        "ECE": 0.06228569978547986
    },
    "Isotonic Regression": {
        "Accuracy": 0.9265597413019871,
        "Brier Score": 0.058586686941207784,
        "Log Loss": 0.25645764005754984,
        "ECE": 0.02273601828780715
    },
    "Beta Calibration": {
        "Accuracy": 0.9258864891658405,
        "Brier Score": 0.0595403948256953,
        "Log Loss": 0.22406729741233442,
        "ECE": 0.036360173484541944
    },
    "BBQ": {
        "Accuracy": 0.9252774394561676,
        "Brier Score": 0.059433506473788575,
        "Log Loss": 0.21550192967621992,
        "ECE": 0.03760731813530757
    },
    "Venn-Abers": {
        "Accuracy": 0.924907945050276,
        "Brier Score": 0.06089310970372289,
        "Log Loss": 0.21950762353315412,
        "ECE": 0.053403852254459004
    }
}