{
    "Base Model": {
        "Accuracy": 0.7733807606263982,
        "Brier Score": 0.15528536381334812,
        "Log Loss": 0.4803836416761278,
        "ECE": 0.0394727765100575
    },
    "Platt Scaling": {
        "Accuracy": 0.7756554809843399,
        "Brier Score": 0.15642911576542695,
        "Log Loss": 0.4830405712765581,
        "ECE": 0.04931111993467465
    },
    "Isotonic Regression": {
        "Accuracy": 0.7807284116331097,
        "Brier Score": 0.15797194162703368,
        "Log Loss": 0.6994754637446415,
        "ECE": 0.04275980231206629
    },
    "Beta Calibration": {
        "Accuracy": 0.7753897091722596,
        "Brier Score": 0.15646667369782144,
        "Log Loss": 0.48827847462122326,
        "ECE": 0.046838235828044736
    },
    "BBQ": {
        "Accuracy": 0.7673780760626399,
        "Brier Score": 0.16176333033232657,
        "Log Loss": 0.5109614618127339,
        "ECE": 0.08245733029074083
    },
    "Venn-Abers": {
        "Accuracy": 0.7712438478747203,
        "Brier Score": 0.1634543912408084,
        "Log Loss": 0.5004560200889216,
        "ECE": 0.08174387578331485
    }
}