{
    "Base Model": {
        "Accuracy": 0.9607008020344289,
        "Brier Score": 0.03112398922702998,
        "Log Loss": 0.1172906270704966,
        "ECE": 0.04080768285398848
    },
    "Platt Scaling": {
        "Accuracy": 0.9606069053208138,
        "Brier Score": 0.029893683132166657,
        "Log Loss": 0.1069878867863237,
        "ECE": 0.0235621373169744
    },
    "Isotonic Regression": {
        "Accuracy": 0.9622031005477308,
        "Brier Score": 0.0292154566723805,
        "Log Loss": 0.18755467758227265,
        "ECE": 0.025105510517379352
    },
    "Beta Calibration": {
        "Accuracy": 0.9625156494522692,
        "Brier Score": 0.029129014499799703,
        "Log Loss": 0.10345573936745966,
        "ECE": 0.017143336242488604
    },
    "BBQ": {
        "Accuracy": 0.9622031494522694,
        "Brier Score": 0.02976918849053784,
        "Log Loss": 0.11620623215825476,
        "ECE": 0.039654087562449425
    },
    "Venn-Abers": {
        "Accuracy": 0.9594187695618155,
        "Brier Score": 0.032451192215068154,
        "Log Loss": 0.12702537559465077,
        "ECE": 0.05994904161637602
    }
}