{
    "Base Model": {
        "Accuracy": 0.9900881220968814,
        "Brier Score": 0.007980109762418757,
        "Log Loss": 0.028070058660582084,
        "ECE": 0.0074691097438507985
    },
    "Platt Scaling": {
        "Accuracy": 0.9878290643662906,
        "Brier Score": 0.009302986770685903,
        "Log Loss": 0.03834718751063504,
        "ECE": 0.0169248731627708
    },
    "Isotonic Regression": {
        "Accuracy": 0.9888467153284672,
        "Brier Score": 0.007602550501001036,
        "Log Loss": 0.1039460324889194,
        "ECE": 0.022289293026427855
    },
    "Beta Calibration": {
        "Accuracy": 0.9890675514266757,
        "Brier Score": 0.008249792992947329,
        "Log Loss": 0.045258318582884344,
        "ECE": 0.00787769650993763
    },
    "BBQ": {
        "Accuracy": 0.988119708029197,
        "Brier Score": 0.0087682671123796,
        "Log Loss": 0.04563808884359463,
        "ECE": 0.046860983572946074
    },
    "Venn-Abers": {
        "Accuracy": 0.9834587923025879,
        "Brier Score": 0.018761992736047485,
        "Log Loss": 0.09981816753801981,
        "ECE": 0.10158759354015306
    }
}