{
    "Accuracy": {
        "Statistic": 63.23383084577121,
        "p-value": 2.6039209577716e-12
    }
}