{
    "Base Model": {
        "Accuracy": 0.91646,
        "Brier Score": 0.08353999999999999,
        "Log Loss": 3.011086804126847,
        "ECE": 0.11958279064699381
    },
    "Platt Scaling": {
        "Accuracy": 0.91646,
        "Brier Score": 0.069039650470616,
        "Log Loss": 0.2523826616030995,
        "ECE": 0.0046274690991073295
    },
    "Isotonic Regression": {
        "Accuracy": 0.91646,
        "Brier Score": 0.06904300387517076,
        "Log Loss": 0.2523886183575866,
        "ECE": 0.005184437378339799
    },
    "Beta Calibration": {
        "Accuracy": 0.91646,
        "Brier Score": 0.06904300633245766,
        "Log Loss": 0.2523886603065895,
        "ECE": 0.00518594066693496
    },
    "BBQ": {
        "Accuracy": 0.91646,
        "Brier Score": 0.06904300387517076,
        "Log Loss": 0.2523886183575866,
        "ECE": 0.005184437378339811
    },
    "Venn-Abers": {
        "Accuracy": 0.91646,
        "Brier Score": 0.06957774369352146,
        "Log Loss": 0.254409261401861,
        "ECE": 0.018554056052776668
    }
}