{
    "Base Model": {
        "Accuracy": 0.698961038961039,
        "Brier Score": 0.30103896103896105,
        "Log Loss": 10.850543968308255,
        "ECE": 0.3115956004937239
    },
    "Platt Scaling": {
        "Accuracy": 0.69583736524913,
        "Brier Score": 0.20259162659427166,
        "Log Loss": 0.5939540165459487,
        "ECE": 0.019910095436413998
    },
    "Isotonic Regression": {
        "Accuracy": 0.69583736524913,
        "Brier Score": 0.20259300207023442,
        "Log Loss": 0.594027813403419,
        "ECE": 0.020817515506705124
    },
    "Beta Calibration": {
        "Accuracy": 0.69583736524913,
        "Brier Score": 0.20259303282895666,
        "Log Loss": 0.5940278805789777,
        "ECE": 0.020817321707141345
    },
    "BBQ": {
        "Accuracy": 0.69583736524913,
        "Brier Score": 0.20283278077008288,
        "Log Loss": 0.5945380099485653,
        "ECE": 0.02290080791081314
    },
    "Venn-Abers": {
        "Accuracy": 0.6800662083015024,
        "Brier Score": 0.20799222406162254,
        "Log Loss": 0.6072995524009764,
        "ECE": 0.06201469608742003
    }
}