{
    "Base Model": {
        "Accuracy": 0.9146423587560711,
        "Brier Score": 0.08535764124392888,
        "Log Loss": 3.076601235108783,
        "ECE": 0.17345941019904473
    },
    "Platt Scaling": {
        "Accuracy": 0.9363853092281187,
        "Brier Score": 0.05464330412678416,
        "Log Loss": 0.213399695718206,
        "ECE": 0.013103592196075025
    },
    "Isotonic Regression": {
        "Accuracy": 0.9363853092281187,
        "Brier Score": 0.05464566916054095,
        "Log Loss": 0.21341171804837164,
        "ECE": 0.01271210173287094
    },
    "Beta Calibration": {
        "Accuracy": 0.9363853092281187,
        "Brier Score": 0.05464611803403881,
        "Log Loss": 0.2134128705469768,
        "ECE": 0.01273656447966051
    },
    "BBQ": {
        "Accuracy": 0.9363853092281187,
        "Brier Score": 0.05472033182705066,
        "Log Loss": 0.21370378798119202,
        "ECE": 0.013997849500516538
    },
    "Venn-Abers": {
        "Accuracy": 0.934687575523696,
        "Brier Score": 0.055822596233324584,
        "Log Loss": 0.21788678636670528,
        "ECE": 0.028398109514463202
    }
}