{
    "Base Model": {
        "Accuracy": 0.9925848493740219,
        "Brier Score": 0.007415150625978091,
        "Log Loss": 0.2672691189908496,
        "ECE": 0.006775603117281237
    },
    "Platt Scaling": {
        "Accuracy": 0.9925848493740219,
        "Brier Score": 0.007371759136838495,
        "Log Loss": 0.04404176708257714,
        "ECE": 0.0037689873220434385
    },
    "Isotonic Regression": {
        "Accuracy": 0.9925848493740219,
        "Brier Score": 0.007366675211054041,
        "Log Loss": 0.05309836053007214,
        "ECE": 0.003617323791195511
    },
    "Beta Calibration": {
        "Accuracy": 0.9925848493740219,
        "Brier Score": 0.007366675885172829,
        "Log Loss": 0.05012035919350335,
        "ECE": 0.0036174253646803958
    },
    "BBQ": {
        "Accuracy": 0.9925848493740219,
        "Brier Score": 0.007366675211054041,
        "Log Loss": 0.05309836053007213,
        "ECE": 0.0036173237911954984
    },
    "Venn-Abers": {
        "Accuracy": 0.9925848493740219,
        "Brier Score": 0.007492762491236744,
        "Log Loss": 0.047473672762062886,
        "ECE": 0.009630917285890285
    }
}