{
    "Base Model": {
        "Accuracy": 0.9944500000000001,
        "Brier Score": 0.00555,
        "Log Loss": 0.20004227630960042,
        "ECE": 0.006147546270410863
    },
    "Platt Scaling": {
        "Accuracy": 0.9944500000000001,
        "Brier Score": 0.00552403657103912,
        "Log Loss": 0.03182923664397781,
        "ECE": 0.007272858729389483
    },
    "Isotonic Regression": {
        "Accuracy": 0.9944500000000001,
        "Brier Score": 0.005479150846321941,
        "Log Loss": 0.09389400954064554,
        "ECE": 0.0048232181204514064
    },
    "Beta Calibration": {
        "Accuracy": 0.9944500000000001,
        "Brier Score": 0.005479131349968448,
        "Log Loss": 0.07490229645230945,
        "ECE": 0.00482331005646842
    },
    "BBQ": {
        "Accuracy": 0.9944500000000001,
        "Brier Score": 0.00547915084632194,
        "Log Loss": 0.09371155024199686,
        "ECE": 0.004823218092453883
    },
    "Venn-Abers": {
        "Accuracy": 0.9944500000000001,
        "Brier Score": 0.006350720782959438,
        "Log Loss": 0.03963645262100974,
        "ECE": 0.026451106391627323
    }
}