{
    "Base Model": {
        "Accuracy": 0.9391973278520043,
        "Brier Score": 0.06080267214799588,
        "Log Loss": 2.1915504400344914,
        "ECE": 0.05675590513481582
    },
    "Platt Scaling": {
        "Accuracy": 0.9391973278520043,
        "Brier Score": 0.05783899557758079,
        "Log Loss": 0.2341771817149571,
        "ECE": 0.020005403500966003
    },
    "Isotonic Regression": {
        "Accuracy": 0.9391973278520043,
        "Brier Score": 0.057758282786912245,
        "Log Loss": 0.23530926641369962,
        "ECE": 0.018910616058000436
    },
    "Beta Calibration": {
        "Accuracy": 0.9391973278520043,
        "Brier Score": 0.05775829070996849,
        "Log Loss": 0.23530944350385485,
        "ECE": 0.018910707571990176
    },
    "BBQ": {
        "Accuracy": 0.9391973278520043,
        "Brier Score": 0.05775828278691224,
        "Log Loss": 0.23530926641369962,
        "ECE": 0.018910616058000432
    },
    "Venn-Abers": {
        "Accuracy": 0.9391973278520043,
        "Brier Score": 0.06248158982427745,
        "Log Loss": 0.2534890132581993,
        "ECE": 0.05771753873001585
    }
}