{
    "Base Model": {
        "Accuracy": 0.9912987012987015,
        "Brier Score": 0.008701298701298701,
        "Log Loss": 0.31362659442478585,
        "ECE": 0.011072342432076263
    },
    "Platt Scaling": {
        "Accuracy": 0.9912987012987015,
        "Brier Score": 0.00861404396141525,
        "Log Loss": 0.0477826896479359,
        "ECE": 0.007045497688587226
    },
    "Isotonic Regression": {
        "Accuracy": 0.9912987012987015,
        "Brier Score": 0.008605004752720162,
        "Log Loss": 0.07303465529578464,
        "ECE": 0.00709015824499972
    },
    "Beta Calibration": {
        "Accuracy": 0.9912987012987015,
        "Brier Score": 0.008604998187723008,
        "Log Loss": 0.0581678314241577,
        "ECE": 0.007089847098475415
    },
    "BBQ": {
        "Accuracy": 0.9912987012987015,
        "Brier Score": 0.008605004752720162,
        "Log Loss": 0.07303465529578464,
        "ECE": 0.007090158244999717
    },
    "Venn-Abers": {
        "Accuracy": 0.9912987012987015,
        "Brier Score": 0.008950058992047148,
        "Log Loss": 0.05210194237782645,
        "ECE": 0.015189225307497502
    }
}