{
    "Base Model": {
        "Accuracy": 0.7159422281402575,
        "Brier Score": 0.28405777185974257,
        "Log Loss": 10.238479871397477,
        "ECE": 0.2842554959967284
    },
    "Platt Scaling": {
        "Accuracy": 0.7159422281402575,
        "Brier Score": 0.20315325937512438,
        "Log Loss": 0.5961919254974538,
        "ECE": 0.008747642483243334
    },
    "Isotonic Regression": {
        "Accuracy": 0.7159422281402575,
        "Brier Score": 0.20314895593709817,
        "Log Loss": 0.5961834884984967,
        "ECE": 0.008822185581558215
    },
    "Beta Calibration": {
        "Accuracy": 0.7159422281402575,
        "Brier Score": 0.20314894627423652,
        "Log Loss": 0.5961834661639466,
        "ECE": 0.008821713748646279
    },
    "BBQ": {
        "Accuracy": 0.7159422281402575,
        "Brier Score": 0.20314895593709817,
        "Log Loss": 0.5961834884984966,
        "ECE": 0.008822185581558221
    },
    "Venn-Abers": {
        "Accuracy": 0.7159422281402575,
        "Brier Score": 0.2044232957154964,
        "Log Loss": 0.5993926774282354,
        "ECE": 0.028589415027946798
    }
}