{
    "Base Model": {
        "Accuracy": 0.912889604871831,
        "Brier Score": 0.08708323301704197,
        "Log Loss": 3.1353634457881157,
        "ECE": 0.088982021456804
    },
    "Platt Scaling": {
        "Accuracy": 0.9128678657413962,
        "Brier Score": 0.07921807001565125,
        "Log Loss": 0.2938398137115235,
        "ECE": 0.010729825882538924
    },
    "Isotonic Regression": {
        "Accuracy": 0.9128895812679978,
        "Brier Score": 0.07922577847401593,
        "Log Loss": 0.29386612611865537,
        "ECE": 0.010047329850600863
    },
    "Beta Calibration": {
        "Accuracy": 0.9128895812679978,
        "Brier Score": 0.07922616446505865,
        "Log Loss": 0.29386328734878153,
        "ECE": 0.010536268414230783
    },
    "BBQ": {
        "Accuracy": 0.912889604871831,
        "Brier Score": 0.07921367843476224,
        "Log Loss": 0.2938245772456316,
        "ECE": 0.010469307787389946
    },
    "Venn-Abers": {
        "Accuracy": 0.9128026247462587,
        "Brier Score": 0.07970663099213,
        "Log Loss": 0.2968149087222386,
        "ECE": 0.01962527335259746
    }
}