{
    "Base Model": {
        "Accuracy": 0.8155990588871002,
        "Brier Score": 0.18553245413280942,
        "Log Loss": 6.543700674791246,
        "ECE": 0.2544284880420315
    },
    "Platt Scaling": {
        "Accuracy": 0.8454244576780628,
        "Brier Score": 0.12113679165547563,
        "Log Loss": 0.40177937360490035,
        "ECE": 0.025483840902317204
    },
    "Isotonic Regression": {
        "Accuracy": 0.8454244576780628,
        "Brier Score": 0.12096033898157132,
        "Log Loss": 0.4009065009903058,
        "ECE": 0.011870132394548125
    },
    "Beta Calibration": {
        "Accuracy": 0.8454244576780628,
        "Brier Score": 0.12090228102516327,
        "Log Loss": 0.400742972250259,
        "ECE": 0.020345874225709517
    },
    "BBQ": {
        "Accuracy": 0.8454244576780628,
        "Brier Score": 0.12095262748180363,
        "Log Loss": 0.40081286784947495,
        "ECE": 0.011961332316665595
    },
    "Venn-Abers": {
        "Accuracy": 0.8434798662629039,
        "Brier Score": 0.12222835559042183,
        "Log Loss": 0.4036918134312305,
        "ECE": 0.03615578930504212
    }
}