{
    "ECE": {
        "Statistic": 49.1142857142857,
        "p-value": 2.103036600736877e-09
    },
    "Log Loss": {
        "Statistic": 59.2285714285714,
        "p-value": 1.754288689511039e-11
    }
}