{
    "Base Model vs Platt Scaling": {
        "Statistic": 1.0,
        "p-value": 3.814697265625e-06,
        "Significant": "True",
        "Adjusted p-value": 9.5367431640625e-06
    },
    "Base Model vs Isotonic Regression": {
        "Statistic": 1.0,
        "p-value": 3.814697265625e-06,
        "Significant": "True",
        "Adjusted p-value": 9.5367431640625e-06
    },
    "Base Model vs Beta Calibration": {
        "Statistic": 0.0,
        "p-value": 1.9073486328125e-06,
        "Significant": "True",
        "Adjusted p-value": 9.5367431640625e-06
    },
    "Base Model vs BBQ": {
        "Statistic": 1.0,
        "p-value": 3.814697265625e-06,
        "Significant": "True",
        "Adjusted p-value": 9.5367431640625e-06
    },
    "Base Model vs Venn-Abers": {
        "Statistic": 1.0,
        "p-value": 3.814697265625e-06,
        "Significant": "True",
        "Adjusted p-value": 9.5367431640625e-06
    },
    "Platt Scaling vs Isotonic Regression": {
        "Statistic": 18.0,
        "p-value": 0.0004825592041015625,
        "Significant": "True",
        "Adjusted p-value": 0.0008042653401692709
    },
    "Platt Scaling vs Beta Calibration": {
        "Statistic": 7.0,
        "p-value": 3.62396240234375e-05,
        "Significant": "True",
        "Adjusted p-value": 7.765633719308036e-05
    },
    "Platt Scaling vs BBQ": {
        "Statistic": 13.0,
        "p-value": 0.0001678466796875,
        "Significant": "True",
        "Adjusted p-value": 0.0003147125244140625
    },
    "Platt Scaling vs Venn-Abers": {
        "Statistic": 0.0,
        "p-value": 1.9073486328125e-06,
        "Significant": "True",
        "Adjusted p-value": 9.5367431640625e-06
    },
    "Isotonic Regression vs Beta Calibration": {
        "Statistic": 99.0,
        "p-value": 0.8408222198486328,
        "Significant": "False",
        "Adjusted p-value": 0.8408222198486328
    },
    "Isotonic Regression vs BBQ": {
        "Statistic": 63.0,
        "p-value": 0.1230926513671875,
        "Significant": "False",
        "Adjusted p-value": 0.15386581420898438
    },
    "Isotonic Regression vs Venn-Abers": {
        "Statistic": 87.0,
        "p-value": 0.5216732025146484,
        "Significant": "False",
        "Adjusted p-value": 0.5589355741228376
    },
    "Beta Calibration vs BBQ": {
        "Statistic": 45.0,
        "p-value": 0.023950576782226562,
        "Significant": "True",
        "Adjusted p-value": 0.03265987743030895
    },
    "Beta Calibration vs Venn-Abers": {
        "Statistic": 86.0,
        "p-value": 0.49800872802734375,
        "Significant": "False",
        "Adjusted p-value": 0.5589355741228376
    },
    "BBQ vs Venn-Abers": {
        "Statistic": 39.0,
        "p-value": 0.012079238891601562,
        "Significant": "True",
        "Adjusted p-value": 0.018118858337402344
    }
}