{
    "Accuracy": {
        "Statistic": 39.75234270414994,
        "p-value": 1.675315254854188e-07
    }
}