{
    "Base Model vs Platt Scaling": {
        "Statistic": 28.0,
        "p-value": 0.002355634033724315,
        "Significant": "True",
        "Adjusted p-value": 0.007485023075510548
    },
    "Base Model vs Isotonic Regression": {
        "Statistic": 40.0,
        "p-value": 0.008685211199123489,
        "Significant": "True",
        "Adjusted p-value": 0.018611166855264618
    },
    "Base Model vs Beta Calibration": {
        "Statistic": 3.0,
        "p-value": 9.220613278654252e-05,
        "Significant": "True",
        "Adjusted p-value": 0.001383091991798138
    },
    "Base Model vs BBQ": {
        "Statistic": 87.0,
        "p-value": 0.32188434536878685,
        "Significant": "False",
        "Adjusted p-value": 0.37140501388706176
    },
    "Base Model vs Venn-Abers": {
        "Statistic": 111.0,
        "p-value": 0.6327285766601562,
        "Significant": "False",
        "Adjusted p-value": 0.6779234749930245
    },
    "Platt Scaling vs Isotonic Regression": {
        "Statistic": 98.0,
        "p-value": 0.7938390455415016,
        "Significant": "False",
        "Adjusted p-value": 0.7938390455415016
    },
    "Platt Scaling vs Beta Calibration": {
        "Statistic": 62.0,
        "p-value": 0.06295144588265443,
        "Significant": "False",
        "Adjusted p-value": 0.10491907647109072
    },
    "Platt Scaling vs BBQ": {
        "Statistic": 24.0,
        "p-value": 0.002495007691836849,
        "Significant": "True",
        "Adjusted p-value": 0.007485023075510548
    },
    "Platt Scaling vs Venn-Abers": {
        "Statistic": 74.0,
        "p-value": 0.09173250198364258,
        "Significant": "False",
        "Adjusted p-value": 0.13759875297546387
    },
    "Isotonic Regression vs Beta Calibration": {
        "Statistic": 70.0,
        "p-value": 0.113769910882606,
        "Significant": "False",
        "Adjusted p-value": 0.15514078756719002
    },
    "Isotonic Regression vs BBQ": {
        "Statistic": 46.0,
        "p-value": 0.01570686359758342,
        "Significant": "True",
        "Adjusted p-value": 0.029450369245468917
    },
    "Isotonic Regression vs Venn-Abers": {
        "Statistic": 22.0,
        "p-value": 0.000255584716796875,
        "Significant": "True",
        "Adjusted p-value": 0.0019168853759765625
    },
    "Beta Calibration vs BBQ": {
        "Statistic": 16.0,
        "p-value": 0.0008918026969621409,
        "Significant": "True",
        "Adjusted p-value": 0.004459013484810704
    },
    "Beta Calibration vs Venn-Abers": {
        "Statistic": 39.0,
        "p-value": 0.003239154815673828,
        "Significant": "True",
        "Adjusted p-value": 0.00809788703918457
    },
    "BBQ vs Venn-Abers": {
        "Statistic": 85.0,
        "p-value": 0.18697643280029297,
        "Significant": "False",
        "Adjusted p-value": 0.2337205410003662
    }
}