{
    "Accuracy": {
        "Statistic": 19.945736434108532,
        "p-value": 0.0012793730056328907
    }
}