{
    "Base Model vs Platt Scaling": {
        "Statistic": 22.0,
        "p-value": 0.030908013652429556,
        "Significant": "False",
        "Adjusted p-value": 0.07727003413107389
    },
    "Base Model vs Isotonic Regression": {
        "Statistic": 41.0,
        "p-value": 0.09285953143064656,
        "Significant": "False",
        "Adjusted p-value": 0.19898471020852834
    },
    "Base Model vs Beta Calibration": {
        "Statistic": 102.0,
        "p-value": 0.9272785186767578,
        "Significant": "False",
        "Adjusted p-value": 0.9272785186767578
    },
    "Base Model vs BBQ": {
        "Statistic": 39.0,
        "p-value": 0.13372989286451814,
        "Significant": "False",
        "Adjusted p-value": 0.2507435491209715
    },
    "Base Model vs Venn-Abers": {
        "Statistic": 94.0,
        "p-value": 0.7011814117431641,
        "Significant": "False",
        "Adjusted p-value": 0.7512657982962472
    },
    "Platt Scaling vs Isotonic Regression": {
        "Statistic": 54.0,
        "p-value": 0.46911315243545415,
        "Significant": "False",
        "Adjusted p-value": 0.5412844066562932
    },
    "Platt Scaling vs Beta Calibration": {
        "Statistic": 39.0,
        "p-value": 0.02422372469374016,
        "Significant": "False",
        "Adjusted p-value": 0.0726711740812205
    },
    "Platt Scaling vs BBQ": {
        "Statistic": 40.0,
        "p-value": 0.25598851167013814,
        "Significant": "False",
        "Adjusted p-value": 0.346550795282642
    },
    "Platt Scaling vs Venn-Abers": {
        "Statistic": 10.0,
        "p-value": 8.20159912109375e-05,
        "Significant": "True",
        "Adjusted p-value": 0.0006151199340820312
    },
    "Isotonic Regression vs Beta Calibration": {
        "Statistic": 23.0,
        "p-value": 0.019970875425605675,
        "Significant": "False",
        "Adjusted p-value": 0.0726711740812205
    },
    "Isotonic Regression vs BBQ": {
        "Statistic": 31.0,
        "p-value": 0.1771140408635976,
        "Significant": "False",
        "Adjusted p-value": 0.295190068105996
    },
    "Isotonic Regression vs Venn-Abers": {
        "Statistic": 1.0,
        "p-value": 0.00015509577279577017,
        "Significant": "True",
        "Adjusted p-value": 0.0007754788639788508
    },
    "Beta Calibration vs BBQ": {
        "Statistic": 56.0,
        "p-value": 0.19888473153236397,
        "Significant": "False",
        "Adjusted p-value": 0.29832709729854595
    },
    "Beta Calibration vs Venn-Abers": {
        "Statistic": 68.0,
        "p-value": 0.2772406362261136,
        "Significant": "False",
        "Adjusted p-value": 0.346550795282642
    },
    "BBQ vs Venn-Abers": {
        "Statistic": 6.0,
        "p-value": 2.6702880859375e-05,
        "Significant": "True",
        "Adjusted p-value": 0.000400543212890625
    }
}