{
    "ECE": {
        "Statistic": 39.44117647058821,
        "p-value": 1.935520515749805e-07
    },
    "Log Loss": {
        "Statistic": 23.657142857142844,
        "p-value": 0.0002526466976956816
    }
}