{
    "ECE": {
        "Statistic": 59.5977011494253,
        "p-value": 1.471834862091753e-11
    },
    "Log Loss": {
        "Statistic": 53.85057471264368,
        "p-value": 2.2493808528747052e-10
    }
}