{
    "Base Model vs Platt Scaling": {
        "Statistic": 1.0,
        "p-value": 3.814697265625e-06,
        "Significant": "True",
        "Adjusted p-value": 2.86102294921875e-05
    },
    "Base Model vs Isotonic Regression": {
        "Statistic": 0.0,
        "p-value": 0.0001318338889828333,
        "Significant": "True",
        "Adjusted p-value": 0.0003295847224570832
    },
    "Base Model vs Beta Calibration": {
        "Statistic": 1.0,
        "p-value": 3.814697265625e-06,
        "Significant": "True",
        "Adjusted p-value": 2.86102294921875e-05
    },
    "Base Model vs BBQ": {
        "Statistic": 0.0,
        "p-value": 0.0001318338889828333,
        "Significant": "True",
        "Adjusted p-value": 0.0003295847224570832
    },
    "Base Model vs Venn-Abers": {
        "Statistic": 2.0,
        "p-value": 5.7220458984375e-06,
        "Significant": "True",
        "Adjusted p-value": 2.86102294921875e-05
    },
    "Platt Scaling vs Isotonic Regression": {
        "Statistic": 25.0,
        "p-value": 0.001689910888671875,
        "Significant": "True",
        "Adjusted p-value": 0.0028165181477864585
    },
    "Platt Scaling vs Beta Calibration": {
        "Statistic": 84.0,
        "p-value": 0.4523754119873047,
        "Significant": "False",
        "Adjusted p-value": 0.4523754119873047
    },
    "Platt Scaling vs BBQ": {
        "Statistic": 50.0,
        "p-value": 0.039989471435546875,
        "Significant": "False",
        "Adjusted p-value": 0.05453109741210938
    },
    "Platt Scaling vs Venn-Abers": {
        "Statistic": 84.0,
        "p-value": 0.4523754119873047,
        "Significant": "False",
        "Adjusted p-value": 0.4523754119873047
    },
    "Isotonic Regression vs Beta Calibration": {
        "Statistic": 26.0,
        "p-value": 0.0019855499267578125,
        "Significant": "True",
        "Adjusted p-value": 0.0029783248901367188
    },
    "Isotonic Regression vs BBQ": {
        "Statistic": 7.0,
        "p-value": 0.00039814247498266234,
        "Significant": "True",
        "Adjusted p-value": 0.0008531624463914192
    },
    "Isotonic Regression vs Venn-Abers": {
        "Statistic": 7.0,
        "p-value": 3.62396240234375e-05,
        "Significant": "True",
        "Adjusted p-value": 0.00013589859008789062
    },
    "Beta Calibration vs BBQ": {
        "Statistic": 71.0,
        "p-value": 0.21616744995117188,
        "Significant": "False",
        "Adjusted p-value": 0.27020931243896484
    },
    "Beta Calibration vs Venn-Abers": {
        "Statistic": 83.0,
        "p-value": 0.4304332733154297,
        "Significant": "False",
        "Adjusted p-value": 0.4523754119873047
    },
    "BBQ vs Venn-Abers": {
        "Statistic": 23.0,
        "p-value": 0.001209259033203125,
        "Significant": "True",
        "Adjusted p-value": 0.0022673606872558594
    }
}