{
    "Base Model": {
        "Accuracy": 0.8510954621479128,
        "Brier Score": 0.10401723998860142,
        "Log Loss": 0.33030780158755646,
        "ECE": 0.013544707786541847
    },
    "Platt Scaling": {
        "Accuracy": 0.8510651943677621,
        "Brier Score": 0.10415166724469063,
        "Log Loss": 0.33053404889579663,
        "ECE": 0.01603146045645187
    },
    "Isotonic Regression": {
        "Accuracy": 0.8486007604562736,
        "Brier Score": 0.10516809450910233,
        "Log Loss": 0.38251068808300964,
        "ECE": 0.024782075356543157
    },
    "Beta Calibration": {
        "Accuracy": 0.8514149000816015,
        "Brier Score": 0.10415740250789252,
        "Log Loss": 0.33089430207385173,
        "ECE": 0.016076128210462157
    },
    "BBQ": {
        "Accuracy": 0.8489352686193145,
        "Brier Score": 0.10619776354396196,
        "Log Loss": 0.34416149426546694,
        "ECE": 0.04081554445020668
    },
    "Venn-Abers": {
        "Accuracy": 0.8481597305415213,
        "Brier Score": 0.11283809397256453,
        "Log Loss": 0.3769054601372752,
        "ECE": 0.054343393933910786
    }
}