{
    "Base Model": {
        "Accuracy": 0.7877192829541824,
        "Brier Score": 0.14952942426962137,
        "Log Loss": 0.46682821118637174,
        "ECE": 0.0816425784858158
    },
    "Platt Scaling": {
        "Accuracy": 0.7878903870179037,
        "Brier Score": 0.14978079512517958,
        "Log Loss": 0.46730822809325157,
        "ECE": 0.08312499215670048
    },
    "Isotonic Regression": {
        "Accuracy": 0.7961299476064576,
        "Brier Score": 0.14278920877071904,
        "Log Loss": 0.47161046977759546,
        "ECE": 0.028379621159850817
    },
    "Beta Calibration": {
        "Accuracy": 0.7930173182522176,
        "Brier Score": 0.1456098537069915,
        "Log Loss": 0.4534004602852004,
        "ECE": 0.05136929663971307
    },
    "BBQ": {
        "Accuracy": 0.7945673416814355,
        "Brier Score": 0.14621776443263076,
        "Log Loss": 0.45558951663856945,
        "ECE": 0.05230892843720647
    },
    "Venn-Abers": {
        "Accuracy": 0.7946168596504166,
        "Brier Score": 0.14962902310988915,
        "Log Loss": 0.4686146481243675,
        "ECE": 0.04939067765662296
    }
}