{
    "Base Model": {
        "Accuracy": 0.9404963362121995,
        "Brier Score": 0.052184470189109725,
        "Log Loss": 0.1989237843561943,
        "ECE": 0.007153202930697501
    },
    "Platt Scaling": {
        "Accuracy": 0.940440225388155,
        "Brier Score": 0.052287937502179506,
        "Log Loss": 0.1991929211002898,
        "ECE": 0.009293360542984113
    },
    "Isotonic Regression": {
        "Accuracy": 0.9402859280037401,
        "Brier Score": 0.05274124261077628,
        "Log Loss": 0.22739999662727414,
        "ECE": 0.015907301994576736
    },
    "Beta Calibration": {
        "Accuracy": 0.9404542112644867,
        "Brier Score": 0.05230750087364286,
        "Log Loss": 0.19918541335217277,
        "ECE": 0.007980156619122481
    },
    "BBQ": {
        "Accuracy": 0.9402578676705791,
        "Brier Score": 0.053841067789128214,
        "Log Loss": 0.21372733019770201,
        "ECE": 0.03531542170332091
    },
    "Venn-Abers": {
        "Accuracy": 0.9387991240373023,
        "Brier Score": 0.05586855524882614,
        "Log Loss": 0.224623079719144,
        "ECE": 0.045527779159193094
    }
}