{
    "Base Model": {
        "Accuracy": 0.997771073045445,
        "Brier Score": 0.0016956008203569781,
        "Log Loss": 0.008027659879262874,
        "ECE": 0.0
    },
    "Platt Scaling": {
        "Accuracy": 0.9977801598129019,
        "Brier Score": 0.0017629879938971568,
        "Log Loss": 0.008110589143560392,
        "ECE": 0.0001489163672096171
    },
    "Isotonic Regression": {
        "Accuracy": 0.9976073291648407,
        "Brier Score": 0.0019178878794112633,
        "Log Loss": 0.027825972743250986,
        "ECE": 0.006877204782416486
    },
    "Beta Calibration": {
        "Accuracy": 0.9976619325270275,
        "Brier Score": 0.0018470137697016512,
        "Log Loss": 0.010803247946474843,
        "ECE": 0.0001245544689795314
    },
    "BBQ": {
        "Accuracy": 0.9976164159322977,
        "Brier Score": 0.002022215924067882,
        "Log Loss": 0.01839993568650682,
        "ECE": 0.009642192557340463
    },
    "Venn-Abers": {
        "Accuracy": 0.9972616389036127,
        "Brier Score": 0.0026762338972969773,
        "Log Loss": 0.01918084356906662,
        "ECE": 0.027904565895505464
    }
}