{
    "Base Model": {
        "Accuracy": 0.5926101468624833,
        "Brier Score": 0.23431323787809222,
        "Log Loss": 0.662610627991855,
        "ECE": 0.0490760348174939
    },
    "Platt Scaling": {
        "Accuracy": 0.6031174899866489,
        "Brier Score": 0.23346646180976727,
        "Log Loss": 0.6594919529845492,
        "ECE": 0.03812908683892137
    },
    "Isotonic Regression": {
        "Accuracy": 0.607570093457944,
        "Brier Score": 0.23123418547505828,
        "Log Loss": 0.665509237842798,
        "ECE": 0.01618216950597414
    },
    "Beta Calibration": {
        "Accuracy": 0.6030106809078772,
        "Brier Score": 0.23351211758048646,
        "Log Loss": 0.6605084213179123,
        "ECE": 0.038408879590262415
    },
    "BBQ": {
        "Accuracy": 0.6005740987983978,
        "Brier Score": 0.2326688390797656,
        "Log Loss": 0.6563057607025103,
        "ECE": 0.04147300522159121
    },
    "Venn-Abers": {
        "Accuracy": 0.6072696929238985,
        "Brier Score": 0.23473993718035072,
        "Log Loss": 0.6614685485503997,
        "ECE": 0.0370941920469116
    }
}