{
    "Base Model": {
        "Accuracy": 0.808130454754249,
        "Brier Score": 0.1546119290630303,
        "Log Loss": 0.4877449871628685,
        "ECE": 0.08000111837025996
    },
    "Platt Scaling": {
        "Accuracy": 0.8082682590721175,
        "Brier Score": 0.15473550493351212,
        "Log Loss": 0.48828249211161745,
        "ECE": 0.08056701031659397
    },
    "Isotonic Regression": {
        "Accuracy": 0.8075516766192008,
        "Brier Score": 0.14885026595034723,
        "Log Loss": 0.49437065576860595,
        "ECE": 0.027221799903449667
    },
    "Beta Calibration": {
        "Accuracy": 0.8081855764813964,
        "Brier Score": 0.15471033527821967,
        "Log Loss": 0.4882118804541606,
        "ECE": 0.08016933548580765
    },
    "BBQ": {
        "Accuracy": 0.8076435461644464,
        "Brier Score": 0.15523053923892266,
        "Log Loss": 0.48947211693403914,
        "ECE": 0.026882727881513212
    },
    "Venn-Abers": {
        "Accuracy": 0.8067064768029398,
        "Brier Score": 0.1510710098550483,
        "Log Loss": 0.47727027687850265,
        "ECE": 0.040704826254332034
    }
}