{
    "Base Model": {
        "Accuracy": 0.87603,
        "Brier Score": 0.08556491242890242,
        "Log Loss": 0.269266661090613,
        "ECE": 0.010889935248714691
    },
    "Platt Scaling": {
        "Accuracy": 0.8764399999999999,
        "Brier Score": 0.08571995382749145,
        "Log Loss": 0.26943489615697247,
        "ECE": 0.015416938206905224
    },
    "Isotonic Regression": {
        "Accuracy": 0.8756400000000001,
        "Brier Score": 0.08608965318064273,
        "Log Loss": 0.2992502079436354,
        "ECE": 0.01784295484515848
    },
    "Beta Calibration": {
        "Accuracy": 0.8755499999999999,
        "Brier Score": 0.08571154747569999,
        "Log Loss": 0.26878236683904183,
        "ECE": 0.014885819364363955
    },
    "BBQ": {
        "Accuracy": 0.8752699999999999,
        "Brier Score": 0.08669314840038368,
        "Log Loss": 0.27736654739209576,
        "ECE": 0.03440913461803038
    },
    "Venn-Abers": {
        "Accuracy": 0.8737600000000001,
        "Brier Score": 0.09278823936331307,
        "Log Loss": 0.3128664387012939,
        "ECE": 0.04435423091096014
    }
}