{
    "Base Model": {
        "Accuracy": 0.9400023391969701,
        "Brier Score": 0.04227629717477391,
        "Log Loss": 0.1371177895137646,
        "ECE": 0.007287762942229639
    },
    "Platt Scaling": {
        "Accuracy": 0.9399167797154374,
        "Brier Score": 0.042306606262337176,
        "Log Loss": 0.13756772230067094,
        "ECE": 0.0062469234146112764
    },
    "Isotonic Regression": {
        "Accuracy": 0.9395629128515034,
        "Brier Score": 0.04298453600911167,
        "Log Loss": 0.1676444433696685,
        "ECE": 0.012424282853719883
    },
    "Beta Calibration": {
        "Accuracy": 0.9400510824000757,
        "Brier Score": 0.04241835129042633,
        "Log Loss": 0.1375476135419794,
        "ECE": 0.00912590255852236
    },
    "BBQ": {
        "Accuracy": 0.9391601761400418,
        "Brier Score": 0.04358548988388918,
        "Log Loss": 0.1527051728376673,
        "ECE": 0.027014387959930605
    },
    "Venn-Abers": {
        "Accuracy": 0.9382690463898519,
        "Brier Score": 0.04745744667816897,
        "Log Loss": 0.1861646075547711,
        "ECE": 0.042934726527290475
    }
}