{
    "Base Model": {
        "Accuracy": 0.8773882277259568,
        "Brier Score": 0.09518617995604112,
        "Log Loss": 0.3483595061802778,
        "ECE": 0.18343504885596737
    },
    "Platt Scaling": {
        "Accuracy": 0.8772981666130589,
        "Brier Score": 0.09544102717092437,
        "Log Loss": 0.33741783066897946,
        "ECE": 0.18404789474214564
    },
    "Isotonic Regression": {
        "Accuracy": 0.9320810550016083,
        "Brier Score": 0.05876541487161787,
        "Log Loss": 0.23164736754126872,
        "ECE": 0.016859025665381375
    },
    "Beta Calibration": {
        "Accuracy": 0.891630749437118,
        "Brier Score": 0.08635680163035835,
        "Log Loss": 0.30603479893754426,
        "ECE": 0.15658122282574224
    },
    "BBQ": {
        "Accuracy": 0.9261756191701513,
        "Brier Score": 0.06594088219764188,
        "Log Loss": 0.2505212502203927,
        "ECE": 0.03716986336753613
    },
    "Venn-Abers": {
        "Accuracy": 0.9308137664844,
        "Brier Score": 0.062136116098931354,
        "Log Loss": 0.23289909605037448,
        "ECE": 0.038533099205763456
    }
}