{
    "Base Model": {
        "Accuracy": 0.8425613306043341,
        "Brier Score": 0.1171364001243974,
        "Log Loss": 0.3785881861848619,
        "ECE": 0.02536181859031942
    },
    "Platt Scaling": {
        "Accuracy": 0.8423811938992594,
        "Brier Score": 0.11741734255345868,
        "Log Loss": 0.3787687884202671,
        "ECE": 0.03025502461721079
    },
    "Isotonic Regression": {
        "Accuracy": 0.8426256930661838,
        "Brier Score": 0.11705926368325727,
        "Log Loss": 0.3943186588225183,
        "ECE": 0.0165535973936728
    },
    "Beta Calibration": {
        "Accuracy": 0.8435454809654369,
        "Brier Score": 0.11673691057606385,
        "Log Loss": 0.3761883128817108,
        "ECE": 0.015044276656812693
    },
    "BBQ": {
        "Accuracy": 0.84256137404217,
        "Brier Score": 0.11751505216529504,
        "Log Loss": 0.38013224094747305,
        "ECE": 0.02657466883659322
    },
    "Venn-Abers": {
        "Accuracy": 0.8416030319609391,
        "Brier Score": 0.12146592591237827,
        "Log Loss": 0.3994362982750107,
        "ECE": 0.03438153857396723
    }
}