{
    "Base Model": {
        "Accuracy": 0.984977268783342,
        "Brier Score": 0.013260690279204446,
        "Log Loss": 0.061914389749953266,
        "ECE": 0.02040995506372995
    },
    "Platt Scaling": {
        "Accuracy": 0.9847537591474655,
        "Brier Score": 0.013363051065208046,
        "Log Loss": 0.06200465007800036,
        "ECE": 0.02354183065112497
    },
    "Isotonic Regression": {
        "Accuracy": 0.9846285555261447,
        "Brier Score": 0.012035755328323844,
        "Log Loss": 0.076696101828963,
        "ECE": 0.012007765344347957
    },
    "Beta Calibration": {
        "Accuracy": 0.984905748418811,
        "Brier Score": 0.012912408310381476,
        "Log Loss": 0.05918334187881904,
        "ECE": 0.016092940701825056
    },
    "BBQ": {
        "Accuracy": 0.9846106584415781,
        "Brier Score": 0.014141925159336776,
        "Log Loss": 0.07300864503480028,
        "ECE": 0.02413690398580612
    },
    "Venn-Abers": {
        "Accuracy": 0.9844855028017174,
        "Brier Score": 0.013130911483385186,
        "Log Loss": 0.06286390235585607,
        "ECE": 0.02817821384073546
    }
}