{
    "Base Model": {
        "Accuracy": 0.8169186816166681,
        "Brier Score": 0.126068259724358,
        "Log Loss": 0.3940428177478805,
        "ECE": 0.039227910833158706
    },
    "Platt Scaling": {
        "Accuracy": 0.8162960827390358,
        "Brier Score": 0.12616074837603583,
        "Log Loss": 0.39427714133419434,
        "ECE": 0.04048082660048696
    },
    "Isotonic Regression": {
        "Accuracy": 0.8158201828000484,
        "Brier Score": 0.12529328363545508,
        "Log Loss": 0.42127638361634623,
        "ECE": 0.021948683776963282
    },
    "Beta Calibration": {
        "Accuracy": 0.8183956386640949,
        "Brier Score": 0.12513654676176778,
        "Log Loss": 0.3886767204777468,
        "ECE": 0.02391577131560239
    },
    "BBQ": {
        "Accuracy": 0.8153927653256511,
        "Brier Score": 0.12620783792520865,
        "Log Loss": 0.39514171565357714,
        "ECE": 0.040188067511589064
    },
    "Venn-Abers": {
        "Accuracy": 0.8149289860028114,
        "Brier Score": 0.13269858742444035,
        "Log Loss": 0.42397858148252476,
        "ECE": 0.04358488599451636
    }
}