{
    "Base Model": {
        "Accuracy": 0.8839725226302407,
        "Brier Score": 0.08173174196064002,
        "Log Loss": 0.26857550478801945,
        "ECE": 0.010809515962210607
    },
    "Platt Scaling": {
        "Accuracy": 0.8837039470596519,
        "Brier Score": 0.08183925057619058,
        "Log Loss": 0.2648137684691243,
        "ECE": 0.012587913344703787
    },
    "Isotonic Regression": {
        "Accuracy": 0.8824221341671006,
        "Brier Score": 0.08279091593702141,
        "Log Loss": 0.2912710588890705,
        "ECE": 0.023632706727343095
    },
    "Beta Calibration": {
        "Accuracy": 0.8834599405069202,
        "Brier Score": 0.08193047056520579,
        "Log Loss": 0.2671700574718592,
        "ECE": 0.01362390482770095
    },
    "BBQ": {
        "Accuracy": 0.882324796754327,
        "Brier Score": 0.08321410349398467,
        "Log Loss": 0.27484260048092074,
        "ECE": 0.03572929492279861
    },
    "Venn-Abers": {
        "Accuracy": 0.8814092544293888,
        "Brier Score": 0.08916696272510057,
        "Log Loss": 0.310567873324876,
        "ECE": 0.04491965648584145
    }
}