{
    "Base Model": {
        "Accuracy": 0.8467536630036632,
        "Brier Score": 0.09950190168424239,
        "Log Loss": 0.3109051514777008,
        "ECE": 0.08857075534514053
    },
    "Platt Scaling": {
        "Accuracy": 0.8442078352933616,
        "Brier Score": 0.10029404301119163,
        "Log Loss": 0.3108100761522166,
        "ECE": 0.09278834812373055
    },
    "Isotonic Regression": {
        "Accuracy": 0.8672956965062228,
        "Brier Score": 0.09025090389990663,
        "Log Loss": 0.3031611851826456,
        "ECE": 0.0192788938708738
    },
    "Beta Calibration": {
        "Accuracy": 0.8568220230062334,
        "Brier Score": 0.09709842744103282,
        "Log Loss": 0.2993325995435876,
        "ECE": 0.07524343663350336
    },
    "BBQ": {
        "Accuracy": 0.8657332835293361,
        "Brier Score": 0.09243006938760923,
        "Log Loss": 0.2861050292697467,
        "ECE": 0.048241325234179226
    },
    "Venn-Abers": {
        "Accuracy": 0.8647729566972987,
        "Brier Score": 0.09878874297795873,
        "Log Loss": 0.3112906466292401,
        "ECE": 0.05323822091218438
    }
}