{
    "Base Model": {
        "Accuracy": 0.7097700000000002,
        "Brier Score": 0.19297362789160136,
        "Log Loss": 0.5699434465313026,
        "ECE": 0.04071841342557682
    },
    "Platt Scaling": {
        "Accuracy": 0.70953,
        "Brier Score": 0.1929762324890719,
        "Log Loss": 0.5699928171688616,
        "ECE": 0.04081603303295605
    },
    "Isotonic Regression": {
        "Accuracy": 0.7092899999999999,
        "Brier Score": 0.1924567260025144,
        "Log Loss": 0.5875695474504298,
        "ECE": 0.023273482047470324
    },
    "Beta Calibration": {
        "Accuracy": 0.7104900000000001,
        "Brier Score": 0.19265198766921285,
        "Log Loss": 0.5688364822249403,
        "ECE": 0.0350752487885128
    },
    "BBQ": {
        "Accuracy": 0.70872,
        "Brier Score": 0.1943360909562478,
        "Log Loss": 0.5732050529336585,
        "ECE": 0.049735226682892444
    },
    "Venn-Abers": {
        "Accuracy": 0.70758,
        "Brier Score": 0.19732284362969424,
        "Log Loss": 0.5825401838736006,
        "ECE": 0.04722481323163366
    }
}