{
    "Base Model": {
        "Accuracy": 0.955685210312076,
        "Brier Score": 0.03409419916986388,
        "Log Loss": 0.1203117480559306,
        "ECE": 0.008819774851011155
    },
    "Platt Scaling": {
        "Accuracy": 0.9555857078245137,
        "Brier Score": 0.0342327732917082,
        "Log Loss": 0.12091346308406883,
        "ECE": 0.013026251308770198
    },
    "Isotonic Regression": {
        "Accuracy": 0.9551424694708277,
        "Brier Score": 0.03397334844327433,
        "Log Loss": 0.1393573854053452,
        "ECE": 0.021522461348618478
    },
    "Beta Calibration": {
        "Accuracy": 0.9552057892356399,
        "Brier Score": 0.034116524132331294,
        "Log Loss": 0.12017795996967724,
        "ECE": 0.010298991735997867
    },
    "BBQ": {
        "Accuracy": 0.9549163274536409,
        "Brier Score": 0.034927613090790045,
        "Log Loss": 0.13285552599513648,
        "ECE": 0.047385961125996925
    },
    "Venn-Abers": {
        "Accuracy": 0.9547535052012663,
        "Brier Score": 0.037544471322628704,
        "Log Loss": 0.1559967420670207,
        "ECE": 0.04371967388608924
    }
}