{
    "Base Model": {
        "Accuracy": 0.8381932367149757,
        "Brier Score": 0.11296332388028868,
        "Log Loss": 0.3554480451451972,
        "ECE": 0.03327423488440955
    },
    "Platt Scaling": {
        "Accuracy": 0.8381934422859492,
        "Brier Score": 0.11295732702389513,
        "Log Loss": 0.3556561530186748,
        "ECE": 0.033868938617700246
    },
    "Isotonic Regression": {
        "Accuracy": 0.837083016411416,
        "Brier Score": 0.11251440879511847,
        "Log Loss": 0.40152793630642364,
        "ECE": 0.022820502182259447
    },
    "Beta Calibration": {
        "Accuracy": 0.8378602117381025,
        "Brier Score": 0.11276226951622757,
        "Log Loss": 0.35433054459599345,
        "ECE": 0.03175329876022392
    },
    "BBQ": {
        "Accuracy": 0.8359915715900915,
        "Brier Score": 0.11341007740905773,
        "Log Loss": 0.3619713912704695,
        "ECE": 0.03919350257222716
    },
    "Venn-Abers": {
        "Accuracy": 0.8353066947613662,
        "Brier Score": 0.12028375903267408,
        "Log Loss": 0.39080180766544126,
        "ECE": 0.05595068298252309
    }
}