{
    "Base Model": {
        "Accuracy": 0.6118819675946622,
        "Brier Score": 0.23205656686503232,
        "Log Loss": 0.6562301610271808,
        "ECE": 0.050067229048606124
    },
    "Platt Scaling": {
        "Accuracy": 0.6126127410283592,
        "Brier Score": 0.23211563285809286,
        "Log Loss": 0.6563695286578407,
        "ECE": 0.050758277005244656
    },
    "Isotonic Regression": {
        "Accuracy": 0.6117539527444628,
        "Brier Score": 0.2299035877890444,
        "Log Loss": 0.6698021052552724,
        "ECE": 0.02199808967799894
    },
    "Beta Calibration": {
        "Accuracy": 0.6130271501496515,
        "Brier Score": 0.23206286515171992,
        "Log Loss": 0.6562693632276749,
        "ECE": 0.05031052114213666
    },
    "BBQ": {
        "Accuracy": 0.6111660273303843,
        "Brier Score": 0.23302072927798026,
        "Log Loss": 0.6591433097302851,
        "ECE": 0.04838883932692626
    },
    "Venn-Abers": {
        "Accuracy": 0.6093504428521352,
        "Brier Score": 0.23415107414350217,
        "Log Loss": 0.6612697323214077,
        "ECE": 0.041626565303332266
    }
}