{
    "Base Model": {
        "Accuracy": 0.8374905500823556,
        "Brier Score": 0.12291933608247062,
        "Log Loss": 0.400848935169593,
        "ECE": 0.026462889569994045
    },
    "Platt Scaling": {
        "Accuracy": 0.8374170703488963,
        "Brier Score": 0.12283487976712106,
        "Log Loss": 0.40095114982722196,
        "ECE": 0.024933820512104306
    },
    "Isotonic Regression": {
        "Accuracy": 0.8367866802527633,
        "Brier Score": 0.12277787673229387,
        "Log Loss": 0.4196363642262819,
        "ECE": 0.021307161890283758
    },
    "Beta Calibration": {
        "Accuracy": 0.8368601213475405,
        "Brier Score": 0.12280417671817076,
        "Log Loss": 0.40107365134561446,
        "ECE": 0.024261838518212772
    },
    "BBQ": {
        "Accuracy": 0.8361877862022371,
        "Brier Score": 0.1234042901175404,
        "Log Loss": 0.4012372758024332,
        "ECE": 0.029801149027169394
    },
    "Venn-Abers": {
        "Accuracy": 0.8360930662333246,
        "Brier Score": 0.12685390089348808,
        "Log Loss": 0.41540010749490136,
        "ECE": 0.04141958989592642
    }
}