{
    "Base Model": {
        "Accuracy": 0.998384831460674,
        "Brier Score": 0.0016143268894077834,
        "Log Loss": 0.012166452627362285,
        "ECE": 0.0011921001770841782
    },
    "Platt Scaling": {
        "Accuracy": 0.998384831460674,
        "Brier Score": 0.0016132368972155095,
        "Log Loss": 0.012110141231785618,
        "ECE": 0.0010566209980248126
    },
    "Isotonic Regression": {
        "Accuracy": 0.998384831460674,
        "Brier Score": 0.001614749827345611,
        "Log Loss": 0.01876004111841284,
        "ECE": 0.0010192478194707148
    },
    "Beta Calibration": {
        "Accuracy": 0.998384831460674,
        "Brier Score": 0.0016129917325374038,
        "Log Loss": 0.012115706352119927,
        "ECE": 0.000996478856472435
    },
    "BBQ": {
        "Accuracy": 0.998384831460674,
        "Brier Score": 0.0016129721650186644,
        "Log Loss": 0.012112824803887746,
        "ECE": 0.0002059345565605599
    },
    "Venn-Abers": {
        "Accuracy": 0.9983356741573033,
        "Brier Score": 0.0021539227581373966,
        "Log Loss": 0.017410299833180196,
        "ECE": 0.021194731043760552
    }
}