{
    "Base Model": {
        "Accuracy": 0.9397984691365704,
        "Brier Score": 0.05543712750131483,
        "Log Loss": 0.21853398854531178,
        "ECE": 0.012950303528358222
    },
    "Platt Scaling": {
        "Accuracy": 0.9392995807486408,
        "Brier Score": 0.055632759979602174,
        "Log Loss": 0.21842714118266676,
        "ECE": 0.010523258326356201
    },
    "Isotonic Regression": {
        "Accuracy": 0.9401547965153942,
        "Brier Score": 0.05505905137535927,
        "Log Loss": 0.23517725631145542,
        "ECE": 0.01087052793677125
    },
    "Beta Calibration": {
        "Accuracy": 0.9394115814948979,
        "Brier Score": 0.0554956671423166,
        "Log Loss": 0.2175905355366283,
        "ECE": 0.009630725962336937
    },
    "BBQ": {
        "Accuracy": 0.9402871275840446,
        "Brier Score": 0.05613007388847913,
        "Log Loss": 0.22617928008219607,
        "ECE": 0.006701126084353465
    },
    "Venn-Abers": {
        "Accuracy": 0.9394014396542343,
        "Brier Score": 0.057007847076201906,
        "Log Loss": 0.22889555124585903,
        "ECE": 0.03357838458081174
    }
}