{
    "Base Model": {
        "Accuracy": 0.6069,
        "Brier Score": 0.3931,
        "Log Loss": 14.16876014726195,
        "ECE": 0.4258652059947291
    },
    "Platt Scaling": {
        "Accuracy": 0.6975000000000001,
        "Brier Score": 0.21103009498188915,
        "Log Loss": 0.6132234424178089,
        "ECE": 0.018234607385430562
    },
    "Isotonic Regression": {
        "Accuracy": 0.6975000000000001,
        "Brier Score": 0.21082052196280823,
        "Log Loss": 0.6126971891034945,
        "ECE": 0.011122157702768183
    },
    "Beta Calibration": {
        "Accuracy": 0.6975000000000001,
        "Brier Score": 0.21107211001589465,
        "Log Loss": 0.613319238009707,
        "ECE": 0.018671185889596348
    },
    "BBQ": {
        "Accuracy": 0.7000000000000002,
        "Brier Score": 0.21064795775872036,
        "Log Loss": 0.6123401616376232,
        "ECE": 0.015343906038837453
    },
    "Venn-Abers": {
        "Accuracy": 0.6955000000000001,
        "Brier Score": 0.21410488778694062,
        "Log Loss": 0.6207506299278313,
        "ECE": 0.03803244807327691
    }
}