{
    "Base Model": {
        "Accuracy": 0.7056322147651006,
        "Brier Score": 0.29436778523489937,
        "Log Loss": 10.610090419928788,
        "ECE": 0.34047454527944665
    },
    "Platt Scaling": {
        "Accuracy": 0.7609664429530203,
        "Brier Score": 0.1772188471469489,
        "Log Loss": 0.537834321309205,
        "ECE": 0.02123964347198425
    },
    "Isotonic Regression": {
        "Accuracy": 0.7609664429530203,
        "Brier Score": 0.17726127182010182,
        "Log Loss": 0.5379195551455057,
        "ECE": 0.021748193929404015
    },
    "Beta Calibration": {
        "Accuracy": 0.7609664429530203,
        "Brier Score": 0.17726106952920098,
        "Log Loss": 0.5379191045618146,
        "ECE": 0.021747191258407662
    },
    "BBQ": {
        "Accuracy": 0.7609664429530203,
        "Brier Score": 0.17898258538618475,
        "Log Loss": 0.5422981480240516,
        "ECE": 0.03505587021083047
    },
    "Venn-Abers": {
        "Accuracy": 0.7556348993288592,
        "Brier Score": 0.18394205673382874,
        "Log Loss": 0.5549407351096235,
        "ECE": 0.03661197388804959
    }
}