{
    "Base Model": {
        "Accuracy": 0.7964928909952608,
        "Brier Score": 0.20350710900473928,
        "Log Loss": 7.3351396991881055,
        "ECE": 0.219661674744023
    },
    "Platt Scaling": {
        "Accuracy": 0.7964928909952608,
        "Brier Score": 0.15511614420038577,
        "Log Loss": 0.4838130942195484,
        "ECE": 0.020977426586182804
    },
    "Isotonic Regression": {
        "Accuracy": 0.7964928909952608,
        "Brier Score": 0.15493816957795672,
        "Log Loss": 0.4834026224406476,
        "ECE": 0.018950404805376263
    },
    "Beta Calibration": {
        "Accuracy": 0.7964928909952608,
        "Brier Score": 0.15493818291755931,
        "Log Loss": 0.4834026515766377,
        "ECE": 0.018950495956988177
    },
    "BBQ": {
        "Accuracy": 0.7964928909952608,
        "Brier Score": 0.15493816957795672,
        "Log Loss": 0.4834026224406476,
        "ECE": 0.018950404805376266
    },
    "Venn-Abers": {
        "Accuracy": 0.7380094786729857,
        "Brier Score": 0.1877341235391597,
        "Log Loss": 0.5591603897579077,
        "ECE": 0.03391430048951769
    }
}