{
    "Base Model": {
        "Accuracy": 0.9993438619774386,
        "Brier Score": 0.0006561380225613803,
        "Log Loss": 0.023649611460623342,
        "ECE": 7.154562272069644e-11
    },
    "Platt Scaling": {
        "Accuracy": 0.9993438619774386,
        "Brier Score": 0.0006988956211091601,
        "Log Loss": 0.009966971376759198,
        "ECE": 0.005919092697337256
    },
    "Isotonic Regression": {
        "Accuracy": 0.9993438619774386,
        "Brier Score": 0.0006609885882532282,
        "Log Loss": 0.024308793962684927,
        "ECE": 0.0009849332986819651
    },
    "Beta Calibration": {
        "Accuracy": 0.9993438619774386,
        "Brier Score": 0.0006609866424279134,
        "Log Loss": 0.014039383190201211,
        "ECE": 0.0009847364979923081
    },
    "BBQ": {
        "Accuracy": 0.9993438619774386,
        "Brier Score": 0.000660988588253228,
        "Log Loss": 0.02430879396268491,
        "ECE": 0.0009849332986819443
    },
    "Venn-Abers": {
        "Accuracy": 0.9993438619774386,
        "Brier Score": 0.0012898224836126381,
        "Log Loss": 0.02730508438554374,
        "ECE": 0.024581860254983705
    }
}