{
    "Base Model": {
        "Accuracy": 0.80472,
        "Brier Score": 0.19527999999999998,
        "Log Loss": 7.038604633826798,
        "ECE": 0.27623703562538876
    },
    "Platt Scaling": {
        "Accuracy": 0.8585999999999998,
        "Brier Score": 0.11895274764328445,
        "Log Loss": 0.3988180193066658,
        "ECE": 0.010193917930698055
    },
    "Isotonic Regression": {
        "Accuracy": 0.8585999999999998,
        "Brier Score": 0.11895447405269682,
        "Log Loss": 0.3988193930650975,
        "ECE": 0.010207451262372063
    },
    "Beta Calibration": {
        "Accuracy": 0.8585999999999998,
        "Brier Score": 0.11895446805865047,
        "Log Loss": 0.39881937445016374,
        "ECE": 0.010207329431923309
    },
    "BBQ": {
        "Accuracy": 0.8585999999999998,
        "Brier Score": 0.11907529034958059,
        "Log Loss": 0.3992213237630315,
        "ECE": 0.011667973298730643
    },
    "Venn-Abers": {
        "Accuracy": 0.8571599999999998,
        "Brier Score": 0.12134404995555523,
        "Log Loss": 0.40713624017487904,
        "ECE": 0.01598254095959732
    }
}