{
    "Base Model": {
        "Accuracy": 0.9740175042348956,
        "Brier Score": 0.02598249576510446,
        "Log Loss": 0.9365040715416297,
        "ECE": 0.10622429114736949
    },
    "Platt Scaling": {
        "Accuracy": 0.9859333025340931,
        "Brier Score": 0.013937357748938905,
        "Log Loss": 0.07615002410263899,
        "ECE": 0.006129667459154767
    },
    "Isotonic Regression": {
        "Accuracy": 0.9859333025340931,
        "Brier Score": 0.013932823461322477,
        "Log Loss": 0.07470505245549786,
        "ECE": 0.004385909563465707
    },
    "Beta Calibration": {
        "Accuracy": 0.9859333025340931,
        "Brier Score": 0.013952311681894161,
        "Log Loss": 0.0790908321396194,
        "ECE": 0.006624630694204163
    },
    "BBQ": {
        "Accuracy": 0.9859333025340931,
        "Brier Score": 0.01389327362362461,
        "Log Loss": 0.07465546403930322,
        "ECE": 0.0036614313201679665
    },
    "Venn-Abers": {
        "Accuracy": 0.9859333025340931,
        "Brier Score": 0.013995843446417792,
        "Log Loss": 0.07650980159240152,
        "ECE": 0.006840740921396185
    }
}