{
    "Base Model": {
        "Accuracy": 0.9144185685452568,
        "Brier Score": 0.08558143145474303,
        "Log Loss": 3.0846674518992474,
        "ECE": 0.08208648678895329
    },
    "Platt Scaling": {
        "Accuracy": 0.9144185685452568,
        "Brier Score": 0.07910038840062482,
        "Log Loss": 0.29696780378852333,
        "ECE": 0.019878991494675875
    },
    "Isotonic Regression": {
        "Accuracy": 0.9144185685452568,
        "Brier Score": 0.07908966021583115,
        "Log Loss": 0.29851124164650966,
        "ECE": 0.019189175859319632
    },
    "Beta Calibration": {
        "Accuracy": 0.9144185685452568,
        "Brier Score": 0.0790896865067829,
        "Log Loss": 0.298511675478208,
        "ECE": 0.01918918451100219
    },
    "BBQ": {
        "Accuracy": 0.9144185685452568,
        "Brier Score": 0.07908966021583115,
        "Log Loss": 0.2985112416465096,
        "ECE": 0.019189175859319615
    },
    "Venn-Abers": {
        "Accuracy": 0.8686290948610462,
        "Brier Score": 0.10823969750050866,
        "Log Loss": 0.3688893476637184,
        "ECE": 0.050780304905889126
    }
}