{
    "Base Model": {
        "Accuracy": 0.8010226124722657,
        "Brier Score": 0.1989773875277345,
        "Log Loss": 7.171871988321705,
        "ECE": 0.20226265810439079
    },
    "Platt Scaling": {
        "Accuracy": 0.8010226124722657,
        "Brier Score": 0.15798918419862387,
        "Log Loss": 0.4946672766391579,
        "ECE": 0.007716684118273831
    },
    "Isotonic Regression": {
        "Accuracy": 0.8010226124722657,
        "Brier Score": 0.1579949424369343,
        "Log Loss": 0.49468015724467224,
        "ECE": 0.007631862547665576
    },
    "Beta Calibration": {
        "Accuracy": 0.8010226124722657,
        "Brier Score": 0.15799492383761074,
        "Log Loss": 0.4946801002380333,
        "ECE": 0.007631017742150154
    },
    "BBQ": {
        "Accuracy": 0.8010226124722657,
        "Brier Score": 0.1579949424369343,
        "Log Loss": 0.4946801572446721,
        "ECE": 0.007631862547665516
    },
    "Venn-Abers": {
        "Accuracy": 0.7375135958079592,
        "Brier Score": 0.18541255362181097,
        "Log Loss": 0.5549488829266266,
        "ECE": 0.023726688527190964
    }
}