{
    "Base Model": {
        "Accuracy": 0.9834499999999998,
        "Brier Score": 0.01655,
        "Log Loss": 0.5965224635898891,
        "ECE": 0.025460645270025915
    },
    "Platt Scaling": {
        "Accuracy": 0.9834499999999998,
        "Brier Score": 0.016058246071371168,
        "Log Loss": 0.07607438480927868,
        "ECE": 0.01280054189153273
    },
    "Isotonic Regression": {
        "Accuracy": 0.9834499999999998,
        "Brier Score": 0.015953232908790076,
        "Log Loss": 0.08180870928061498,
        "ECE": 0.010070929937179451
    },
    "Beta Calibration": {
        "Accuracy": 0.9834499999999998,
        "Brier Score": 0.015953248548596012,
        "Log Loss": 0.08179245129042415,
        "ECE": 0.010071246908736455
    },
    "BBQ": {
        "Accuracy": 0.9834499999999998,
        "Brier Score": 0.01595323290879008,
        "Log Loss": 0.08180870928061498,
        "ECE": 0.010070929937179462
    },
    "Venn-Abers": {
        "Accuracy": 0.9651499999999998,
        "Brier Score": 0.03334425881890705,
        "Log Loss": 0.1359872431793919,
        "ECE": 0.026973506294678037
    }
}