{
    "ECE": {
        "Statistic": 43.56321839080457,
        "p-value": 2.8406460182524113e-08
    },
    "Log Loss": {
        "Statistic": 46.43678160919541,
        "p-value": 7.400085229014725e-09
    }
}