{
    "Accuracy": {
        "Statistic": 22.41525423728816,
        "p-value": 0.00043648088518221447
    }
}