{
    "ECE": {
        "Statistic": 22.470588235294112,
        "p-value": 0.00042600979874520353
    },
    "Log Loss": {
        "Statistic": 45.2285714285714,
        "p-value": 1.3036308469790826e-08
    }
}