{
    "ECE": {
        "Statistic": 36.36231884057972,
        "p-value": 8.037744924748308e-07
    },
    "Log Loss": {
        "Statistic": 29.457142857142856,
        "p-value": 1.8858433505182812e-05
    }
}