{
    "Base Model": {
        "Accuracy": 0.8693406239948538,
        "Brier Score": 0.13065937600514635,
        "Log Loss": 4.709441260767825,
        "ECE": 0.13920657890853302
    },
    "Platt Scaling": {
        "Accuracy": 0.8693406239948538,
        "Brier Score": 0.1112790893285261,
        "Log Loss": 0.37798650881007395,
        "ECE": 0.004867713519996892
    },
    "Isotonic Regression": {
        "Accuracy": 0.8693406239948538,
        "Brier Score": 0.1112801749401015,
        "Log Loss": 0.37799137003953204,
        "ECE": 0.0048686526068348075
    },
    "Beta Calibration": {
        "Accuracy": 0.8693406239948538,
        "Brier Score": 0.1112801806190668,
        "Log Loss": 0.3779913891920267,
        "ECE": 0.0048690307332051415
    },
    "BBQ": {
        "Accuracy": 0.8693406239948538,
        "Brier Score": 0.1112801749401015,
        "Log Loss": 0.37799137003953204,
        "ECE": 0.004868652606834837
    },
    "Venn-Abers": {
        "Accuracy": 0.8104856867159859,
        "Brier Score": 0.14400815036406184,
        "Log Loss": 0.4547463637519069,
        "ECE": 0.010613093159820081
    }
}