{
    "Base Model": {
        "Accuracy": 0.8817546510432728,
        "Brier Score": 0.11824534895672731,
        "Log Loss": 4.261994372671484,
        "ECE": 0.12466807814045933
    },
    "Platt Scaling": {
        "Accuracy": 0.8817546510432728,
        "Brier Score": 0.10272152563983575,
        "Log Loss": 0.35650924785129284,
        "ECE": 0.008718856182278247
    },
    "Isotonic Regression": {
        "Accuracy": 0.8817546510432728,
        "Brier Score": 0.10272731200621818,
        "Log Loss": 0.3565365857009087,
        "ECE": 0.00899663415470164
    },
    "Beta Calibration": {
        "Accuracy": 0.8817546510432728,
        "Brier Score": 0.10272731855132744,
        "Log Loss": 0.35653661519554875,
        "ECE": 0.008997346146484363
    },
    "BBQ": {
        "Accuracy": 0.8817546510432728,
        "Brier Score": 0.10272731200621818,
        "Log Loss": 0.3565365857009086,
        "ECE": 0.008996634154701448
    },
    "Venn-Abers": {
        "Accuracy": 0.8572302052283551,
        "Brier Score": 0.1180735366567486,
        "Log Loss": 0.3940011431849553,
        "ECE": 0.021292879653340733
    }
}