{
    "Base Model": {
        "Accuracy": 0.9835464536503096,
        "Brier Score": 0.01645354634969048,
        "Log Loss": 0.5930459216500177,
        "ECE": 0.049354520540502926
    },
    "Platt Scaling": {
        "Accuracy": 0.9835464536503096,
        "Brier Score": 0.013954994380683941,
        "Log Loss": 0.06598659771707323,
        "ECE": 0.004553040304420429
    },
    "Isotonic Regression": {
        "Accuracy": 0.9835464536503096,
        "Brier Score": 0.013946543028892488,
        "Log Loss": 0.0660112507947906,
        "ECE": 0.004245941774114084
    },
    "Beta Calibration": {
        "Accuracy": 0.9835464536503096,
        "Brier Score": 0.013946568131352071,
        "Log Loss": 0.06601129122793098,
        "ECE": 0.004247815853060382
    },
    "BBQ": {
        "Accuracy": 0.9835464536503096,
        "Brier Score": 0.013946543028892488,
        "Log Loss": 0.0660112507947906,
        "ECE": 0.0042459417741140815
    },
    "Venn-Abers": {
        "Accuracy": 0.9805330420325586,
        "Brier Score": 0.016632844756044568,
        "Log Loss": 0.07915792941984168,
        "ECE": 0.009929477290067283
    }
}