{
    "Base Model": {
        "Accuracy": 0.9975436266215802,
        "Brier Score": 0.0024563733784195895,
        "Log Loss": 0.08853667064601059,
        "ECE": 0.004552545820949235
    },
    "Platt Scaling": {
        "Accuracy": 0.9975436266215802,
        "Brier Score": 0.0024355918424553216,
        "Log Loss": 0.015237871993101478,
        "ECE": 0.00185663122484124
    },
    "Isotonic Regression": {
        "Accuracy": 0.9975436266215802,
        "Brier Score": 0.0024337925738394926,
        "Log Loss": 0.016708894401979348,
        "ECE": 0.0016695968428979016
    },
    "Beta Calibration": {
        "Accuracy": 0.9975436266215802,
        "Brier Score": 0.002433792942459481,
        "Log Loss": 0.01669678527237421,
        "ECE": 0.0016695901521082185
    },
    "BBQ": {
        "Accuracy": 0.9975436266215802,
        "Brier Score": 0.0024337925738394926,
        "Log Loss": 0.016708894401979348,
        "ECE": 0.0016695968428979075
    },
    "Venn-Abers": {
        "Accuracy": 0.9975436266215802,
        "Brier Score": 0.00247561765049548,
        "Log Loss": 0.016448934108359903,
        "ECE": 0.005212324202115415
    }
}