{
    "Base Model": {
        "Accuracy": 0.9184259259259258,
        "Brier Score": 0.08157407407407406,
        "Log Loss": 2.9402276514640935,
        "ECE": 0.08635809887059077
    },
    "Platt Scaling": {
        "Accuracy": 0.9184259259259258,
        "Brier Score": 0.07411104939382114,
        "Log Loss": 0.27744847890650626,
        "ECE": 0.004565533578676761
    },
    "Isotonic Regression": {
        "Accuracy": 0.9184259259259258,
        "Brier Score": 0.07411274496446685,
        "Log Loss": 0.2774612964331657,
        "ECE": 0.004720244257432034
    },
    "Beta Calibration": {
        "Accuracy": 0.9184259259259258,
        "Brier Score": 0.07411274384722481,
        "Log Loss": 0.27746128863544045,
        "ECE": 0.004719988119572008
    },
    "BBQ": {
        "Accuracy": 0.9184259259259258,
        "Brier Score": 0.07411274496446685,
        "Log Loss": 0.2774612964331657,
        "ECE": 0.004720244257432028
    },
    "Venn-Abers": {
        "Accuracy": 0.8675308641975309,
        "Brier Score": 0.10435922315876187,
        "Log Loss": 0.3514591296666774,
        "ECE": 0.010204451570176624
    }
}