{
    "Base Model": {
        "Accuracy": 0.8646846665638611,
        "Brier Score": 0.13531533343613883,
        "Log Loss": 4.8772589766050025,
        "ECE": 0.13498782285535238
    },
    "Platt Scaling": {
        "Accuracy": 0.8646846665638611,
        "Brier Score": 0.1170956353524477,
        "Log Loss": 0.39675107835869033,
        "ECE": 0.006705396623714005
    },
    "Isotonic Regression": {
        "Accuracy": 0.8646846665638611,
        "Brier Score": 0.1170954274583066,
        "Log Loss": 0.39675517443571295,
        "ECE": 0.006665528802420137
    },
    "Beta Calibration": {
        "Accuracy": 0.8646846665638611,
        "Brier Score": 0.11709543100282502,
        "Log Loss": 0.39675518541288196,
        "ECE": 0.00666552079132453
    },
    "BBQ": {
        "Accuracy": 0.8646846665638611,
        "Brier Score": 0.1170954274583066,
        "Log Loss": 0.39675517443571295,
        "ECE": 0.006665528802420146
    },
    "Venn-Abers": {
        "Accuracy": 0.8111624468000308,
        "Brier Score": 0.14217224093839093,
        "Log Loss": 0.45377800059230416,
        "ECE": 0.016783065706976196
    }
}