{
    "Base Model": {
        "Accuracy": 0.6879891845663658,
        "Brier Score": 0.31201081543363424,
        "Log Loss": 11.246009685145719,
        "ECE": 0.33135361580284695
    },
    "Platt Scaling": {
        "Accuracy": 0.688159446817165,
        "Brier Score": 0.20219662321583745,
        "Log Loss": 0.5929344697785401,
        "ECE": 0.008283794249208151
    },
    "Isotonic Regression": {
        "Accuracy": 0.688159446817165,
        "Brier Score": 0.2021978142241,
        "Log Loss": 0.5929372700415898,
        "ECE": 0.008285094679973504
    },
    "Beta Calibration": {
        "Accuracy": 0.688159446817165,
        "Brier Score": 0.2021979058535836,
        "Log Loss": 0.5929374544197425,
        "ECE": 0.00831284693136175
    },
    "BBQ": {
        "Accuracy": 0.688159446817165,
        "Brier Score": 0.2021978142241,
        "Log Loss": 0.5929372700415897,
        "ECE": 0.008285094679973527
    },
    "Venn-Abers": {
        "Accuracy": 0.6887210105330912,
        "Brier Score": 0.21087856221910856,
        "Log Loss": 0.6123979308907432,
        "ECE": 0.016300368801113435
    }
}