{
    "Base Model": {
        "Accuracy": 0.8166822429906543,
        "Brier Score": 0.18331775700934583,
        "Log Loss": 6.607441693715262,
        "ECE": 0.18405730646403293
    },
    "Platt Scaling": {
        "Accuracy": 0.8166822429906543,
        "Brier Score": 0.14943010336497772,
        "Log Loss": 0.4754452051078515,
        "ECE": 0.0045721625977342365
    },
    "Isotonic Regression": {
        "Accuracy": 0.8166822429906543,
        "Brier Score": 0.14943035719007514,
        "Log Loss": 0.47544726411497407,
        "ECE": 0.004584889672799142
    },
    "Beta Calibration": {
        "Accuracy": 0.8166822429906543,
        "Brier Score": 0.1494303621622044,
        "Log Loss": 0.4754472821432996,
        "ECE": 0.004585268600448394
    },
    "BBQ": {
        "Accuracy": 0.8166822429906543,
        "Brier Score": 0.14943035719007514,
        "Log Loss": 0.47544726411497407,
        "ECE": 0.0045848896727991514
    },
    "Venn-Abers": {
        "Accuracy": 0.7583311081441921,
        "Brier Score": 0.17120573729355207,
        "Log Loss": 0.5229224013477048,
        "ECE": 0.012404948126928241
    }
}