{
    "Base Model": {
        "Accuracy": 0.7596233348644925,
        "Brier Score": 0.2403766651355076,
        "Log Loss": 8.664053200976117,
        "ECE": 0.3021615315227365
    },
    "Platt Scaling": {
        "Accuracy": 0.8065227377124483,
        "Brier Score": 0.1491720426405125,
        "Log Loss": 0.4718066930294237,
        "ECE": 0.01356532356605347
    },
    "Isotonic Regression": {
        "Accuracy": 0.8065227377124483,
        "Brier Score": 0.1491741465100071,
        "Log Loss": 0.4718080469841734,
        "ECE": 0.013617841078038252
    },
    "Beta Calibration": {
        "Accuracy": 0.8065227377124483,
        "Brier Score": 0.14917403295402873,
        "Log Loss": 0.4718078001677153,
        "ECE": 0.01361385201568876
    },
    "BBQ": {
        "Accuracy": 0.8065227377124483,
        "Brier Score": 0.1491741465100071,
        "Log Loss": 0.4718080469841734,
        "ECE": 0.013617841078038227
    },
    "Venn-Abers": {
        "Accuracy": 0.8065227377124483,
        "Brier Score": 0.15474948199026745,
        "Log Loss": 0.48762304512451715,
        "ECE": 0.016015711075154017
    }
}