{
    "Base Model": {
        "Accuracy": 0.8004150286700623,
        "Brier Score": 0.19958497132993774,
        "Log Loss": 7.19377152829316,
        "ECE": 0.19923409500867276
    },
    "Platt Scaling": {
        "Accuracy": 0.8004150286700623,
        "Brier Score": 0.15991474828458535,
        "Log Loss": 0.5003414014658754,
        "ECE": 0.00850162289075259
    },
    "Isotonic Regression": {
        "Accuracy": 0.8004150286700623,
        "Brier Score": 0.15991379539098818,
        "Log Loss": 0.5003409852011839,
        "ECE": 0.008481085672261463
    },
    "Beta Calibration": {
        "Accuracy": 0.8004150286700623,
        "Brier Score": 0.1599137970580694,
        "Log Loss": 0.5003409947850791,
        "ECE": 0.008481267782494027
    },
    "BBQ": {
        "Accuracy": 0.8004150286700623,
        "Brier Score": 0.15991379539098816,
        "Log Loss": 0.500340985201184,
        "ECE": 0.00848108567226146
    },
    "Venn-Abers": {
        "Accuracy": 0.7085242721484333,
        "Brier Score": 0.18820631055598228,
        "Log Loss": 0.5614819420354146,
        "ECE": 0.023642617227981316
    }
}