{
    "Base Model": {
        "Accuracy": 0.9963776696013538,
        "Brier Score": 0.003622330398646188,
        "Log Loss": 0.13056202134966596,
        "ECE": 0.0033577100588644353
    },
    "Platt Scaling": {
        "Accuracy": 0.9963776696013538,
        "Brier Score": 0.0036116590739740328,
        "Log Loss": 0.024309177206976722,
        "ECE": 0.0012979052195627807
    },
    "Isotonic Regression": {
        "Accuracy": 0.9963776696013538,
        "Brier Score": 0.0036119847854378714,
        "Log Loss": 0.03053570673696095,
        "ECE": 0.0012594212715626313
    },
    "Beta Calibration": {
        "Accuracy": 0.9963776696013538,
        "Brier Score": 0.00361198281824251,
        "Log Loss": 0.02807315977329957,
        "ECE": 0.0012593455173646848
    },
    "BBQ": {
        "Accuracy": 0.9963776696013538,
        "Brier Score": 0.0036119847854378714,
        "Log Loss": 0.030535706736960974,
        "ECE": 0.001259421271562638
    },
    "Venn-Abers": {
        "Accuracy": 0.9874656325643169,
        "Brier Score": 0.008514621101958829,
        "Log Loss": 0.03878062026819456,
        "ECE": 0.004564926134765928
    }
}