{
    "Base Model": {
        "Accuracy": 0.9108291626682414,
        "Brier Score": 0.08917083733175858,
        "Log Loss": 3.214042753203253,
        "ECE": 0.08895169663472874
    },
    "Platt Scaling": {
        "Accuracy": 0.9108291626682414,
        "Brier Score": 0.08127029634749727,
        "Log Loss": 0.30090656161960744,
        "ECE": 0.006247925163791079
    },
    "Isotonic Regression": {
        "Accuracy": 0.9108291626682414,
        "Brier Score": 0.08126575760315942,
        "Log Loss": 0.3008889723815058,
        "ECE": 0.006072426060161239
    },
    "Beta Calibration": {
        "Accuracy": 0.9108291626682414,
        "Brier Score": 0.08126576071334035,
        "Log Loss": 0.3008889930264447,
        "ECE": 0.006072686799468311
    },
    "BBQ": {
        "Accuracy": 0.9108291626682414,
        "Brier Score": 0.08126575760315942,
        "Log Loss": 0.3008889723815058,
        "ECE": 0.006072426060161232
    },
    "Venn-Abers": {
        "Accuracy": 0.8196175881498979,
        "Brier Score": 0.1218232594534517,
        "Log Loss": 0.39606432742721753,
        "ECE": 0.01414427450061868
    }
}