{
    "Base Model": {
        "Accuracy": 0.8062969599111065,
        "Brier Score": 0.1937030400888935,
        "Log Loss": 6.9817652373823424,
        "ECE": 0.1937538766896231
    },
    "Platt Scaling": {
        "Accuracy": 0.8062969599111065,
        "Brier Score": 0.15617880528826678,
        "Log Loss": 0.4915112778002602,
        "ECE": 0.007358247011898447
    },
    "Isotonic Regression": {
        "Accuracy": 0.8062969599111065,
        "Brier Score": 0.15617632089706782,
        "Log Loss": 0.4915072712800061,
        "ECE": 0.00734749039201406
    },
    "Beta Calibration": {
        "Accuracy": 0.8062969599111065,
        "Brier Score": 0.15617631481921893,
        "Log Loss": 0.49150725466641615,
        "ECE": 0.007347401240012808
    },
    "BBQ": {
        "Accuracy": 0.8062969599111065,
        "Brier Score": 0.15617632089706782,
        "Log Loss": 0.4915072712800061,
        "ECE": 0.0073474903920140566
    },
    "Venn-Abers": {
        "Accuracy": 0.6960023033607076,
        "Brier Score": 0.19278692861126437,
        "Log Loss": 0.570744254075735,
        "ECE": 0.02024265077309608
    }
}