{
    "Base Model": {
        "Accuracy": 0.9068358859634027,
        "Brier Score": 0.09316411403659725,
        "Log Loss": 3.3579750346392956,
        "ECE": 0.09728551059605899
    },
    "Platt Scaling": {
        "Accuracy": 0.9068358859634027,
        "Brier Score": 0.08371034173469237,
        "Log Loss": 0.3054761785158801,
        "ECE": 0.006634723275784103
    },
    "Isotonic Regression": {
        "Accuracy": 0.9068358859634027,
        "Brier Score": 0.08371054072465356,
        "Log Loss": 0.3054840691913838,
        "ECE": 0.006719426753796514
    },
    "Beta Calibration": {
        "Accuracy": 0.9068358859634027,
        "Brier Score": 0.08371054891751299,
        "Log Loss": 0.30548410431374856,
        "ECE": 0.006719557484756709
    },
    "BBQ": {
        "Accuracy": 0.9068358859634027,
        "Brier Score": 0.08371054072465356,
        "Log Loss": 0.3054840691913838,
        "ECE": 0.006719426753796515
    },
    "Venn-Abers": {
        "Accuracy": 0.8648122272954487,
        "Brier Score": 0.10958669995128197,
        "Log Loss": 0.3686356272111025,
        "ECE": 0.013735381239175977
    }
}