{
    "Base Model": {
        "Accuracy": 0.8281076760709538,
        "Brier Score": 0.1718923239290462,
        "Log Loss": 6.195627343948387,
        "ECE": 0.17161303586231857
    },
    "Platt Scaling": {
        "Accuracy": 0.8281076760709538,
        "Brier Score": 0.14244439783214183,
        "Log Loss": 0.45922569476704594,
        "ECE": 0.005910330220454393
    },
    "Isotonic Regression": {
        "Accuracy": 0.8281076760709538,
        "Brier Score": 0.14244562469545158,
        "Log Loss": 0.4592319838259876,
        "ECE": 0.005893048116552413
    },
    "Beta Calibration": {
        "Accuracy": 0.8281076760709538,
        "Brier Score": 0.14244562665483262,
        "Log Loss": 0.45923199105415263,
        "ECE": 0.005893147472096005
    },
    "BBQ": {
        "Accuracy": 0.8281076760709538,
        "Brier Score": 0.14244562469545155,
        "Log Loss": 0.4592319838259876,
        "ECE": 0.005893048116552393
    },
    "Venn-Abers": {
        "Accuracy": 0.7239873629430753,
        "Brier Score": 0.1767635351244557,
        "Log Loss": 0.5340397565667991,
        "ECE": 0.015275461787122102
    }
}