{
    "Base Model": {
        "Accuracy": 0.7385258514788717,
        "Brier Score": 0.2614741485211283,
        "Log Loss": 9.42448357951009,
        "ECE": 0.28281082373343003
    },
    "Platt Scaling": {
        "Accuracy": 0.7385258514788717,
        "Brier Score": 0.18137129898890814,
        "Log Loss": 0.5454978407947122,
        "ECE": 0.005088651557154823
    },
    "Isotonic Regression": {
        "Accuracy": 0.7385258514788717,
        "Brier Score": 0.18137114215520114,
        "Log Loss": 0.5454973088367194,
        "ECE": 0.005097782464453055
    },
    "Beta Calibration": {
        "Accuracy": 0.7385258514788717,
        "Brier Score": 0.1813711389237336,
        "Log Loss": 0.5454972972239086,
        "ECE": 0.0050977802405786695
    },
    "BBQ": {
        "Accuracy": 0.7385258514788717,
        "Brier Score": 0.18137114215520114,
        "Log Loss": 0.5454973088367194,
        "ECE": 0.0050977824644530675
    },
    "Venn-Abers": {
        "Accuracy": 0.7379523310395794,
        "Brier Score": 0.18192500663842268,
        "Log Loss": 0.546803291758031,
        "ECE": 0.019103541051097742
    }
}