{
    "Base Model": {
        "Accuracy": 0.9813913663760323,
        "Brier Score": 0.01860802213095342,
        "Log Loss": 0.6538429285384986,
        "ECE": 0.059774292347553895
    },
    "Platt Scaling": {
        "Accuracy": 0.9806133510011732,
        "Brier Score": 0.015044082163789201,
        "Log Loss": 0.06941056212034875,
        "ECE": 0.009225390520803994
    },
    "Isotonic Regression": {
        "Accuracy": 0.9806133510011732,
        "Brier Score": 0.01502904492805029,
        "Log Loss": 0.0693906781749534,
        "ECE": 0.00816214390074733
    },
    "Beta Calibration": {
        "Accuracy": 0.9806133510011732,
        "Brier Score": 0.015029131680561317,
        "Log Loss": 0.06938975627211906,
        "ECE": 0.008944168103416129
    },
    "BBQ": {
        "Accuracy": 0.9806133510011732,
        "Brier Score": 0.01502904492805029,
        "Log Loss": 0.0693906781749534,
        "ECE": 0.008162143900747335
    },
    "Venn-Abers": {
        "Accuracy": 0.9800948313571637,
        "Brier Score": 0.015213882858847791,
        "Log Loss": 0.0691609067509304,
        "ECE": 0.01275405665292908
    }
}