{
    "Base Model": {
        "Accuracy": 0.8983914791954933,
        "Brier Score": 0.10248087023480106,
        "Log Loss": 3.586784591749546,
        "ECE": 0.21609526956457598
    },
    "Platt Scaling": {
        "Accuracy": 0.9403380440809898,
        "Brier Score": 0.05568883743094993,
        "Log Loss": 0.22308415571548282,
        "ECE": 0.005736231372453738
    },
    "Isotonic Regression": {
        "Accuracy": 0.9403380440809898,
        "Brier Score": 0.055677445960536975,
        "Log Loss": 0.22303841425997079,
        "ECE": 0.005106388394488543
    },
    "Beta Calibration": {
        "Accuracy": 0.9403380440809898,
        "Brier Score": 0.05568373579490221,
        "Log Loss": 0.22308310929558994,
        "ECE": 0.005269297730112861
    },
    "BBQ": {
        "Accuracy": 0.9403380440809898,
        "Brier Score": 0.05575548026718107,
        "Log Loss": 0.22361363831888423,
        "ECE": 0.007110865253195026
    },
    "Venn-Abers": {
        "Accuracy": 0.9402667609852666,
        "Brier Score": 0.056060761325906414,
        "Log Loss": 0.22459068915159544,
        "ECE": 0.015574513734262743
    }
}