{
    "Base Model": {
        "Accuracy": 0.8255856851411084,
        "Brier Score": 0.1744143148588915,
        "Log Loss": 6.286529110874231,
        "ECE": 0.17412780734767516
    },
    "Platt Scaling": {
        "Accuracy": 0.8255856851411084,
        "Brier Score": 0.14406464686031442,
        "Log Loss": 0.4630590603571938,
        "ECE": 0.0051584041579692645
    },
    "Isotonic Regression": {
        "Accuracy": 0.8255856851411084,
        "Brier Score": 0.14406342582915144,
        "Log Loss": 0.46305637803733257,
        "ECE": 0.005112283148174473
    },
    "Beta Calibration": {
        "Accuracy": 0.8255856851411084,
        "Brier Score": 0.14406342823461293,
        "Log Loss": 0.46305638686983336,
        "ECE": 0.005112479126539517
    },
    "BBQ": {
        "Accuracy": 0.8255856851411084,
        "Brier Score": 0.14406342582915144,
        "Log Loss": 0.46305637803733257,
        "ECE": 0.005112283148174441
    },
    "Venn-Abers": {
        "Accuracy": 0.8255856851411084,
        "Brier Score": 0.14419742148976716,
        "Log Loss": 0.4635048119408375,
        "ECE": 0.008866566629674041
    }
}