{
    "Base Model": {
        "Accuracy": 0.7396799065879683,
        "Brier Score": 0.2601383722601844,
        "Log Loss": 9.371682741271544,
        "ECE": 0.25997125108422103
    },
    "Platt Scaling": {
        "Accuracy": 0.7397249433498224,
        "Brier Score": 0.19258591026807495,
        "Log Loss": 0.5734956240174087,
        "ECE": 0.00816076582345247
    },
    "Isotonic Regression": {
        "Accuracy": 0.7397442380227924,
        "Brier Score": 0.19257746473039872,
        "Log Loss": 0.5734792227130313,
        "ECE": 0.007956337016831539
    },
    "Beta Calibration": {
        "Accuracy": 0.7397892644423046,
        "Brier Score": 0.1925771054480009,
        "Log Loss": 0.5734783301107498,
        "ECE": 0.007916953609738408
    },
    "BBQ": {
        "Accuracy": 0.7396992074663434,
        "Brier Score": 0.19262693474476258,
        "Log Loss": 0.5735933436253072,
        "ECE": 0.009200273724258275
    },
    "Venn-Abers": {
        "Accuracy": 0.7397892685792415,
        "Brier Score": 0.19294061750867242,
        "Log Loss": 0.5744049910006627,
        "ECE": 0.018132481076427943
    }
}