{
    "Base Model": {
        "Accuracy": 0.8028294413482183,
        "Brier Score": 0.1971705586517816,
        "Log Loss": 7.1067472745834115,
        "ECE": 0.19724841802387144
    },
    "Platt Scaling": {
        "Accuracy": 0.8028294413482183,
        "Brier Score": 0.1583467441361186,
        "Log Loss": 0.49660673180543324,
        "ECE": 0.01022878930895551
    },
    "Isotonic Regression": {
        "Accuracy": 0.8028294413482183,
        "Brier Score": 0.15834681172679008,
        "Log Loss": 0.49661123213179514,
        "ECE": 0.010166257922268631
    },
    "Beta Calibration": {
        "Accuracy": 0.8028294413482183,
        "Brier Score": 0.158346817754864,
        "Log Loss": 0.4966112509769878,
        "ECE": 0.010166380952421275
    },
    "BBQ": {
        "Accuracy": 0.8028294413482183,
        "Brier Score": 0.15834681172679008,
        "Log Loss": 0.4966112321317951,
        "ECE": 0.01016625792226862
    },
    "Venn-Abers": {
        "Accuracy": 0.8028294413482183,
        "Brier Score": 0.1589026803776793,
        "Log Loss": 0.4984306464673201,
        "ECE": 0.021264721114765583
    }
}