{
    "Base Model": {
        "Accuracy": 0.9998611311933681,
        "Brier Score": 0.00013886880663196454,
        "Log Loss": 0.005005339132803085,
        "ECE": 2.2063929744153704e-05
    },
    "Platt Scaling": {
        "Accuracy": 0.9998611311933681,
        "Brier Score": 0.00013985911482511544,
        "Log Loss": 0.00204873820609231,
        "ECE": 0.0008990349891755228
    },
    "Isotonic Regression": {
        "Accuracy": 0.9998611311933681,
        "Brier Score": 0.0001389396659573069,
        "Log Loss": 0.0044581130877739605,
        "ECE": 0.00016583220606488023
    },
    "Beta Calibration": {
        "Accuracy": 0.9998611311933681,
        "Brier Score": 0.0001389398132036716,
        "Log Loss": 0.003437254141788964,
        "ECE": 0.00016594774900133332
    },
    "BBQ": {
        "Accuracy": 0.9998611311933681,
        "Brier Score": 0.00013893966595730688,
        "Log Loss": 0.00445811308777394,
        "ECE": 0.00016583220606480282
    },
    "Venn-Abers": {
        "Accuracy": 0.9998611311933681,
        "Brier Score": 0.0001536341178146258,
        "Log Loss": 0.0047016877655654335,
        "ECE": 0.0038193267332381183
    }
}