{
    "Base Model": {
        "Accuracy": 0.8227169559412549,
        "Brier Score": 0.17728304405874495,
        "Log Loss": 6.38992859182099,
        "ECE": 0.17812105938594802
    },
    "Platt Scaling": {
        "Accuracy": 0.8227169559412549,
        "Brier Score": 0.1455064943104708,
        "Log Loss": 0.46606533121737337,
        "ECE": 0.003456907208354246
    },
    "Isotonic Regression": {
        "Accuracy": 0.8227169559412549,
        "Brier Score": 0.1455077115009625,
        "Log Loss": 0.46607072962345375,
        "ECE": 0.003529135568692317
    },
    "Beta Calibration": {
        "Accuracy": 0.8227169559412549,
        "Brier Score": 0.1455077165762799,
        "Log Loss": 0.4660707509084056,
        "ECE": 0.003528981691810861
    },
    "BBQ": {
        "Accuracy": 0.8227169559412549,
        "Brier Score": 0.1455077115009625,
        "Log Loss": 0.46607072962345375,
        "ECE": 0.0035291355686923186
    },
    "Venn-Abers": {
        "Accuracy": 0.8227169559412549,
        "Brier Score": 0.1457552071217854,
        "Log Loss": 0.46686175124249707,
        "ECE": 0.012079439636734945
    }
}