{
    "Base Model": {
        "Accuracy": 0.7514010105649974,
        "Brier Score": 0.24819705083477991,
        "Log Loss": 8.785535697027072,
        "ECE": 0.31381024677758435
    },
    "Platt Scaling": {
        "Accuracy": 0.8065227377124483,
        "Brier Score": 0.1504879371364677,
        "Log Loss": 0.47541385471719766,
        "ECE": 0.029392726659959026
    },
    "Isotonic Regression": {
        "Accuracy": 0.8065227377124483,
        "Brier Score": 0.1504391073345331,
        "Log Loss": 0.47518464727146364,
        "ECE": 0.014517694715321692
    },
    "Beta Calibration": {
        "Accuracy": 0.8065227377124483,
        "Brier Score": 0.15045284694318176,
        "Log Loss": 0.4752750797152304,
        "ECE": 0.028687630137584682
    },
    "BBQ": {
        "Accuracy": 0.8065227377124483,
        "Brier Score": 0.1503857106294589,
        "Log Loss": 0.47508241711197363,
        "ECE": 0.013748125439503298
    },
    "Venn-Abers": {
        "Accuracy": 0.8061460725769407,
        "Brier Score": 0.15073164042855866,
        "Log Loss": 0.47484097649115237,
        "ECE": 0.02750560393501825
    }
}