{
    "Base Model": {
        "Accuracy": 0.9164058536541758,
        "Brier Score": 0.08359414634582418,
        "Log Loss": 3.0130384362480216,
        "ECE": 0.08480875003773428
    },
    "Platt Scaling": {
        "Accuracy": 0.9164058536541758,
        "Brier Score": 0.07642159536040319,
        "Log Loss": 0.2862241899453058,
        "ECE": 0.006302616193506209
    },
    "Isotonic Regression": {
        "Accuracy": 0.9164058536541758,
        "Brier Score": 0.07642122728875704,
        "Log Loss": 0.2862317688697029,
        "ECE": 0.006461460191656987
    },
    "Beta Calibration": {
        "Accuracy": 0.9164058536541758,
        "Brier Score": 0.0764212232146164,
        "Log Loss": 0.28623175094826636,
        "ECE": 0.006461190416285805
    },
    "BBQ": {
        "Accuracy": 0.9164058536541758,
        "Brier Score": 0.07642122728875704,
        "Log Loss": 0.286231768869703,
        "ECE": 0.006461460191656965
    },
    "Venn-Abers": {
        "Accuracy": 0.9164058536541758,
        "Brier Score": 0.07668105118644904,
        "Log Loss": 0.28770912310831553,
        "ECE": 0.015329245950294898
    }
}