{
    "Base Model": {
        "Accuracy": 0.9298295271791572,
        "Brier Score": 0.07017047282084272,
        "Log Loss": 2.52920020050492,
        "ECE": 0.07460151510533597
    },
    "Platt Scaling": {
        "Accuracy": 0.9298295271791572,
        "Brier Score": 0.06461318431419671,
        "Log Loss": 0.24949147083881512,
        "ECE": 0.004808260808836686
    },
    "Isotonic Regression": {
        "Accuracy": 0.9298295271791572,
        "Brier Score": 0.06461369531330048,
        "Log Loss": 0.24949844955631056,
        "ECE": 0.004840511273481942
    },
    "Beta Calibration": {
        "Accuracy": 0.9298295271791572,
        "Brier Score": 0.06461369697398955,
        "Log Loss": 0.2494984466562421,
        "ECE": 0.004840881023562949
    },
    "BBQ": {
        "Accuracy": 0.9298295271791572,
        "Brier Score": 0.06461369531330048,
        "Log Loss": 0.24949844955631056,
        "ECE": 0.004840511273481937
    },
    "Venn-Abers": {
        "Accuracy": 0.9298295271791572,
        "Brier Score": 0.06473325515958878,
        "Log Loss": 0.25022719314829206,
        "ECE": 0.010222853337721575
    }
}