{
    "Base Model": {
        "Accuracy": 0.6237941521662927,
        "Brier Score": 0.3759684979642,
        "Log Loss": 13.545387181597992,
        "ECE": 0.3757207728911321
    },
    "Platt Scaling": {
        "Accuracy": 0.6237941521662927,
        "Brier Score": 0.23476918076660427,
        "Log Loss": 0.6623788252733525,
        "ECE": 0.007144277030924854
    },
    "Isotonic Regression": {
        "Accuracy": 0.6238318339797655,
        "Brier Score": 0.2347815901472138,
        "Log Loss": 0.6624047427321399,
        "ECE": 0.0060637981054091775
    },
    "Beta Calibration": {
        "Accuracy": 0.6238318339797655,
        "Brier Score": 0.23478070226565656,
        "Log Loss": 0.6624028634379816,
        "ECE": 0.007776928922704913
    },
    "BBQ": {
        "Accuracy": 0.62382430102308,
        "Brier Score": 0.23479124918101438,
        "Log Loss": 0.6624260050649912,
        "ECE": 0.007862766748841385
    },
    "Venn-Abers": {
        "Accuracy": 0.6238695072782157,
        "Brier Score": 0.23539715254760069,
        "Log Loss": 0.6637335189354903,
        "ECE": 0.0220137625298607
    }
}