{
    "Base Model": {
        "Accuracy": 0.9568611488014475,
        "Brier Score": 0.03809525110168026,
        "Log Loss": 1.1611684382592748,
        "ECE": 0.036945735321847
    },
    "Platt Scaling": {
        "Accuracy": 0.9576119402985076,
        "Brier Score": 0.037512470298473106,
        "Log Loss": 0.15913498149477623,
        "ECE": 0.026702564659692597
    },
    "Isotonic Regression": {
        "Accuracy": 0.957449118046133,
        "Brier Score": 0.03695768551204643,
        "Log Loss": 0.1575355612647507,
        "ECE": 0.010469485064270945
    },
    "Beta Calibration": {
        "Accuracy": 0.9579375848032565,
        "Brier Score": 0.036838443147490345,
        "Log Loss": 0.15707207146235175,
        "ECE": 0.013628423199736275
    },
    "BBQ": {
        "Accuracy": 0.9570872908186341,
        "Brier Score": 0.03731001029786984,
        "Log Loss": 0.15872604518825806,
        "ECE": 0.021907286973761608
    },
    "Venn-Abers": {
        "Accuracy": 0.9568701944821347,
        "Brier Score": 0.03787372846345288,
        "Log Loss": 0.16227917891957777,
        "ECE": 0.022538206725664242
    }
}