{
    "Base Model": {
        "Accuracy": 0.85033,
        "Brier Score": 0.14967,
        "Log Loss": 5.394653602749164,
        "ECE": 0.1547989271553334
    },
    "Platt Scaling": {
        "Accuracy": 0.85033,
        "Brier Score": 0.12570182491843734,
        "Log Loss": 0.4161531541336445,
        "ECE": 0.00800396813292544
    },
    "Isotonic Regression": {
        "Accuracy": 0.85033,
        "Brier Score": 0.12570062169405907,
        "Log Loss": 0.4161518797855536,
        "ECE": 0.008014048796375182
    },
    "Beta Calibration": {
        "Accuracy": 0.85033,
        "Brier Score": 0.12570062045817074,
        "Log Loss": 0.41615186985714836,
        "ECE": 0.008014252885722033
    },
    "BBQ": {
        "Accuracy": 0.85033,
        "Brier Score": 0.12570062169405907,
        "Log Loss": 0.4161518797855536,
        "ECE": 0.008014048796375161
    },
    "Venn-Abers": {
        "Accuracy": 0.85033,
        "Brier Score": 0.1260845153818079,
        "Log Loss": 0.41746853244339066,
        "ECE": 0.016661137391793222
    }
}