{
    "Base Model": {
        "Accuracy": 0.9877093815080973,
        "Brier Score": 0.012290618491902803,
        "Log Loss": 0.44299879286001875,
        "ECE": 0.020642499652172838
    },
    "Platt Scaling": {
        "Accuracy": 0.9877093815080973,
        "Brier Score": 0.011868348134237332,
        "Log Loss": 0.059409173350410203,
        "ECE": 0.0031399602994670026
    },
    "Isotonic Regression": {
        "Accuracy": 0.9877093815080973,
        "Brier Score": 0.011867385971671038,
        "Log Loss": 0.05945489887812032,
        "ECE": 0.003290558194444682
    },
    "Beta Calibration": {
        "Accuracy": 0.9877093815080973,
        "Brier Score": 0.011867392421160002,
        "Log Loss": 0.05945498041488009,
        "ECE": 0.003291280768990783
    },
    "BBQ": {
        "Accuracy": 0.9877093815080973,
        "Brier Score": 0.011867385971671038,
        "Log Loss": 0.05945489887812032,
        "ECE": 0.003290558194444686
    },
    "Venn-Abers": {
        "Accuracy": 0.9877093815080973,
        "Brier Score": 0.011975151140139141,
        "Log Loss": 0.06060337707769339,
        "ECE": 0.008681232353842487
    }
}