{
    "Base Model": {
        "Accuracy": 0.62621,
        "Brier Score": 0.3609934343659632,
        "Log Loss": 12.547937681404001,
        "ECE": 0.356810016562526
    },
    "Platt Scaling": {
        "Accuracy": 0.62644,
        "Brier Score": 0.23355188105178148,
        "Log Loss": 0.659874792072182,
        "ECE": 0.004373522416358946
    },
    "Isotonic Regression": {
        "Accuracy": 0.62506,
        "Brier Score": 0.23362922174199774,
        "Log Loss": 0.6600309259870463,
        "ECE": 0.006770134482589353
    },
    "Beta Calibration": {
        "Accuracy": 0.62506,
        "Brier Score": 0.23362945715764025,
        "Log Loss": 0.660031399265681,
        "ECE": 0.0067774848554961
    },
    "BBQ": {
        "Accuracy": 0.62555,
        "Brier Score": 0.23381453514890668,
        "Log Loss": 0.6604110155337607,
        "ECE": 0.012059382702332517
    },
    "Venn-Abers": {
        "Accuracy": 0.62456,
        "Brier Score": 0.2344650234670816,
        "Log Loss": 0.6617864659679311,
        "ECE": 0.022580654348105317
    }
}