{
    "Base Model": {
        "Accuracy": 0.9046750192387778,
        "Brier Score": 0.09532498076122237,
        "Log Loss": 3.43586056588176,
        "ECE": 0.10289462340689842
    },
    "Platt Scaling": {
        "Accuracy": 0.9046750192387778,
        "Brier Score": 0.08480006715769452,
        "Log Loss": 0.3068336413618832,
        "ECE": 0.007757793860130873
    },
    "Isotonic Regression": {
        "Accuracy": 0.9046750192387778,
        "Brier Score": 0.08479380511203154,
        "Log Loss": 0.3068150419116459,
        "ECE": 0.007378220994958707
    },
    "Beta Calibration": {
        "Accuracy": 0.9046750192387778,
        "Brier Score": 0.0847938065461112,
        "Log Loss": 0.3068150357795932,
        "ECE": 0.007378934648158615
    },
    "BBQ": {
        "Accuracy": 0.9046750192387778,
        "Brier Score": 0.08479380511203154,
        "Log Loss": 0.3068150419116459,
        "ECE": 0.007378220994958721
    },
    "Venn-Abers": {
        "Accuracy": 0.9046750192387778,
        "Brier Score": 0.08512174713177345,
        "Log Loss": 0.3082208918974035,
        "ECE": 0.016647093526321818
    }
}