{
    "Base Model": {
        "Accuracy": 0.9126102310474644,
        "Brier Score": 0.0873897689525356,
        "Log Loss": 3.1498465418802253,
        "ECE": 0.08718147613855948
    },
    "Platt Scaling": {
        "Accuracy": 0.9126102310474644,
        "Brier Score": 0.07979732228002676,
        "Log Loss": 0.2967005679166263,
        "ECE": 0.00675732416898454
    },
    "Isotonic Regression": {
        "Accuracy": 0.9126102310474644,
        "Brier Score": 0.07979707941397059,
        "Log Loss": 0.2967112226635999,
        "ECE": 0.006868135408971929
    },
    "Beta Calibration": {
        "Accuracy": 0.9126102310474644,
        "Brier Score": 0.07979708498178317,
        "Log Loss": 0.2967112591472971,
        "ECE": 0.00686832746088479
    },
    "BBQ": {
        "Accuracy": 0.9126102310474644,
        "Brier Score": 0.07979707941397059,
        "Log Loss": 0.2967112226635999,
        "ECE": 0.006868135408971941
    },
    "Venn-Abers": {
        "Accuracy": 0.9126102310474644,
        "Brier Score": 0.08015419147546216,
        "Log Loss": 0.2989083138694394,
        "ECE": 0.016641168369829228
    }
}