{
    "Accuracy": {
        "Statistic": 33.365384615384606,
        "p-value": 3.184173606481863e-06
    }
}