{
    "Base Model": {
        "Accuracy": 0.9282115611575318,
        "Brier Score": 0.05961576410490257,
        "Log Loss": 0.23106783276928514,
        "ECE": 0.048746038302200374
    },
    "Platt Scaling": {
        "Accuracy": 0.9284723599112493,
        "Brier Score": 0.05882352291526861,
        "Log Loss": 0.23241046104962979,
        "ECE": 0.039989457570920844
    },
    "Isotonic Regression": {
        "Accuracy": 0.928624722654959,
        "Brier Score": 0.056995340113485,
        "Log Loss": 0.24434873004631352,
        "ECE": 0.017480839623959556
    },
    "Beta Calibration": {
        "Accuracy": 0.9280160978142848,
        "Brier Score": 0.05833493702081859,
        "Log Loss": 0.2134451122342324,
        "ECE": 0.03039803849818179
    },
    "BBQ": {
        "Accuracy": 0.929711655572865,
        "Brier Score": 0.056057112708621855,
        "Log Loss": 0.20333227983363444,
        "ECE": 0.012232246919962194
    },
    "Venn-Abers": {
        "Accuracy": 0.6265806779020913,
        "Brier Score": 0.33416058792121084,
        "Log Loss": 1.386748942231926,
        "ECE": 0.33549251935869656
    }
}