{
    "Base Model": {
        "Accuracy": 0.7743527714115949,
        "Brier Score": 0.1573667829679856,
        "Log Loss": 0.484738522611881,
        "ECE": 0.02229036398140765
    },
    "Platt Scaling": {
        "Accuracy": 0.7742220524573465,
        "Brier Score": 0.15735242345559455,
        "Log Loss": 0.4846242419608013,
        "ECE": 0.022350960220896415
    },
    "Isotonic Regression": {
        "Accuracy": 0.768753076988371,
        "Brier Score": 0.16015506091549295,
        "Log Loss": 0.6181747042331268,
        "ECE": 0.03394263936663686
    },
    "Beta Calibration": {
        "Accuracy": 0.7703208556149732,
        "Brier Score": 0.15495512735468236,
        "Log Loss": 0.47207176611741836,
        "ECE": 0.01543326561963878
    },
    "BBQ": {
        "Accuracy": 0.7800865800865802,
        "Brier Score": 0.1526469687334827,
        "Log Loss": 0.46964288506439267,
        "ECE": 0.018515546518677997
    },
    "Venn-Abers": {
        "Accuracy": 0.39452847805788976,
        "Brier Score": 0.41850974812520936,
        "Log Loss": 1.1506377670450403,
        "ECE": 0.4270728902226519
    }
}