{
    "Base Model": {
        "Accuracy": 0.7495000000000002,
        "Brier Score": 0.16651638556332035,
        "Log Loss": 0.5039557421641978,
        "ECE": 0.02912425424606576
    },
    "Platt Scaling": {
        "Accuracy": 0.7486,
        "Brier Score": 0.167219653654812,
        "Log Loss": 0.5070142595871843,
        "ECE": 0.033403757225031874
    },
    "Isotonic Regression": {
        "Accuracy": 0.7490000000000001,
        "Brier Score": 0.17004662688300567,
        "Log Loss": 0.705706787000572,
        "ECE": 0.04631849408795711
    },
    "Beta Calibration": {
        "Accuracy": 0.7543000000000001,
        "Brier Score": 0.16336329266357028,
        "Log Loss": 0.4918397641069394,
        "ECE": 0.014566539301191152
    },
    "BBQ": {
        "Accuracy": 0.7598,
        "Brier Score": 0.16232829163903414,
        "Log Loss": 0.4950012158280172,
        "ECE": 0.018063549488389105
    },
    "Venn-Abers": {
        "Accuracy": 0.7000000000000002,
        "Brier Score": 0.26047594673140045,
        "Log Loss": 0.8444595945182652,
        "ECE": 0.2207075966396301
    }
}