{
    "Base Model": {
        "Accuracy": 0.9640976361767728,
        "Brier Score": 0.027841745006491454,
        "Log Loss": 0.10503496347372378,
        "ECE": 0.02698299170232346
    },
    "Platt Scaling": {
        "Accuracy": 0.9638119218910586,
        "Brier Score": 0.02770122479240222,
        "Log Loss": 0.10297547243281396,
        "ECE": 0.026552260810446534
    },
    "Isotonic Regression": {
        "Accuracy": 0.967383350462487,
        "Brier Score": 0.02640468631876422,
        "Log Loss": 0.2610523428975812,
        "ECE": 0.0304497063959142
    },
    "Beta Calibration": {
        "Accuracy": 0.9699578622816033,
        "Brier Score": 0.02320568392989729,
        "Log Loss": 0.08078933684137372,
        "ECE": 0.0018812684274220866
    },
    "BBQ": {
        "Accuracy": 0.9739650565262078,
        "Brier Score": 0.023174877920087825,
        "Log Loss": 0.09679726979194206,
        "ECE": 0.009080079649224089
    },
    "Venn-Abers": {
        "Accuracy": 0.3447790339157247,
        "Brier Score": 0.5487665752686914,
        "Log Loss": 1.646017273343924,
        "ECE": 0.5664278900813507
    }
}