{
    "Accuracy": {
        "Statistic": 40.18666666666669,
        "p-value": 1.369362258044867e-07
    }
}