{
    "Base Model": {
        "Accuracy": 0.9984999999999999,
        "Brier Score": 0.00190556,
        "Log Loss": 0.03213003592766131,
        "ECE": 0.008705632357190428
    },
    "Platt Scaling": {
        "Accuracy": 0.9984999999999999,
        "Brier Score": 0.0016968902464874383,
        "Log Loss": 0.013453860381458382,
        "ECE": 0.006319941264183765
    },
    "Isotonic Regression": {
        "Accuracy": 0.99835,
        "Brier Score": 0.0018418563714786326,
        "Log Loss": 0.04772221172484663,
        "ECE": 0.004595834268443715
    },
    "Beta Calibration": {
        "Accuracy": 0.9980499999999999,
        "Brier Score": 0.0019298597171536955,
        "Log Loss": 0.03035446285220169,
        "ECE": 0.003223141704235726
    },
    "BBQ": {
        "Accuracy": 0.9984999999999999,
        "Brier Score": 0.0015009133651035184,
        "Log Loss": 0.04341324924116478,
        "ECE": 0.0007863652698173398
    },
    "Venn-Abers": {
        "Accuracy": 0.9984000000000001,
        "Brier Score": 0.002660681866780665,
        "Log Loss": 0.025754973430845905,
        "ECE": 0.030477161638299152
    }
}