{
    "Base Model": {
        "Accuracy": 0.7545522451404804,
        "Brier Score": 0.16288122375010614,
        "Log Loss": 0.5019398272167692,
        "ECE": 0.02891131580544443
    },
    "Platt Scaling": {
        "Accuracy": 0.7544232238349884,
        "Brier Score": 0.1651930001006537,
        "Log Loss": 0.49932653347733724,
        "ECE": 0.039047505529045096
    },
    "Isotonic Regression": {
        "Accuracy": 0.747782870724047,
        "Brier Score": 0.17034570039060282,
        "Log Loss": 0.8209709857586673,
        "ECE": 0.0530405934603896
    },
    "Beta Calibration": {
        "Accuracy": 0.7536363636363635,
        "Brier Score": 0.16544379430789113,
        "Log Loss": 0.5061193562655649,
        "ECE": 0.04210856997174324
    },
    "BBQ": {
        "Accuracy": 0.7462184873949579,
        "Brier Score": 0.1722041975509619,
        "Log Loss": 0.525115393932183,
        "ECE": 0.06194022593684755
    },
    "Venn-Abers": {
        "Accuracy": 0.6955852644087938,
        "Brier Score": 0.19979053897054025,
        "Log Loss": 0.5850284895488442,
        "ECE": 0.0871693102582643
    }
}