{
    "Base Model": {
        "Accuracy": 0.9964502164502165,
        "Brier Score": 0.0033925108225108225,
        "Log Loss": 0.01614110445706486,
        "ECE": 0.018992833309246775
    },
    "Platt Scaling": {
        "Accuracy": 0.9961904761904762,
        "Brier Score": 0.003052401143075137,
        "Log Loss": 0.015433188496409931,
        "ECE": 0.011790332193519994
    },
    "Isotonic Regression": {
        "Accuracy": 0.9958874458874459,
        "Brier Score": 0.0034370692620990947,
        "Log Loss": 0.07823187112981184,
        "ECE": 0.009656872015338389
    },
    "Beta Calibration": {
        "Accuracy": 0.995930735930736,
        "Brier Score": 0.003400944061559009,
        "Log Loss": 0.024142795722620236,
        "ECE": 0.011316507372920406
    },
    "BBQ": {
        "Accuracy": 0.9961904761904762,
        "Brier Score": 0.003402993997133276,
        "Log Loss": 0.02731130985336343,
        "ECE": 0.01773301352384534
    },
    "Venn-Abers": {
        "Accuracy": 0.9948051948051949,
        "Brier Score": 0.004401500106826964,
        "Log Loss": 0.029667476598571912,
        "ECE": 0.02818257643519754
    }
}