{
    "Base Model": {
        "Accuracy": 0.8676777251184834,
        "Brier Score": 0.09862654976303319,
        "Log Loss": 0.36400781810965155,
        "ECE": 0.024747178253923446
    },
    "Platt Scaling": {
        "Accuracy": 0.8672985781990523,
        "Brier Score": 0.09767795074142388,
        "Log Loss": 0.32491475397972375,
        "ECE": 0.016907359231701186
    },
    "Isotonic Regression": {
        "Accuracy": 0.8641706161137441,
        "Brier Score": 0.10067190122376557,
        "Log Loss": 0.5400131765759754,
        "ECE": 0.03486079324484615
    },
    "Beta Calibration": {
        "Accuracy": 0.8659715639810426,
        "Brier Score": 0.09899362966545036,
        "Log Loss": 0.3619795003939782,
        "ECE": 0.026749321183056205
    },
    "BBQ": {
        "Accuracy": 0.861042654028436,
        "Brier Score": 0.10184214925076775,
        "Log Loss": 0.34024526061488286,
        "ECE": 0.05401233535033168
    },
    "Venn-Abers": {
        "Accuracy": 0.8222748815165876,
        "Brier Score": 0.12830685374788225,
        "Log Loss": 0.40988490504882014,
        "ECE": 0.08825716578818814
    }
}