{
    "Base Model": {
        "Accuracy": 0.8647826086956522,
        "Brier Score": 0.10050975362318841,
        "Log Loss": 0.388952181744296,
        "ECE": 0.02269556396030917
    },
    "Platt Scaling": {
        "Accuracy": 0.8643478260869564,
        "Brier Score": 0.10122546826992902,
        "Log Loss": 0.3411335980154899,
        "ECE": 0.024768158915083174
    },
    "Isotonic Regression": {
        "Accuracy": 0.863913043478261,
        "Brier Score": 0.10530563102299775,
        "Log Loss": 0.6585440008036383,
        "ECE": 0.04401557736950172
    },
    "Beta Calibration": {
        "Accuracy": 0.8630434782608697,
        "Brier Score": 0.10254367322349571,
        "Log Loss": 0.39076098233968815,
        "ECE": 0.0381002506860162
    },
    "BBQ": {
        "Accuracy": 0.8618840579710145,
        "Brier Score": 0.10570041734446926,
        "Log Loss": 0.3597429797019668,
        "ECE": 0.06213859598692013
    },
    "Venn-Abers": {
        "Accuracy": 0.8184057971014492,
        "Brier Score": 0.1341226030676219,
        "Log Loss": 0.4302550396744138,
        "ECE": 0.11822858512862372
    }
}