{
    "Base Model": {
        "Accuracy": 0.9916926343729263,
        "Brier Score": 0.007610074426011943,
        "Log Loss": 0.03696341511526405,
        "ECE": 0.02828255452119497
    },
    "Platt Scaling": {
        "Accuracy": 0.9911824817518248,
        "Brier Score": 0.0063528152785418636,
        "Log Loss": 0.02676315523958617,
        "ECE": 0.010405905897697828
    },
    "Isotonic Regression": {
        "Accuracy": 0.9901616456536165,
        "Brier Score": 0.007317900661316649,
        "Log Loss": 0.1372180655156866,
        "ECE": 0.01720117609447785
    },
    "Beta Calibration": {
        "Accuracy": 0.990963503649635,
        "Brier Score": 0.00721925853031859,
        "Log Loss": 0.039669744886268635,
        "ECE": 0.006653151558852569
    },
    "BBQ": {
        "Accuracy": 0.9909632382216322,
        "Brier Score": 0.007443631587432165,
        "Log Loss": 0.057202932148228115,
        "ECE": 0.02435598718323457
    },
    "Venn-Abers": {
        "Accuracy": 0.9878290643662906,
        "Brier Score": 0.007817832758036188,
        "Log Loss": 0.0471857866580387,
        "ECE": 0.028523081749862178
    }
}