{
    "Base Model": {
        "Accuracy": 0.9442,
        "Brier Score": 0.050047094,
        "Log Loss": 0.257342357965559,
        "ECE": 0.08652714714230829
    },
    "Platt Scaling": {
        "Accuracy": 0.9489000000000002,
        "Brier Score": 0.041972778991434055,
        "Log Loss": 0.1681358627949768,
        "ECE": 0.019471444920136596
    },
    "Isotonic Regression": {
        "Accuracy": 0.9476600000000001,
        "Brier Score": 0.04265475661363269,
        "Log Loss": 0.20667019879062984,
        "ECE": 0.025183515250914463
    },
    "Beta Calibration": {
        "Accuracy": 0.94872,
        "Brier Score": 0.042118793163014534,
        "Log Loss": 0.16898466372719242,
        "ECE": 0.02051396978428139
    },
    "BBQ": {
        "Accuracy": 0.94666,
        "Brier Score": 0.043673426846516865,
        "Log Loss": 0.1733614764149791,
        "ECE": 0.040835068793374105
    },
    "Venn-Abers": {
        "Accuracy": 0.9428200000000001,
        "Brier Score": 0.048129530919716196,
        "Log Loss": 0.19146481520566297,
        "ECE": 0.043702476343097325
    }
}