{
    "Base Model": {
        "Accuracy": 0.7903761739902352,
        "Brier Score": 0.15371683584553927,
        "Log Loss": 0.4773253933262722,
        "ECE": 0.060227267695559916
    },
    "Platt Scaling": {
        "Accuracy": 0.7905099689303151,
        "Brier Score": 0.14910218626822724,
        "Log Loss": 0.46275589743555456,
        "ECE": 0.01910013351396521
    },
    "Isotonic Regression": {
        "Accuracy": 0.7889106435863293,
        "Brier Score": 0.1507989067258888,
        "Log Loss": 0.5395206544146447,
        "ECE": 0.025524454539761314
    },
    "Beta Calibration": {
        "Accuracy": 0.7900293652907235,
        "Brier Score": 0.14983823985757888,
        "Log Loss": 0.46964592657909615,
        "ECE": 0.02562673359317378
    },
    "BBQ": {
        "Accuracy": 0.7844854682645361,
        "Brier Score": 0.1520920992395956,
        "Log Loss": 0.47191553302895045,
        "ECE": 0.051419131415854726
    },
    "Venn-Abers": {
        "Accuracy": 0.7649680248557479,
        "Brier Score": 0.1676765697545085,
        "Log Loss": 0.513398952086864,
        "ECE": 0.07048738513271721
    }
}