{
    "Base Model": {
        "Accuracy": 0.9660976361767729,
        "Brier Score": 0.029419461767728673,
        "Log Loss": 0.13781420804639266,
        "ECE": 0.028117544821830695
    },
    "Platt Scaling": {
        "Accuracy": 0.9653812949640287,
        "Brier Score": 0.028755909022543488,
        "Log Loss": 0.11686340881014985,
        "ECE": 0.0189649831854981
    },
    "Isotonic Regression": {
        "Accuracy": 0.9652384378211716,
        "Brier Score": 0.029295554345393417,
        "Log Loss": 0.3890968045438165,
        "ECE": 0.030303018537885626
    },
    "Beta Calibration": {
        "Accuracy": 0.9661007194244604,
        "Brier Score": 0.02832760226173265,
        "Log Loss": 0.13747717652994973,
        "ECE": 0.018159862085225024
    },
    "BBQ": {
        "Accuracy": 0.964956834532374,
        "Brier Score": 0.030797886018186213,
        "Log Loss": 0.16825186344492718,
        "ECE": 0.03523729855740454
    },
    "Venn-Abers": {
        "Accuracy": 0.951656731757451,
        "Brier Score": 0.03938598881266926,
        "Log Loss": 0.1594248430429907,
        "ECE": 0.06544427833186713
    }
}