{
    "Base Model": {
        "Accuracy": 0.8167323344327994,
        "Brier Score": 0.15147533621728015,
        "Log Loss": 3.4041565979295325,
        "ECE": 0.18409131393212888
    },
    "Platt Scaling": {
        "Accuracy": 0.8435278224943997,
        "Brier Score": 0.11977062612186577,
        "Log Loss": 0.39645292181943015,
        "ECE": 0.04628046036378997
    },
    "Isotonic Regression": {
        "Accuracy": 0.8448550618590357,
        "Brier Score": 0.11968106407059509,
        "Log Loss": 0.3960290417630716,
        "ECE": 0.025184898719969425
    },
    "Beta Calibration": {
        "Accuracy": 0.8450439598788713,
        "Brier Score": 0.12270636382990639,
        "Log Loss": 0.40593472069005637,
        "ECE": 0.06911967951779423
    },
    "BBQ": {
        "Accuracy": 0.8450927041235606,
        "Brier Score": 0.12149289817240269,
        "Log Loss": 0.40246324053976273,
        "ECE": 0.05067671157611788
    },
    "Venn-Abers": {
        "Accuracy": 0.8429588769686259,
        "Brier Score": 0.12223251095007023,
        "Log Loss": 0.4040057519803032,
        "ECE": 0.04361260848841811
    }
}