{
    "Base Model": {
        "Accuracy": 0.9840114436619719,
        "Brier Score": 0.011999796399309861,
        "Log Loss": 0.1646731609986621,
        "ECE": 0.01448998960773681
    },
    "Platt Scaling": {
        "Accuracy": 0.9842619816118936,
        "Brier Score": 0.012568313525931542,
        "Log Loss": 0.05482645332152316,
        "ECE": 0.02118469401401889
    },
    "Isotonic Regression": {
        "Accuracy": 0.9838553403755869,
        "Brier Score": 0.012279393084779348,
        "Log Loss": 0.08755310701454835,
        "ECE": 0.012998994920513079
    },
    "Beta Calibration": {
        "Accuracy": 0.9816648082942097,
        "Brier Score": 0.012603355815204212,
        "Log Loss": 0.06833067052686605,
        "ECE": 0.022608043674577714
    },
    "BBQ": {
        "Accuracy": 0.9839490414710487,
        "Brier Score": 0.012563380263931546,
        "Log Loss": 0.06943741544772437,
        "ECE": 0.01874382540437701
    },
    "Venn-Abers": {
        "Accuracy": 0.9811647104851329,
        "Brier Score": 0.013520885357203818,
        "Log Loss": 0.06178818497129967,
        "ECE": 0.02360493342382522
    }
}