{
    "Base Model": {
        "Accuracy": 0.9320090048129172,
        "Brier Score": 0.05898329807766517,
        "Log Loss": 1.4921709900955964,
        "ECE": 0.05784899509997153
    },
    "Platt Scaling": {
        "Accuracy": 0.9318351187703772,
        "Brier Score": 0.05800613979526363,
        "Log Loss": 0.2259502257487675,
        "ECE": 0.05185257267010223
    },
    "Isotonic Regression": {
        "Accuracy": 0.9284893650054339,
        "Brier Score": 0.058542228175893225,
        "Log Loss": 0.29242423948734575,
        "ECE": 0.039121752291542064
    },
    "Beta Calibration": {
        "Accuracy": 0.9226890234435646,
        "Brier Score": 0.05980378013822649,
        "Log Loss": 0.2876676461817548,
        "ECE": 0.059822968080986555
    },
    "BBQ": {
        "Accuracy": 0.9298913212234124,
        "Brier Score": 0.061245103372642905,
        "Log Loss": 0.2786503744213647,
        "ECE": 0.058269779633013184
    },
    "Venn-Abers": {
        "Accuracy": 0.9263872069554416,
        "Brier Score": 0.06598863913845716,
        "Log Loss": 0.2547562000858012,
        "ECE": 0.07392931217722098
    }
}