{
    "Base Model": {
        "Accuracy": 0.92698,
        "Brier Score": 0.06267427351915708,
        "Log Loss": 1.5071692715914968,
        "ECE": 0.096578232764105
    },
    "Platt Scaling": {
        "Accuracy": 0.934,
        "Brier Score": 0.05678163619500684,
        "Log Loss": 0.21993405767729637,
        "ECE": 0.05846116220142302
    },
    "Isotonic Regression": {
        "Accuracy": 0.9381800000000001,
        "Brier Score": 0.05464824712191455,
        "Log Loss": 0.21467204334481457,
        "ECE": 0.016446406001117672
    },
    "Beta Calibration": {
        "Accuracy": 0.93688,
        "Brier Score": 0.05661663096855236,
        "Log Loss": 0.22067810682615135,
        "ECE": 0.05657673139183947
    },
    "BBQ": {
        "Accuracy": 0.9380200000000001,
        "Brier Score": 0.05547650507948896,
        "Log Loss": 0.21852151401890665,
        "ECE": 0.040104856532939416
    },
    "Venn-Abers": {
        "Accuracy": 0.9368400000000001,
        "Brier Score": 0.05559298474270775,
        "Log Loss": 0.21822719775386443,
        "ECE": 0.029196889689086007
    }
}