{
    "Base Model": {
        "Accuracy": 0.9943499999999998,
        "Brier Score": 0.005255706916099773,
        "Log Loss": 0.10660707102019393,
        "ECE": 0.017735336092934127
    },
    "Platt Scaling": {
        "Accuracy": 0.99405,
        "Brier Score": 0.005313203872214267,
        "Log Loss": 0.02875835128122899,
        "ECE": 0.01869622021056189
    },
    "Isotonic Regression": {
        "Accuracy": 0.9933500000000001,
        "Brier Score": 0.00583381488934339,
        "Log Loss": 0.12612585840732518,
        "ECE": 0.01566787133149394
    },
    "Beta Calibration": {
        "Accuracy": 0.9931,
        "Brier Score": 0.005998686667630506,
        "Log Loss": 0.08746915803996458,
        "ECE": 0.024001945695231966
    },
    "BBQ": {
        "Accuracy": 0.9938499999999999,
        "Brier Score": 0.005725209974262921,
        "Log Loss": 0.07179850261219234,
        "ECE": 0.016891834958639728
    },
    "Venn-Abers": {
        "Accuracy": 0.9923000000000002,
        "Brier Score": 0.008108069224326936,
        "Log Loss": 0.04577422121689558,
        "ECE": 0.029794775261326092
    }
}