{
    "Base Model": {
        "Accuracy": 0.9484639498432602,
        "Brier Score": 0.043467649010434324,
        "Log Loss": 1.0288186870136635,
        "ECE": 0.0718222250006181
    },
    "Platt Scaling": {
        "Accuracy": 0.9477742946708466,
        "Brier Score": 0.04381603502112595,
        "Log Loss": 0.17342773794314317,
        "ECE": 0.07259689795411485
    },
    "Isotonic Regression": {
        "Accuracy": 0.9507523510971787,
        "Brier Score": 0.04100415180408169,
        "Log Loss": 0.17331864196853417,
        "ECE": 0.02518982577869255
    },
    "Beta Calibration": {
        "Accuracy": 0.944921630094044,
        "Brier Score": 0.043741686042834,
        "Log Loss": 0.17869380916819605,
        "ECE": 0.07391568669506059
    },
    "BBQ": {
        "Accuracy": 0.9499059561128527,
        "Brier Score": 0.042019532360949095,
        "Log Loss": 0.17084193253226324,
        "ECE": 0.05566549823301194
    },
    "Venn-Abers": {
        "Accuracy": 0.9508150470219435,
        "Brier Score": 0.0416566669507748,
        "Log Loss": 0.1700419198332749,
        "ECE": 0.03554454788310638
    }
}