{
    "Base Model": {
        "Accuracy": 0.6801999999999999,
        "Brier Score": 0.2495497711955153,
        "Log Loss": 5.256237278862714,
        "ECE": 0.23782597209912243
    },
    "Platt Scaling": {
        "Accuracy": 0.7072999999999999,
        "Brier Score": 0.1945288642511353,
        "Log Loss": 0.5746601781200834,
        "ECE": 0.04998218757833185
    },
    "Isotonic Regression": {
        "Accuracy": 0.7106,
        "Brier Score": 0.19438015435170297,
        "Log Loss": 0.5748104598774012,
        "ECE": 0.029549981617466997
    },
    "Beta Calibration": {
        "Accuracy": 0.7138,
        "Brier Score": 0.1944315969218942,
        "Log Loss": 0.5746133820925261,
        "ECE": 0.05127650792554388
    },
    "BBQ": {
        "Accuracy": 0.6963000000000001,
        "Brier Score": 0.1978809648545664,
        "Log Loss": 0.582691756557427,
        "ECE": 0.06019608880735611
    },
    "Venn-Abers": {
        "Accuracy": 0.6935999999999999,
        "Brier Score": 0.20221654961138666,
        "Log Loss": 0.5938682506928417,
        "ECE": 0.06144236352387966
    }
}