{
    "Base Model": {
        "Accuracy": 0.8242728326822842,
        "Brier Score": 0.1387761654777674,
        "Log Loss": 2.7135307040098864,
        "ECE": 0.13677328545777015
    },
    "Platt Scaling": {
        "Accuracy": 0.8427693035089101,
        "Brier Score": 0.12090791583599934,
        "Log Loss": 0.39635389788673586,
        "ECE": 0.03034501610324547
    },
    "Isotonic Regression": {
        "Accuracy": 0.8442392858348999,
        "Brier Score": 0.12027977186239061,
        "Log Loss": 0.395338803570352,
        "ECE": 0.019935745342984576
    },
    "Beta Calibration": {
        "Accuracy": 0.8444288592946155,
        "Brier Score": 0.1213769784556472,
        "Log Loss": 0.3977482795353419,
        "ECE": 0.03454845526242777
    },
    "BBQ": {
        "Accuracy": 0.8440497123751843,
        "Brier Score": 0.12153069882324383,
        "Log Loss": 0.40010288701821267,
        "ECE": 0.03443642862303914
    },
    "Venn-Abers": {
        "Accuracy": 0.8434809919960373,
        "Brier Score": 0.1274807877741729,
        "Log Loss": 0.4195708636762554,
        "ECE": 0.03339977637132222
    }
}