{
    "Base Model": {
        "Accuracy": 0.9825819174238147,
        "Brier Score": 0.01722044461174896,
        "Log Loss": 0.41870925277309223,
        "ECE": 0.05200246844224386
    },
    "Platt Scaling": {
        "Accuracy": 0.9857262631966189,
        "Brier Score": 0.014046942508878191,
        "Log Loss": 0.07540269270846132,
        "ECE": 0.011452507250141823
    },
    "Isotonic Regression": {
        "Accuracy": 0.9856851119894599,
        "Brier Score": 0.014064758090796296,
        "Log Loss": 0.08180080560547821,
        "ECE": 0.006774732932826893
    },
    "Beta Calibration": {
        "Accuracy": 0.9856851119894599,
        "Brier Score": 0.013988615937643027,
        "Log Loss": 0.07689287726625348,
        "ECE": 0.009476299102885548
    },
    "BBQ": {
        "Accuracy": 0.9856851119894599,
        "Brier Score": 0.014034828909211317,
        "Log Loss": 0.07509042721373144,
        "ECE": 0.010610104888455107
    },
    "Venn-Abers": {
        "Accuracy": 0.9859333025340931,
        "Brier Score": 0.014287512428798617,
        "Log Loss": 0.07746045067811796,
        "ECE": 0.013085581270171691
    }
}