{
    "Base Model": {
        "Accuracy": 0.8505400000000001,
        "Brier Score": 0.1355288888888889,
        "Log Loss": 3.0083063758861384,
        "ECE": 0.14007531252538138
    },
    "Platt Scaling": {
        "Accuracy": 0.8606999999999999,
        "Brier Score": 0.11649603163115557,
        "Log Loss": 0.3923765039694647,
        "ECE": 0.0230490615917698
    },
    "Isotonic Regression": {
        "Accuracy": 0.8600399999999999,
        "Brier Score": 0.11632786306597916,
        "Log Loss": 0.3938452331568883,
        "ECE": 0.015130933607056222
    },
    "Beta Calibration": {
        "Accuracy": 0.8611999999999999,
        "Brier Score": 0.11765043238295143,
        "Log Loss": 0.3975754047881756,
        "ECE": 0.03973348740383535
    },
    "BBQ": {
        "Accuracy": 0.8589,
        "Brier Score": 0.11694263153670066,
        "Log Loss": 0.3937781550138697,
        "ECE": 0.028858098504746695
    },
    "Venn-Abers": {
        "Accuracy": 0.85832,
        "Brier Score": 0.11945879205094087,
        "Log Loss": 0.4016348275687032,
        "ECE": 0.023219458150909457
    }
}