{
    "Base Model": {
        "Accuracy": 0.98635,
        "Brier Score": 0.012450000000000001,
        "Log Loss": 0.1650232331067806,
        "ECE": 0.02848896002051568
    },
    "Platt Scaling": {
        "Accuracy": 0.98615,
        "Brier Score": 0.012033995949664335,
        "Log Loss": 0.05138402258827791,
        "ECE": 0.018899828329418698
    },
    "Isotonic Regression": {
        "Accuracy": 0.9859499999999999,
        "Brier Score": 0.012184007447229679,
        "Log Loss": 0.11399953548929231,
        "ECE": 0.021994243467810266
    },
    "Beta Calibration": {
        "Accuracy": 0.9805499999999999,
        "Brier Score": 0.01384464529224995,
        "Log Loss": 0.11199734150959667,
        "ECE": 0.04243391804000113
    },
    "BBQ": {
        "Accuracy": 0.9859499999999999,
        "Brier Score": 0.012590982374650112,
        "Log Loss": 0.08063642027105797,
        "ECE": 0.029692017852395863
    },
    "Venn-Abers": {
        "Accuracy": 0.9825,
        "Brier Score": 0.014681740629291212,
        "Log Loss": 0.06829241704115364,
        "ECE": 0.03641312756633382
    }
}