{
    "Base Model": {
        "Accuracy": 0.935481807511737,
        "Brier Score": 0.060863947574334915,
        "Log Loss": 0.4674370982483596,
        "ECE": 0.0823072758208128
    },
    "Platt Scaling": {
        "Accuracy": 0.935481807511737,
        "Brier Score": 0.05402682534864804,
        "Log Loss": 0.191083553355928,
        "ECE": 0.010090501721519879
    },
    "Isotonic Regression": {
        "Accuracy": 0.935481807511737,
        "Brier Score": 0.05412371028701208,
        "Log Loss": 0.19773546398708888,
        "ECE": 0.011791380305556667
    },
    "Beta Calibration": {
        "Accuracy": 0.8888943172926446,
        "Brier Score": 0.07930522801858841,
        "Log Loss": 0.25375749699418554,
        "ECE": 0.15663889314319315
    },
    "BBQ": {
        "Accuracy": 0.935481807511737,
        "Brier Score": 0.05412371045677546,
        "Log Loss": 0.19773546433881783,
        "ECE": 0.011791382055873982
    },
    "Venn-Abers": {
        "Accuracy": 0.9286300860719874,
        "Brier Score": 0.06086644320613578,
        "Log Loss": 0.22781175380759208,
        "ECE": 0.01919711343324943
    }
}