{
    "Base Model": {
        "Accuracy": 0.7009158815041168,
        "Brier Score": 0.21883909119203243,
        "Log Loss": 3.702590255964141,
        "ECE": 0.14483769749980271
    },
    "Platt Scaling": {
        "Accuracy": 0.7018334606569901,
        "Brier Score": 0.19669524640559197,
        "Log Loss": 0.5794176857462878,
        "ECE": 0.029086355586664888
    },
    "Isotonic Regression": {
        "Accuracy": 0.7003980986333928,
        "Brier Score": 0.19819005973414788,
        "Log Loss": 0.5836523429766901,
        "ECE": 0.028876144225874825
    },
    "Beta Calibration": {
        "Accuracy": 0.6971411594941007,
        "Brier Score": 0.2003924073681505,
        "Log Loss": 0.5880681262376389,
        "ECE": 0.05269683696446062
    },
    "BBQ": {
        "Accuracy": 0.6966386554621847,
        "Brier Score": 0.20198192654082553,
        "Log Loss": 0.5925880352931224,
        "ECE": 0.061242897618055805
    },
    "Venn-Abers": {
        "Accuracy": 0.6721305491893727,
        "Brier Score": 0.21597156692788258,
        "Log Loss": 0.6237492972764399,
        "ECE": 0.06217166362042002
    }
}