{
    "Base Model": {
        "Accuracy": 0.9278219550794802,
        "Brier Score": 0.06471947846529787,
        "Log Loss": 1.405209650403077,
        "ECE": 0.08685311976390507
    },
    "Platt Scaling": {
        "Accuracy": 0.9363064917245519,
        "Brier Score": 0.05712730331441969,
        "Log Loss": 0.22157329039216875,
        "ECE": 0.01934514944607382
    },
    "Isotonic Regression": {
        "Accuracy": 0.9367403388139175,
        "Brier Score": 0.05689788677911847,
        "Log Loss": 0.22217906603669918,
        "ECE": 0.01323726560220292
    },
    "Beta Calibration": {
        "Accuracy": 0.9364248349198181,
        "Brier Score": 0.05707873446158644,
        "Log Loss": 0.23335799570006407,
        "ECE": 0.01540591368734596
    },
    "BBQ": {
        "Accuracy": 0.936227596261041,
        "Brier Score": 0.05779474051618333,
        "Log Loss": 0.22647650762822472,
        "ECE": 0.02846246272940682
    },
    "Venn-Abers": {
        "Accuracy": 0.9360697273740751,
        "Brier Score": 0.058857570371317315,
        "Log Loss": 0.23330154564037156,
        "ECE": 0.017177868359856862
    }
}