{
    "Base Model": {
        "Accuracy": 0.8099526066350713,
        "Brier Score": 0.14999473407056346,
        "Log Loss": 2.831720969592269,
        "ECE": 0.11317477513916618
    },
    "Platt Scaling": {
        "Accuracy": 0.8061611374407585,
        "Brier Score": 0.13748189154562396,
        "Log Loss": 0.434709978064981,
        "ECE": 0.027105960113082687
    },
    "Isotonic Regression": {
        "Accuracy": 0.8078672985781992,
        "Brier Score": 0.1382634035941938,
        "Log Loss": 0.43668299691167384,
        "ECE": 0.033878469249089875
    },
    "Beta Calibration": {
        "Accuracy": 0.7944075829383884,
        "Brier Score": 0.1443420377173936,
        "Log Loss": 0.4491957623035337,
        "ECE": 0.07874410606312109
    },
    "BBQ": {
        "Accuracy": 0.8076777251184835,
        "Brier Score": 0.1394387161876287,
        "Log Loss": 0.44016400396543565,
        "ECE": 0.04441531984278451
    },
    "Venn-Abers": {
        "Accuracy": 0.7765876777251184,
        "Brier Score": 0.15838995957711316,
        "Log Loss": 0.4886135181188255,
        "ECE": 0.07205334644443986
    }
}