{
    "Base Model": {
        "Accuracy": 0.6314,
        "Brier Score": 0.2662555555555555,
        "Log Loss": 4.53465811815351,
        "ECE": 0.23334185970723081
    },
    "Platt Scaling": {
        "Accuracy": 0.6995000000000001,
        "Brier Score": 0.21048818568543964,
        "Log Loss": 0.6120919127102948,
        "ECE": 0.020099329485713323
    },
    "Isotonic Regression": {
        "Accuracy": 0.6984,
        "Brier Score": 0.2107623146671676,
        "Log Loss": 0.612719302418136,
        "ECE": 0.01831893230148645
    },
    "Beta Calibration": {
        "Accuracy": 0.6984,
        "Brier Score": 0.2105085217102129,
        "Log Loss": 0.612073740681518,
        "ECE": 0.018103010988732002
    },
    "BBQ": {
        "Accuracy": 0.7000000000000002,
        "Brier Score": 0.21052574427393997,
        "Log Loss": 0.6121810630932226,
        "ECE": 0.018430844618180744
    },
    "Venn-Abers": {
        "Accuracy": 0.6975000000000001,
        "Brier Score": 0.21510354017955674,
        "Log Loss": 0.6232746482713689,
        "ECE": 0.050228513795171355
    }
}