{
    "Base Model": {
        "Accuracy": 0.95955,
        "Brier Score": 0.032461111111111114,
        "Log Loss": 0.6190370355430698,
        "ECE": 0.021223956620846376
    },
    "Platt Scaling": {
        "Accuracy": 0.958,
        "Brier Score": 0.03294326662493614,
        "Log Loss": 0.1261273682532253,
        "ECE": 0.030059718083982986
    },
    "Isotonic Regression": {
        "Accuracy": 0.9564,
        "Brier Score": 0.03273128010992518,
        "Log Loss": 0.16787909889639252,
        "ECE": 0.021367988167932447
    },
    "Beta Calibration": {
        "Accuracy": 0.9525500000000001,
        "Brier Score": 0.03352790804058014,
        "Log Loss": 0.1678174847366229,
        "ECE": 0.03527689449227778
    },
    "BBQ": {
        "Accuracy": 0.9575,
        "Brier Score": 0.03310005011110728,
        "Log Loss": 0.15546770527516277,
        "ECE": 0.028022509712275535
    },
    "Venn-Abers": {
        "Accuracy": 0.95265,
        "Brier Score": 0.03884180748514787,
        "Log Loss": 0.1510460935335676,
        "ECE": 0.03736675414851527
    }
}