{
    "Base Model": {
        "Accuracy": 0.9274181027790717,
        "Brier Score": 0.061309320498887335,
        "Log Loss": 1.336823130130251,
        "ECE": 0.036072744749334
    },
    "Platt Scaling": {
        "Accuracy": 0.9274181027790717,
        "Brier Score": 0.06093713123959407,
        "Log Loss": 0.22963756516920322,
        "ECE": 0.03070201087364608
    },
    "Isotonic Regression": {
        "Accuracy": 0.9182921906536252,
        "Brier Score": 0.06468998123548488,
        "Log Loss": 0.32069862862008114,
        "ECE": 0.048836153416270435
    },
    "Beta Calibration": {
        "Accuracy": 0.903698183511877,
        "Brier Score": 0.06697051180262636,
        "Log Loss": 0.3020923832068227,
        "ECE": 0.07111047651028687
    },
    "BBQ": {
        "Accuracy": 0.9196956994255551,
        "Brier Score": 0.06567730436721433,
        "Log Loss": 0.2575428066619355,
        "ECE": 0.06072981350166666
    },
    "Venn-Abers": {
        "Accuracy": 0.9086290948610466,
        "Brier Score": 0.07462644758930108,
        "Log Loss": 0.27830045393631375,
        "ECE": 0.08707088452760375
    }
}