{
    "ECE": {
        "Statistic": 54.08571428571429,
        "p-value": 2.012511079586129e-10
    },
    "Log Loss": {
        "Statistic": 72.88571428571424,
        "p-value": 2.5680334109213827e-14
    }
}