{
    "Base Model vs Platt Scaling": {
        "Statistic": 23.0,
        "p-value": 0.001209259033203125,
        "Significant": "True",
        "Adjusted p-value": 0.0022673606872558594
    },
    "Base Model vs Isotonic Regression": {
        "Statistic": 56.0,
        "p-value": 0.069580078125,
        "Significant": "False",
        "Adjusted p-value": 0.08697509765625
    },
    "Base Model vs Beta Calibration": {
        "Statistic": 30.0,
        "p-value": 0.00365447998046875,
        "Significant": "True",
        "Adjusted p-value": 0.005481719970703125
    },
    "Base Model vs BBQ": {
        "Statistic": 93.0,
        "p-value": 0.6742229461669922,
        "Significant": "False",
        "Adjusted p-value": 0.6742229461669922
    },
    "Base Model vs Venn-Abers": {
        "Statistic": 60.0,
        "p-value": 0.09730720520019531,
        "Significant": "False",
        "Adjusted p-value": 0.11227754446176381
    },
    "Platt Scaling vs Isotonic Regression": {
        "Statistic": 30.0,
        "p-value": 0.00365447998046875,
        "Significant": "True",
        "Adjusted p-value": 0.005481719970703125
    },
    "Platt Scaling vs Beta Calibration": {
        "Statistic": 74.0,
        "p-value": 0.26109886169433594,
        "Significant": "False",
        "Adjusted p-value": 0.2797487803867885
    },
    "Platt Scaling vs BBQ": {
        "Statistic": 10.0,
        "p-value": 8.20159912109375e-05,
        "Significant": "True",
        "Adjusted p-value": 0.00020503997802734375
    },
    "Platt Scaling vs Venn-Abers": {
        "Statistic": 0.0,
        "p-value": 1.9073486328125e-06,
        "Significant": "True",
        "Adjusted p-value": 9.5367431640625e-06
    },
    "Isotonic Regression vs Beta Calibration": {
        "Statistic": 44.0,
        "p-value": 0.021484375,
        "Significant": "True",
        "Adjusted p-value": 0.029296875000000003
    },
    "Isotonic Regression vs BBQ": {
        "Statistic": 14.0,
        "p-value": 0.000209808349609375,
        "Significant": "True",
        "Adjusted p-value": 0.00044958932059151787
    },
    "Isotonic Regression vs Venn-Abers": {
        "Statistic": 0.0,
        "p-value": 1.9073486328125e-06,
        "Significant": "True",
        "Adjusted p-value": 9.5367431640625e-06
    },
    "Beta Calibration vs BBQ": {
        "Statistic": 10.0,
        "p-value": 8.20159912109375e-05,
        "Significant": "True",
        "Adjusted p-value": 0.00020503997802734375
    },
    "Beta Calibration vs Venn-Abers": {
        "Statistic": 0.0,
        "p-value": 1.9073486328125e-06,
        "Significant": "True",
        "Adjusted p-value": 9.5367431640625e-06
    },
    "BBQ vs Venn-Abers": {
        "Statistic": 10.0,
        "p-value": 8.20159912109375e-05,
        "Significant": "True",
        "Adjusted p-value": 0.00020503997802734375
    }
}