{
    "Base Model": {
        "Accuracy": 0.9445674459768421,
        "Brier Score": 0.039207373425845085,
        "Log Loss": 0.1253767745857825,
        "ECE": 0.013575492727975768
    },
    "Platt Scaling": {
        "Accuracy": 0.9444331581915475,
        "Brier Score": 0.041942326531941104,
        "Log Loss": 0.1486939279795124,
        "ECE": 0.04950234786727282
    },
    "Isotonic Regression": {
        "Accuracy": 0.9441769863246374,
        "Brier Score": 0.03954551468673546,
        "Log Loss": 0.15367984086686076,
        "ECE": 0.016430449522308054
    },
    "Beta Calibration": {
        "Accuracy": 0.9445918436522462,
        "Brier Score": 0.03901412383923452,
        "Log Loss": 0.12480089711391319,
        "ECE": 0.009483728451373755
    },
    "BBQ": {
        "Accuracy": 0.9438961783928227,
        "Brier Score": 0.04015706381043041,
        "Log Loss": 0.13846418871412125,
        "ECE": 0.029432176590497208
    },
    "Venn-Abers": {
        "Accuracy": 0.9428586402411906,
        "Brier Score": 0.04058977143904773,
        "Log Loss": 0.13713213474865765,
        "ECE": 0.032260227375674716
    }
}