{
    "Base Model": {
        "Accuracy": 0.8549404186795491,
        "Brier Score": 0.10220730287074938,
        "Log Loss": 0.32261562820968015,
        "ECE": 0.017528361171079913
    },
    "Platt Scaling": {
        "Accuracy": 0.8548481173125023,
        "Brier Score": 0.10338288097016037,
        "Log Loss": 0.3325523081062554,
        "ECE": 0.03488424683905991
    },
    "Isotonic Regression": {
        "Accuracy": 0.8532194984068249,
        "Brier Score": 0.10295248276378485,
        "Log Loss": 0.3753662765023058,
        "ECE": 0.024368383112903416
    },
    "Beta Calibration": {
        "Accuracy": 0.8548849830403946,
        "Brier Score": 0.10224711975780348,
        "Log Loss": 0.3226746037909205,
        "ECE": 0.018166758817182077
    },
    "BBQ": {
        "Accuracy": 0.8533676465549731,
        "Brier Score": 0.10402612859667017,
        "Log Loss": 0.33484913279774686,
        "ECE": 0.037956146147991865
    },
    "Venn-Abers": {
        "Accuracy": 0.8522948059067393,
        "Brier Score": 0.10473092039828115,
        "Log Loss": 0.33233168452756656,
        "ECE": 0.04451440842113603
    }
}