{
    "Base Model": {
        "Accuracy": 0.511675567423231,
        "Brier Score": 0.4780889326450452,
        "Log Loss": 11.362288401828085,
        "ECE": 0.47808726975204885
    },
    "Platt Scaling": {
        "Accuracy": 0.5526435246995993,
        "Brier Score": 0.24692084146791188,
        "Log Loss": 0.6878340864727405,
        "ECE": 0.04836952069712436
    },
    "Isotonic Regression": {
        "Accuracy": 0.5519492656875833,
        "Brier Score": 0.24654580223457528,
        "Log Loss": 0.6873455080027102,
        "ECE": 0.009690949804324958
    },
    "Beta Calibration": {
        "Accuracy": 0.5513751668891854,
        "Brier Score": 0.24741872190844375,
        "Log Loss": 0.6880765085082061,
        "ECE": 0.04963581491173997
    },
    "BBQ": {
        "Accuracy": 0.5523898531375165,
        "Brier Score": 0.24711324851364708,
        "Log Loss": 0.6873594315072825,
        "ECE": 0.009442495335463617
    },
    "Venn-Abers": {
        "Accuracy": 0.5583711615487316,
        "Brier Score": 0.2465005768001836,
        "Log Loss": 0.686214112881975,
        "ECE": 0.02992304749334586
    }
}