{
    "Base Model": {
        "Accuracy": 0.9983426966292135,
        "Brier Score": 0.0016389329826928048,
        "Log Loss": 0.05645228439024394,
        "ECE": 0.0013629454911164066
    },
    "Platt Scaling": {
        "Accuracy": 0.9984129213483145,
        "Brier Score": 0.0015840569904618837,
        "Log Loss": 0.012045539568781027,
        "ECE": 0.0006366176882350514
    },
    "Isotonic Regression": {
        "Accuracy": 0.9984129213483145,
        "Brier Score": 0.00157866176769682,
        "Log Loss": 0.011835419103722693,
        "ECE": 0.00021349633287009326
    },
    "Beta Calibration": {
        "Accuracy": 0.9984058988764045,
        "Brier Score": 0.001588361224633816,
        "Log Loss": 0.011864927261931207,
        "ECE": 0.0005949731669056581
    },
    "BBQ": {
        "Accuracy": 0.9984058988764045,
        "Brier Score": 0.0015895746244130372,
        "Log Loss": 0.011891738615579982,
        "ECE": 0.0005735311520500241
    },
    "Venn-Abers": {
        "Accuracy": 0.9983918539325842,
        "Brier Score": 0.0017374554838943154,
        "Log Loss": 0.013051229972978903,
        "ECE": 0.009123915663679257
    }
}