{
    "Base Model": {
        "Accuracy": 0.8350316972527504,
        "Brier Score": 0.11636798594635189,
        "Log Loss": 0.3669081619289545,
        "ECE": 0.038235784296793474
    },
    "Platt Scaling": {
        "Accuracy": 0.8365532116834788,
        "Brier Score": 0.11641162618893715,
        "Log Loss": 0.37231741560645665,
        "ECE": 0.04643490225169909
    },
    "Isotonic Regression": {
        "Accuracy": 0.8353669577697912,
        "Brier Score": 0.11528872117376768,
        "Log Loss": 0.4092870717327818,
        "ECE": 0.027405747114190818
    },
    "Beta Calibration": {
        "Accuracy": 0.8366750698821118,
        "Brier Score": 0.11419398171464225,
        "Log Loss": 0.35965026153434865,
        "ECE": 0.010980275269917392
    },
    "BBQ": {
        "Accuracy": 0.8350779265123762,
        "Brier Score": 0.11634869310946408,
        "Log Loss": 0.37261167366489767,
        "ECE": 0.03827539119382169
    },
    "Venn-Abers": {
        "Accuracy": 0.8337393498503974,
        "Brier Score": 0.11667972093877232,
        "Log Loss": 0.3692735729629526,
        "ECE": 0.04094913457004581
    }
}