{
    "Base Model": {
        "Accuracy": 0.8348878445421909,
        "Brier Score": 0.1218692691802408,
        "Log Loss": 0.4103847845292382,
        "ECE": 0.06459980680031491
    },
    "Platt Scaling": {
        "Accuracy": 0.8343797356290574,
        "Brier Score": 0.12167363249034463,
        "Log Loss": 0.3919699967609415,
        "ECE": 0.06250866389839267
    },
    "Isotonic Regression": {
        "Accuracy": 0.8359684186249029,
        "Brier Score": 0.1182334251096378,
        "Log Loss": 0.39175745128161293,
        "ECE": 0.019744547076203274
    },
    "Beta Calibration": {
        "Accuracy": 0.8366887813515166,
        "Brier Score": 0.11774520543541456,
        "Log Loss": 0.375376072199012,
        "ECE": 0.011918352303228318
    },
    "BBQ": {
        "Accuracy": 0.8352930037160032,
        "Brier Score": 0.11940498019757018,
        "Log Loss": 0.38429508209743674,
        "ECE": 0.030925209678303728
    },
    "Venn-Abers": {
        "Accuracy": 0.8344375700047264,
        "Brier Score": 0.11933291552092123,
        "Log Loss": 0.3790133753651095,
        "ECE": 0.03665920632801161
    }
}