{
    "Base Model": {
        "Accuracy": 0.7853270517700048,
        "Brier Score": 0.17173811052224938,
        "Log Loss": 0.7380227324750297,
        "ECE": 0.16672868286084708
    },
    "Platt Scaling": {
        "Accuracy": 0.7876587841688512,
        "Brier Score": 0.1520194597413026,
        "Log Loss": 0.47228503981727404,
        "ECE": 0.09136365707058525
    },
    "Isotonic Regression": {
        "Accuracy": 0.7864868762855339,
        "Brier Score": 0.14438393566089172,
        "Log Loss": 0.4818142825468585,
        "ECE": 0.024635111177024167
    },
    "Beta Calibration": {
        "Accuracy": 0.7869139063769937,
        "Brier Score": 0.14336738425692694,
        "Log Loss": 0.43831813651842694,
        "ECE": 0.013930663257049654
    },
    "BBQ": {
        "Accuracy": 0.7846312896648467,
        "Brier Score": 0.15149719125506295,
        "Log Loss": 0.4715918453072947,
        "ECE": 0.04768582821354659
    },
    "Venn-Abers": {
        "Accuracy": 0.7836918040944886,
        "Brier Score": 0.14593638142098642,
        "Log Loss": 0.4459689286851101,
        "ECE": 0.04350225777324087
    }
}