{
    "Base Model": {
        "Accuracy": 0.9864706157540727,
        "Brier Score": 0.010856156195789578,
        "Log Loss": 0.04814545959961118,
        "ECE": 0.0022708221618434055
    },
    "Platt Scaling": {
        "Accuracy": 0.9862560346682042,
        "Brier Score": 0.011900188436822817,
        "Log Loss": 0.053618603280214235,
        "ECE": 0.015389977028812197
    },
    "Isotonic Regression": {
        "Accuracy": 0.9860950448746604,
        "Brier Score": 0.011045054735519137,
        "Log Loss": 0.06850209209911187,
        "ECE": 0.011617834088248163
    },
    "Beta Calibration": {
        "Accuracy": 0.986515358465489,
        "Brier Score": 0.010826791274618946,
        "Log Loss": 0.04762270384052503,
        "ECE": 0.0026230346493182886
    },
    "BBQ": {
        "Accuracy": 0.9858446176397438,
        "Brier Score": 0.011668141476660492,
        "Log Loss": 0.0563158794960264,
        "ECE": 0.024805300278201346
    },
    "Venn-Abers": {
        "Accuracy": 0.9857999229097877,
        "Brier Score": 0.011430384329631114,
        "Log Loss": 0.048535173396802564,
        "ECE": 0.022304095481292866
    }
}