{
    "Base Model": {
        "Accuracy": 0.710206706476803,
        "Brier Score": 0.2735348640828647,
        "Log Loss": 6.410277911614004,
        "ECE": 0.3220509286833547
    },
    "Platt Scaling": {
        "Accuracy": 0.8062287551676619,
        "Brier Score": 0.15304271597699384,
        "Log Loss": 0.4826595373338665,
        "ECE": 0.06378525893069688
    },
    "Isotonic Regression": {
        "Accuracy": 0.8064951768488747,
        "Brier Score": 0.1516099180955417,
        "Log Loss": 0.48121021862595414,
        "ECE": 0.017467376041030696
    },
    "Beta Calibration": {
        "Accuracy": 0.8058888378502526,
        "Brier Score": 0.15288398119765367,
        "Log Loss": 0.482393882761295,
        "ECE": 0.057811543377763217
    },
    "BBQ": {
        "Accuracy": 0.8063941203491042,
        "Brier Score": 0.15276384596516207,
        "Log Loss": 0.4817623054631936,
        "ECE": 0.028443856867899853
    },
    "Venn-Abers": {
        "Accuracy": 0.8056224161690398,
        "Brier Score": 0.15204413795136607,
        "Log Loss": 0.47946276824133705,
        "ECE": 0.03471794720859645
    }
}