{
    "Base Model": {
        "Accuracy": 0.8195515521018877,
        "Brier Score": 0.1802323709451766,
        "Log Loss": 6.374265590893476,
        "ECE": 0.17662791689960486
    },
    "Platt Scaling": {
        "Accuracy": 0.8277806086530919,
        "Brier Score": 0.1252142539085058,
        "Log Loss": 0.40082996955311245,
        "ECE": 0.00581973201146217
    },
    "Isotonic Regression": {
        "Accuracy": 0.8300389394349125,
        "Brier Score": 0.12366320122839826,
        "Log Loss": 0.39693539616160245,
        "ECE": 0.00806041103744283
    },
    "Beta Calibration": {
        "Accuracy": 0.8297215759631866,
        "Brier Score": 0.12387460839937287,
        "Log Loss": 0.39745973598807266,
        "ECE": 0.00415649662913516
    },
    "BBQ": {
        "Accuracy": 0.8276829509044275,
        "Brier Score": 0.1253147612968479,
        "Log Loss": 0.4011344711312725,
        "ECE": 0.0036070465282279263
    },
    "Venn-Abers": {
        "Accuracy": 0.8298313170796393,
        "Brier Score": 0.12422239494740209,
        "Log Loss": 0.39879688444793937,
        "ECE": 0.02668141796538144
    }
}