{
    "Base Model": {
        "Accuracy": 0.5652343291652298,
        "Brier Score": 0.4328903545290729,
        "Log Loss": 14.514425157186178,
        "ECE": 0.42561350228576733
    },
    "Platt Scaling": {
        "Accuracy": 0.5659951237303747,
        "Brier Score": 0.2431845844605064,
        "Log Loss": 0.6793388332792749,
        "ECE": 0.01585071623101953
    },
    "Isotonic Regression": {
        "Accuracy": 0.5750072533801092,
        "Brier Score": 0.24179608870829136,
        "Log Loss": 0.676515277749813,
        "ECE": 0.015056512008465812
    },
    "Beta Calibration": {
        "Accuracy": 0.5730856341634061,
        "Brier Score": 0.24203439377191024,
        "Log Loss": 0.6770010437397269,
        "ECE": 0.011379314382335881
    },
    "BBQ": {
        "Accuracy": 0.5649930843824551,
        "Brier Score": 0.24327622155590273,
        "Log Loss": 0.6795250315001233,
        "ECE": 0.011499607421385562
    },
    "Venn-Abers": {
        "Accuracy": 0.574449661314975,
        "Brier Score": 0.24235341159879994,
        "Log Loss": 0.6777121662339545,
        "ECE": 0.024991103908504505
    }
}