{
    "Base Model": {
        "Accuracy": 0.9063234230348323,
        "Brier Score": 0.06646791101827275,
        "Log Loss": 0.2151458385603032,
        "ECE": 0.02211601876834896
    },
    "Platt Scaling": {
        "Accuracy": 0.9067994943162728,
        "Brier Score": 0.06950334581293681,
        "Log Loss": 0.2375457610845195,
        "ECE": 0.056948510401109695
    },
    "Isotonic Regression": {
        "Accuracy": 0.9054080669516911,
        "Brier Score": 0.06663476257903998,
        "Log Loss": 0.24771098008668888,
        "ECE": 0.02146583888242448
    },
    "Beta Calibration": {
        "Accuracy": 0.9069338789473019,
        "Brier Score": 0.06589233253776323,
        "Log Loss": 0.2122688812275517,
        "ECE": 0.009282335328911321
    },
    "BBQ": {
        "Accuracy": 0.9056886513933493,
        "Brier Score": 0.06752447029728606,
        "Log Loss": 0.22858695342784052,
        "ECE": 0.030412811784651585
    },
    "Venn-Abers": {
        "Accuracy": 0.9027471633511902,
        "Brier Score": 0.06830338447484445,
        "Log Loss": 0.22414369621312547,
        "ECE": 0.04146143618707342
    }
}