{
    "Base Model": {
        "Accuracy": 0.9382940380404027,
        "Brier Score": 0.054947946782231624,
        "Log Loss": 0.2074368672589515,
        "ECE": 0.021524344927711506
    },
    "Platt Scaling": {
        "Accuracy": 0.9383501193376148,
        "Brier Score": 0.05420205414773231,
        "Log Loss": 0.20869009742410197,
        "ECE": 0.015966730115723794
    },
    "Isotonic Regression": {
        "Accuracy": 0.9382378976895254,
        "Brier Score": 0.05436784977400788,
        "Log Loss": 0.24454979318637934,
        "ECE": 0.018941435796235796
    },
    "Beta Calibration": {
        "Accuracy": 0.9386447282301126,
        "Brier Score": 0.054656093697533145,
        "Log Loss": 0.20737548354130092,
        "ECE": 0.017974956875142053
    },
    "BBQ": {
        "Accuracy": 0.9380135036047342,
        "Brier Score": 0.05517986830205459,
        "Log Loss": 0.21626087381979814,
        "ECE": 0.02908120219535385
    },
    "Venn-Abers": {
        "Accuracy": 0.9360636204817796,
        "Brier Score": 0.05605577179588053,
        "Log Loss": 0.2135981328181725,
        "ECE": 0.04494882423009508
    }
}