{
    "Base Model": {
        "Accuracy": 0.885982631071084,
        "Brier Score": 0.11366859448019664,
        "Log Loss": 3.9230099079558722,
        "ECE": 0.09921394517112138
    },
    "Platt Scaling": {
        "Accuracy": 0.8861756191701512,
        "Brier Score": 0.09457658117445894,
        "Log Loss": 0.3288331758093126,
        "ECE": 0.008546939871897913
    },
    "Isotonic Regression": {
        "Accuracy": 0.8891476358957866,
        "Brier Score": 0.09258863741458973,
        "Log Loss": 0.3236714057568627,
        "ECE": 0.012826468074429376
    },
    "Beta Calibration": {
        "Accuracy": 0.8884464458025089,
        "Brier Score": 0.09291622126948525,
        "Log Loss": 0.32436068749522967,
        "ECE": 0.0057086211477421055
    },
    "BBQ": {
        "Accuracy": 0.8861563203602445,
        "Brier Score": 0.0946606832622605,
        "Log Loss": 0.3290872399681504,
        "ECE": 0.009367109242766146
    },
    "Venn-Abers": {
        "Accuracy": 0.8888195561273723,
        "Brier Score": 0.09290548641399489,
        "Log Loss": 0.3244744943965944,
        "ECE": 0.02160361547378028
    }
}