{
    "Base Model": {
        "Accuracy": 0.8735739290461324,
        "Brier Score": 0.09436543045911414,
        "Log Loss": 0.31537009052756315,
        "ECE": 0.01567035354674475
    },
    "Platt Scaling": {
        "Accuracy": 0.8735845381242356,
        "Brier Score": 0.09533710860221557,
        "Log Loss": 0.3205718414496678,
        "ECE": 0.034402034185836323
    },
    "Isotonic Regression": {
        "Accuracy": 0.8729329574709547,
        "Brier Score": 0.09473093491643236,
        "Log Loss": 0.344503273595404,
        "ECE": 0.018832320324605606
    },
    "Beta Calibration": {
        "Accuracy": 0.8738471542058758,
        "Brier Score": 0.09411201038024734,
        "Log Loss": 0.3146075262038742,
        "ECE": 0.010169726299942927
    },
    "BBQ": {
        "Accuracy": 0.8729329464313313,
        "Brier Score": 0.09531345533037286,
        "Log Loss": 0.3212826291992536,
        "ECE": 0.03508852543300605
    },
    "Venn-Abers": {
        "Accuracy": 0.8711567869396839,
        "Brier Score": 0.09626789998983179,
        "Log Loss": 0.3218581881095958,
        "ECE": 0.041636766521932086
    }
}