{
    "Base Model": {
        "Accuracy": 0.9945607943469785,
        "Brier Score": 0.005088557610118591,
        "Log Loss": 0.019632496263559233,
        "ECE": 0.010708557091968808
    },
    "Platt Scaling": {
        "Accuracy": 0.9962041923719557,
        "Brier Score": 0.002504156241413823,
        "Log Loss": 0.008940436950228626,
        "ECE": 0.0011521538273407688
    },
    "Isotonic Regression": {
        "Accuracy": 0.9960421486408328,
        "Brier Score": 0.0025100646410313766,
        "Log Loss": 0.020450129343683322,
        "ECE": 0.011070684785261924
    },
    "Beta Calibration": {
        "Accuracy": 0.9959611301223145,
        "Brier Score": 0.002478123678125977,
        "Log Loss": 0.007375718506091016,
        "ECE": 0.0011014162186835084
    },
    "BBQ": {
        "Accuracy": 0.9951278905061798,
        "Brier Score": 0.0030147398224836886,
        "Log Loss": 0.008981498180458326,
        "ECE": 0.025243571448223426
    },
    "Venn-Abers": {
        "Accuracy": 0.9956024610136452,
        "Brier Score": 0.0042018350594172785,
        "Log Loss": 0.0267664425103887,
        "ECE": 0.04200985963263228
    }
}