{
    "Base Model": {
        "Accuracy": 0.9653459972862959,
        "Brier Score": 0.026207265326057983,
        "Log Loss": 0.10244177408908518,
        "ECE": 0.02810006100048003
    },
    "Platt Scaling": {
        "Accuracy": 0.9656716417910448,
        "Brier Score": 0.027924031767610505,
        "Log Loss": 0.11197813197042455,
        "ECE": 0.032828637633279506
    },
    "Isotonic Regression": {
        "Accuracy": 0.9661781999095433,
        "Brier Score": 0.02511610736498597,
        "Log Loss": 0.10401960384047103,
        "ECE": 0.01848515955198888
    },
    "Beta Calibration": {
        "Accuracy": 0.9664857530529172,
        "Brier Score": 0.02511811009861022,
        "Log Loss": 0.08671940691369086,
        "ECE": 0.010474464588444952
    },
    "BBQ": {
        "Accuracy": 0.9656535504296698,
        "Brier Score": 0.026445354994471423,
        "Log Loss": 0.10714182117597001,
        "ECE": 0.03882146891585816
    },
    "Venn-Abers": {
        "Accuracy": 0.9654002713704207,
        "Brier Score": 0.02612547593712339,
        "Log Loss": 0.09562806098866522,
        "ECE": 0.03734203567384413
    }
}