{
    "Base Model": {
        "Accuracy": 0.9558000000000001,
        "Brier Score": 0.032516798853769895,
        "Log Loss": 0.1097685714437811,
        "ECE": 0.024196597990487647
    },
    "Platt Scaling": {
        "Accuracy": 0.9568400000000001,
        "Brier Score": 0.03305016803816453,
        "Log Loss": 0.12035118612376118,
        "ECE": 0.031671196156661335
    },
    "Isotonic Regression": {
        "Accuracy": 0.9568700000000001,
        "Brier Score": 0.03210184503186189,
        "Log Loss": 0.13593102740069274,
        "ECE": 0.016990729701242154
    },
    "Beta Calibration": {
        "Accuracy": 0.95703,
        "Brier Score": 0.03151751043434174,
        "Log Loss": 0.10660996424133282,
        "ECE": 0.007507331608536592
    },
    "BBQ": {
        "Accuracy": 0.9564900000000001,
        "Brier Score": 0.03242313834989647,
        "Log Loss": 0.11745997661865054,
        "ECE": 0.02789732270285537
    },
    "Venn-Abers": {
        "Accuracy": 0.9549699999999999,
        "Brier Score": 0.03305072640902704,
        "Log Loss": 0.11632487030778252,
        "ECE": 0.03358884967373239
    }
}