{
    "Base Model": {
        "Accuracy": 0.9979893995988748,
        "Brier Score": 0.0016404504569610219,
        "Log Loss": 0.00794104428787429,
        "ECE": 0.0029327664646806723
    },
    "Platt Scaling": {
        "Accuracy": 0.9981804741256781,
        "Brier Score": 0.0015823637562168296,
        "Log Loss": 0.008803341855184759,
        "ECE": 0.0007682220062358564
    },
    "Isotonic Regression": {
        "Accuracy": 0.9984715817140806,
        "Brier Score": 0.0013045067035993782,
        "Log Loss": 0.01894211999460212,
        "ECE": 0.00665539881544272
    },
    "Beta Calibration": {
        "Accuracy": 0.9985807511976037,
        "Brier Score": 0.0012114567485534994,
        "Log Loss": 0.00855227047257171,
        "ECE": 0.0
    },
    "BBQ": {
        "Accuracy": 0.9982350485227589,
        "Brier Score": 0.0016480643863154138,
        "Log Loss": 0.016700852292581822,
        "ECE": 0.007118172743515031
    },
    "Venn-Abers": {
        "Accuracy": 0.9978438582182902,
        "Brier Score": 0.0025503804588497634,
        "Log Loss": 0.017980221923502522,
        "ECE": 0.03477404621107083
    }
}