{
    "Base Model": {
        "Accuracy": 0.6785,
        "Brier Score": 0.21266732030840316,
        "Log Loss": 0.635246070116287,
        "ECE": 0.09717544790017156
    },
    "Platt Scaling": {
        "Accuracy": 0.68797,
        "Brier Score": 0.20288997969044992,
        "Log Loss": 0.5927228668463259,
        "ECE": 0.026166717238231857
    },
    "Isotonic Regression": {
        "Accuracy": 0.68661,
        "Brier Score": 0.20323890898058955,
        "Log Loss": 0.6195736380370146,
        "ECE": 0.02624847120660196
    },
    "Beta Calibration": {
        "Accuracy": 0.6878399999999999,
        "Brier Score": 0.20290315367517273,
        "Log Loss": 0.5953230558474987,
        "ECE": 0.024529346463864624
    },
    "BBQ": {
        "Accuracy": 0.6871799999999999,
        "Brier Score": 0.2040593034721239,
        "Log Loss": 0.5957909238602358,
        "ECE": 0.042685542092713205
    },
    "Venn-Abers": {
        "Accuracy": 0.6855,
        "Brier Score": 0.20443131854884336,
        "Log Loss": 0.5970672384327627,
        "ECE": 0.03931544150977044
    }
}