{
    "Base Model": {
        "Accuracy": 0.9177054098454107,
        "Brier Score": 0.07412577211687112,
        "Log Loss": 0.5458081208700385,
        "ECE": 0.1143406088723617
    },
    "Platt Scaling": {
        "Accuracy": 0.9403380440809898,
        "Brier Score": 0.055669636284831986,
        "Log Loss": 0.22282775703693136,
        "ECE": 0.025261527901182083
    },
    "Isotonic Regression": {
        "Accuracy": 0.9401344869223636,
        "Brier Score": 0.0551956844211501,
        "Log Loss": 0.23468954109451953,
        "ECE": 0.014134366421146223
    },
    "Beta Calibration": {
        "Accuracy": 0.9403075149121853,
        "Brier Score": 0.05489951030450393,
        "Log Loss": 0.21558019393282715,
        "ECE": 0.005589453134317976
    },
    "BBQ": {
        "Accuracy": 0.9403380440809898,
        "Brier Score": 0.05584033890855746,
        "Log Loss": 0.2241945254993936,
        "ECE": 0.014632840635362823
    },
    "Venn-Abers": {
        "Accuracy": 0.9397678466856341,
        "Brier Score": 0.05591851414938241,
        "Log Loss": 0.2196219037766658,
        "ECE": 0.027526782205093414
    }
}