{
    "Base Model": {
        "Accuracy": 0.763371812080537,
        "Brier Score": 0.18038197305313666,
        "Log Loss": 0.558143477615103,
        "ECE": 0.06538460891837854
    },
    "Platt Scaling": {
        "Accuracy": 0.7625709172259508,
        "Brier Score": 0.18206301363460617,
        "Log Loss": 0.5717822698929096,
        "ECE": 0.07577739206720402
    },
    "Isotonic Regression": {
        "Accuracy": 0.7565530201342283,
        "Brier Score": 0.17945602727799692,
        "Log Loss": 0.7301027005516368,
        "ECE": 0.04710729084621024
    },
    "Beta Calibration": {
        "Accuracy": 0.7616366890380314,
        "Brier Score": 0.18246649305030987,
        "Log Loss": 0.6047238169601936,
        "ECE": 0.07579590115664833
    },
    "BBQ": {
        "Accuracy": 0.7621727069351232,
        "Brier Score": 0.18165598675574285,
        "Log Loss": 0.5496884606101351,
        "ECE": 0.023111474019311823
    },
    "Venn-Abers": {
        "Accuracy": 0.7457172259507829,
        "Brier Score": 0.19112650185392585,
        "Log Loss": 0.5716402077407129,
        "ECE": 0.10756973633357388
    }
}