{
    "Base Model": {
        "Accuracy": 0.7733939813581889,
        "Brier Score": 0.15882099937115332,
        "Log Loss": 0.4879401537391208,
        "ECE": 0.020547284129809783
    },
    "Platt Scaling": {
        "Accuracy": 0.7739813581890813,
        "Brier Score": 0.15885380864101772,
        "Log Loss": 0.4881823482928975,
        "ECE": 0.020936133541535114
    },
    "Isotonic Regression": {
        "Accuracy": 0.7715015357301376,
        "Brier Score": 0.15992530194510177,
        "Log Loss": 0.5552169695245105,
        "ECE": 0.027217071375990224
    },
    "Beta Calibration": {
        "Accuracy": 0.7731277407900576,
        "Brier Score": 0.15894320462629496,
        "Log Loss": 0.48806100445393874,
        "ECE": 0.021480086180467012
    },
    "BBQ": {
        "Accuracy": 0.7712345494895694,
        "Brier Score": 0.16071510320167132,
        "Log Loss": 0.49397340892271946,
        "ECE": 0.03911843640904529
    },
    "Venn-Abers": {
        "Accuracy": 0.7700615002219263,
        "Brier Score": 0.167915460236616,
        "Log Loss": 0.5175721413952435,
        "ECE": 0.060582084588562714
    }
}