{
    "Base Model": {
        "Accuracy": 0.9175904362676603,
        "Brier Score": 0.061653948118751266,
        "Log Loss": 0.20747202502259582,
        "ECE": 0.029389612983335353
    },
    "Platt Scaling": {
        "Accuracy": 0.9133659369663095,
        "Brier Score": 0.06225737286966063,
        "Log Loss": 0.2143920065364714,
        "ECE": 0.03456501884097228
    },
    "Isotonic Regression": {
        "Accuracy": 0.9063328675671479,
        "Brier Score": 0.0656357908981767,
        "Log Loss": 0.5844942122090576,
        "ECE": 0.03667375232645865
    },
    "Beta Calibration": {
        "Accuracy": 0.9103757180562023,
        "Brier Score": 0.06333708164288816,
        "Log Loss": 0.21376673261282847,
        "ECE": 0.042721100975837825
    },
    "BBQ": {
        "Accuracy": 0.9088029809035864,
        "Brier Score": 0.06887277940648912,
        "Log Loss": 0.2632191469594549,
        "ECE": 0.07268737812279268
    },
    "Venn-Abers": {
        "Accuracy": 0.9102002794597113,
        "Brier Score": 0.08271531728049736,
        "Log Loss": 0.30290515481519126,
        "ECE": 0.11786573192017064
    }
}