{
    "Base Model": {
        "Accuracy": 0.934408011163864,
        "Brier Score": 0.06205108697407457,
        "Log Loss": 0.23918620565524593,
        "ECE": 0.07120125018817562
    },
    "Platt Scaling": {
        "Accuracy": 0.9363851533082302,
        "Brier Score": 0.05467207393860335,
        "Log Loss": 0.2015287563665209,
        "ECE": 0.01431860345488602
    },
    "Isotonic Regression": {
        "Accuracy": 0.9355965105128985,
        "Brier Score": 0.05581868490281877,
        "Log Loss": 0.28035779292367713,
        "ECE": 0.026661371204816167
    },
    "Beta Calibration": {
        "Accuracy": 0.9361487007975302,
        "Brier Score": 0.05479002388856257,
        "Log Loss": 0.20182292640996052,
        "ECE": 0.01581615138863852
    },
    "BBQ": {
        "Accuracy": 0.9367797085857287,
        "Brier Score": 0.057233383111156486,
        "Log Loss": 0.2223287002652451,
        "ECE": 0.03212637354362045
    },
    "Venn-Abers": {
        "Accuracy": 0.9353977126552379,
        "Brier Score": 0.06154045334941542,
        "Log Loss": 0.23949539403960304,
        "ECE": 0.05641167430682704
    }
}