{
    "Base Model": {
        "Accuracy": 0.965951695786228,
        "Brier Score": 0.027367441871962193,
        "Log Loss": 0.1055813450139904,
        "ECE": 0.01756603916154281
    },
    "Platt Scaling": {
        "Accuracy": 0.9679547790339157,
        "Brier Score": 0.02730543783541564,
        "Log Loss": 0.10950473704521006,
        "ECE": 0.019377108463418564
    },
    "Isotonic Regression": {
        "Accuracy": 0.960655704008222,
        "Brier Score": 0.030281240011121566,
        "Log Loss": 0.4201906826049941,
        "ECE": 0.02645167053697242
    },
    "Beta Calibration": {
        "Accuracy": 0.9663833504624872,
        "Brier Score": 0.028558872606682106,
        "Log Loss": 0.12653251472301932,
        "ECE": 0.025914258816934564
    },
    "BBQ": {
        "Accuracy": 0.9655231243576565,
        "Brier Score": 0.03116359521490948,
        "Log Loss": 0.17489406097445584,
        "ECE": 0.026070327360814164
    },
    "Venn-Abers": {
        "Accuracy": 0.9509352517985613,
        "Brier Score": 0.048290524638139605,
        "Log Loss": 0.20090454139721975,
        "ECE": 0.13054865491405307
    }
}