{
    "Base Model": {
        "Accuracy": 0.9589655172413795,
        "Brier Score": 0.032923179570385736,
        "Log Loss": 0.12418736430511344,
        "ECE": 0.012169181019258546
    },
    "Platt Scaling": {
        "Accuracy": 0.9579623824451411,
        "Brier Score": 0.03303020986514528,
        "Log Loss": 0.12043438158163003,
        "ECE": 0.013223376437039176
    },
    "Isotonic Regression": {
        "Accuracy": 0.9571473354231975,
        "Brier Score": 0.03391475123035717,
        "Log Loss": 0.21831014194380688,
        "ECE": 0.020573176626611952
    },
    "Beta Calibration": {
        "Accuracy": 0.9574608150470221,
        "Brier Score": 0.03332667686730001,
        "Log Loss": 0.12760588224750183,
        "ECE": 0.01710296294140545
    },
    "BBQ": {
        "Accuracy": 0.9572727272727274,
        "Brier Score": 0.03476565266199112,
        "Log Loss": 0.14052283515810338,
        "ECE": 0.039810424087103634
    },
    "Venn-Abers": {
        "Accuracy": 0.9560501567398119,
        "Brier Score": 0.03808119056901007,
        "Log Loss": 0.16269134338388652,
        "ECE": 0.06455143287981883
    }
}