{
    "Base Model": {
        "Accuracy": 0.7538010355657414,
        "Brier Score": 0.16810128030810711,
        "Log Loss": 0.5086837545565883,
        "ECE": 0.031825673716792596
    },
    "Platt Scaling": {
        "Accuracy": 0.7565317035905271,
        "Brier Score": 0.16943530218302094,
        "Log Loss": 0.5121609738249684,
        "ECE": 0.04051790454073395
    },
    "Isotonic Regression": {
        "Accuracy": 0.7500195229606994,
        "Brier Score": 0.17378206882551517,
        "Log Loss": 0.8790507032514863,
        "ECE": 0.057405032992999774
    },
    "Beta Calibration": {
        "Accuracy": 0.7517052881758766,
        "Brier Score": 0.16981735588445734,
        "Log Loss": 0.5127037987541122,
        "ECE": 0.042113101777317107
    },
    "BBQ": {
        "Accuracy": 0.7479390544096427,
        "Brier Score": 0.177234027062809,
        "Log Loss": 0.5427942732512893,
        "ECE": 0.08482438507635398
    },
    "Venn-Abers": {
        "Accuracy": 0.7367226890756301,
        "Brier Score": 0.18610195604785346,
        "Log Loss": 0.5603049331879438,
        "ECE": 0.09506267397891932
    }
}