{
    "Base Model": {
        "Accuracy": 0.9489,
        "Brier Score": 0.03396005157111743,
        "Log Loss": 0.11111234331363062,
        "ECE": 0.07925868309852466
    },
    "Platt Scaling": {
        "Accuracy": 0.9640499999999999,
        "Brier Score": 0.028662093484657373,
        "Log Loss": 0.09986730675129231,
        "ECE": 0.04053934773796958
    },
    "Isotonic Regression": {
        "Accuracy": 0.9626,
        "Brier Score": 0.028271409532380026,
        "Log Loss": 0.26091876118257257,
        "ECE": 0.02174494874295365
    },
    "Beta Calibration": {
        "Accuracy": 0.9636500000000001,
        "Brier Score": 0.026469721831198636,
        "Log Loss": 0.10265037743191334,
        "ECE": 0.012397542148335425
    },
    "BBQ": {
        "Accuracy": 0.9614499999999999,
        "Brier Score": 0.02974185867126848,
        "Log Loss": 0.14382638121396848,
        "ECE": 0.0468582807485434
    },
    "Venn-Abers": {
        "Accuracy": 0.9608500000000001,
        "Brier Score": 0.031018040246080632,
        "Log Loss": 0.12757710980910109,
        "ECE": 0.05450359015741239
    }
}