{
    "Base Model": {
        "Accuracy": 0.9584291109666766,
        "Brier Score": 0.03011289535029268,
        "Log Loss": 0.13113947710421228,
        "ECE": 0.025319467695395406
    },
    "Platt Scaling": {
        "Accuracy": 0.9579263618318197,
        "Brier Score": 0.03099849612359632,
        "Log Loss": 0.12154963020190966,
        "ECE": 0.03094561853314632
    },
    "Isotonic Regression": {
        "Accuracy": 0.9619292778470673,
        "Brier Score": 0.028294049743661093,
        "Log Loss": 0.1577081626939532,
        "ECE": 0.02546209647733351
    },
    "Beta Calibration": {
        "Accuracy": 0.9637320779243592,
        "Brier Score": 0.02789479620330293,
        "Log Loss": 0.09989023509888345,
        "ECE": 0.014835191062418429
    },
    "BBQ": {
        "Accuracy": 0.9614525971858697,
        "Brier Score": 0.028876661064531028,
        "Log Loss": 0.11474182546847095,
        "ECE": 0.03738527726367985
    },
    "Venn-Abers": {
        "Accuracy": 0.962088042580849,
        "Brier Score": 0.02943561609576403,
        "Log Loss": 0.11636268716054035,
        "ECE": 0.04029217586656926
    }
}