{
    "Base Model": {
        "Accuracy": 0.8609600000000001,
        "Brier Score": 0.11396375493672453,
        "Log Loss": 0.38575764676901175,
        "ECE": 0.052858811641932
    },
    "Platt Scaling": {
        "Accuracy": 0.8632000000000001,
        "Brier Score": 0.11283770721765725,
        "Log Loss": 0.38392087931133095,
        "ECE": 0.044988064308857566
    },
    "Isotonic Regression": {
        "Accuracy": 0.86982,
        "Brier Score": 0.10981762336380178,
        "Log Loss": 0.4190943174424114,
        "ECE": 0.02180347937796239
    },
    "Beta Calibration": {
        "Accuracy": 0.8689799999999999,
        "Brier Score": 0.11042192332852137,
        "Log Loss": 0.37658579202085485,
        "ECE": 0.02716401482654589
    },
    "BBQ": {
        "Accuracy": 0.86748,
        "Brier Score": 0.11183374587733638,
        "Log Loss": 0.3804161785292833,
        "ECE": 0.04617076844609183
    },
    "Venn-Abers": {
        "Accuracy": 0.86784,
        "Brier Score": 0.11199947743808095,
        "Log Loss": 0.3824213463539934,
        "ECE": 0.039587967454525155
    }
}