{
    "Base Model": {
        "Accuracy": 0.9607014866979655,
        "Brier Score": 0.02981683011660556,
        "Log Loss": 0.1049883168850676,
        "ECE": 0.04826834040467945
    },
    "Platt Scaling": {
        "Accuracy": 0.9596061228482003,
        "Brier Score": 0.030309242646362203,
        "Log Loss": 0.1065496941262099,
        "ECE": 0.05054166633033181
    },
    "Isotonic Regression": {
        "Accuracy": 0.9658632629107982,
        "Brier Score": 0.02500960426624197,
        "Log Loss": 0.15473343654254018,
        "ECE": 0.021893697369810332
    },
    "Beta Calibration": {
        "Accuracy": 0.9640489534428796,
        "Brier Score": 0.02871304682153189,
        "Log Loss": 0.10269634830843556,
        "ECE": 0.04750483575658922
    },
    "BBQ": {
        "Accuracy": 0.963735377543036,
        "Brier Score": 0.028199259490757037,
        "Log Loss": 0.13450872396525282,
        "ECE": 0.049665192436092014
    },
    "Venn-Abers": {
        "Accuracy": 0.965142899061033,
        "Brier Score": 0.03105619865150648,
        "Log Loss": 0.13147813522715793,
        "ECE": 0.06530691703883515
    }
}