{
    "Base Model": {
        "Accuracy": 0.7390255033557048,
        "Brier Score": 0.18763127039867253,
        "Log Loss": 1.005693131457451,
        "ECE": 0.12308596433435516
    },
    "Platt Scaling": {
        "Accuracy": 0.758152125279642,
        "Brier Score": 0.17039048778792087,
        "Log Loss": 0.519395319846892,
        "ECE": 0.04104921718223622
    },
    "Isotonic Regression": {
        "Accuracy": 0.7601691275167785,
        "Brier Score": 0.17180878264337351,
        "Log Loss": 0.6450634022464213,
        "ECE": 0.047399973821019056
    },
    "Beta Calibration": {
        "Accuracy": 0.7644366890380314,
        "Brier Score": 0.17115304541468673,
        "Log Loss": 0.5272537939471649,
        "ECE": 0.042548617172432496
    },
    "BBQ": {
        "Accuracy": 0.755082774049217,
        "Brier Score": 0.17629586694506577,
        "Log Loss": 0.5351966600005892,
        "ECE": 0.08407723466334194
    },
    "Venn-Abers": {
        "Accuracy": 0.744923489932886,
        "Brier Score": 0.18720656407051273,
        "Log Loss": 0.5633479247812203,
        "ECE": 0.071762099720445
    }
}