{
    "Base Model": {
        "Accuracy": 0.940962649390743,
        "Brier Score": 0.0437861076782749,
        "Log Loss": 0.18239130258371222,
        "ECE": 0.02518930444384679
    },
    "Platt Scaling": {
        "Accuracy": 0.942304028190316,
        "Brier Score": 0.044585027752937864,
        "Log Loss": 0.16201447332477195,
        "ECE": 0.03259606321374876
    },
    "Isotonic Regression": {
        "Accuracy": 0.9415538196474651,
        "Brier Score": 0.044642136478979584,
        "Log Loss": 0.2144875416086128,
        "ECE": 0.030624611594769098
    },
    "Beta Calibration": {
        "Accuracy": 0.942027972027972,
        "Brier Score": 0.04469613597732768,
        "Log Loss": 0.16877503271345293,
        "ECE": 0.03145062875989755
    },
    "BBQ": {
        "Accuracy": 0.9405270871826055,
        "Brier Score": 0.04583259966147042,
        "Log Loss": 0.17705753667926438,
        "ECE": 0.03725853932776127
    },
    "Venn-Abers": {
        "Accuracy": 0.9336620904179432,
        "Brier Score": 0.051353742075244665,
        "Log Loss": 0.19251760824405217,
        "ECE": 0.052409880777432936
    }
}