{
    "Base Model": {
        "Accuracy": 0.9578217668063965,
        "Brier Score": 0.03394888743983854,
        "Log Loss": 0.16756471521077174,
        "ECE": 0.03975439763867728
    },
    "Platt Scaling": {
        "Accuracy": 0.9578279770222015,
        "Brier Score": 0.03215296817900077,
        "Log Loss": 0.12457694792660781,
        "ECE": 0.026823638872476387
    },
    "Isotonic Regression": {
        "Accuracy": 0.9553718366713242,
        "Brier Score": 0.03590898002789698,
        "Log Loss": 0.49820215639907345,
        "ECE": 0.0363113636687217
    },
    "Beta Calibration": {
        "Accuracy": 0.9571277751901878,
        "Brier Score": 0.03320583523494151,
        "Log Loss": 0.16501620519258306,
        "ECE": 0.03312693927214414
    },
    "BBQ": {
        "Accuracy": 0.9555519329296693,
        "Brier Score": 0.03656741292698769,
        "Log Loss": 0.21393771071552925,
        "ECE": 0.05744431090001542
    },
    "Venn-Abers": {
        "Accuracy": 0.9370889613414064,
        "Brier Score": 0.04721692284583082,
        "Log Loss": 0.18987796249409278,
        "ECE": 0.07515699349000277
    }
}