{
    "Base Model": {
        "Accuracy": 0.9679623824451411,
        "Brier Score": 0.05498897351868439,
        "Log Loss": 0.23233740857560595,
        "ECE": 0.17114715730119653
    },
    "Platt Scaling": {
        "Accuracy": 0.9695924764890284,
        "Brier Score": 0.025197343381518245,
        "Log Loss": 0.09797842414692066,
        "ECE": 0.02836468771707619
    },
    "Isotonic Regression": {
        "Accuracy": 0.9686206896551723,
        "Brier Score": 0.02585943615890646,
        "Log Loss": 0.18122038508607563,
        "ECE": 0.024563053698977284
    },
    "Beta Calibration": {
        "Accuracy": 0.9690909090909091,
        "Brier Score": 0.025453882219661685,
        "Log Loss": 0.10347385623790106,
        "ECE": 0.030597263670050227
    },
    "BBQ": {
        "Accuracy": 0.9656112852664576,
        "Brier Score": 0.02810227120099134,
        "Log Loss": 0.12771521931878357,
        "ECE": 0.050057305321513576
    },
    "Venn-Abers": {
        "Accuracy": 0.9623510971786834,
        "Brier Score": 0.03191701905244836,
        "Log Loss": 0.1301497392245657,
        "ECE": 0.05351962503620035
    }
}