{
    "Base Model": {
        "Accuracy": 0.7546,
        "Brier Score": 0.16720697999999995,
        "Log Loss": 0.5043025648551461,
        "ECE": 0.04002182980479129
    },
    "Platt Scaling": {
        "Accuracy": 0.7509,
        "Brier Score": 0.1670150563106339,
        "Log Loss": 0.5042326288938008,
        "ECE": 0.03804395788057507
    },
    "Isotonic Regression": {
        "Accuracy": 0.7491,
        "Brier Score": 0.1701993692747754,
        "Log Loss": 0.746062580628088,
        "ECE": 0.04390379006044612
    },
    "Beta Calibration": {
        "Accuracy": 0.7513,
        "Brier Score": 0.16702398054832873,
        "Log Loss": 0.5045241902159728,
        "ECE": 0.0379511021559589
    },
    "BBQ": {
        "Accuracy": 0.7432,
        "Brier Score": 0.17256039805479478,
        "Log Loss": 0.5223990041206698,
        "ECE": 0.06753595375476736
    },
    "Venn-Abers": {
        "Accuracy": 0.7177,
        "Brier Score": 0.19179560964895567,
        "Log Loss": 0.568305961561967,
        "ECE": 0.07284338936992389
    }
}