{
    "Base Model": {
        "Accuracy": 0.949033446631733,
        "Brier Score": 0.04325815094381613,
        "Log Loss": 0.19221289292426266,
        "ECE": 0.05606069951068528
    },
    "Platt Scaling": {
        "Accuracy": 0.94914230751074,
        "Brier Score": 0.03899133166864664,
        "Log Loss": 0.14466185219537325,
        "ECE": 0.01802971924445205
    },
    "Isotonic Regression": {
        "Accuracy": 0.9489244913373933,
        "Brier Score": 0.03969661379745175,
        "Log Loss": 0.18118548480207347,
        "ECE": 0.022342359712195413
    },
    "Beta Calibration": {
        "Accuracy": 0.9484901335976964,
        "Brier Score": 0.04063781068022546,
        "Log Loss": 0.17284235524492012,
        "ECE": 0.031479712229386746
    },
    "BBQ": {
        "Accuracy": 0.9480986640230376,
        "Brier Score": 0.040262287890381325,
        "Log Loss": 0.15312964800288667,
        "ECE": 0.03064251749408618
    },
    "Venn-Abers": {
        "Accuracy": 0.9379048765519521,
        "Brier Score": 0.04966804968737128,
        "Log Loss": 0.18783844798131785,
        "ECE": 0.05653371173842109
    }
}