{
    "Base Model": {
        "Accuracy": 0.9872349374021908,
        "Brier Score": 0.01431427137617371,
        "Log Loss": 0.07353766777878205,
        "ECE": 0.05555957694798261
    },
    "Platt Scaling": {
        "Accuracy": 0.9876418720657276,
        "Brier Score": 0.00973624554568394,
        "Log Loss": 0.03925078071434626,
        "ECE": 0.011626750970781247
    },
    "Isotonic Regression": {
        "Accuracy": 0.9865154538341155,
        "Brier Score": 0.010609700529580329,
        "Log Loss": 0.12085441754603328,
        "ECE": 0.017047627096942578
    },
    "Beta Calibration": {
        "Accuracy": 0.9870785895931141,
        "Brier Score": 0.010001236193383207,
        "Log Loss": 0.04302310976613196,
        "ECE": 0.012811352939558237
    },
    "BBQ": {
        "Accuracy": 0.9863587147887323,
        "Brier Score": 0.010678793800078547,
        "Log Loss": 0.0579619467625566,
        "ECE": 0.025323375618019398
    },
    "Venn-Abers": {
        "Accuracy": 0.9825725743348983,
        "Brier Score": 0.01332357581128129,
        "Log Loss": 0.060340514877133274,
        "ECE": 0.033509689843043755
    }
}