{
    "Base Model": {
        "Accuracy": 0.8557604890184731,
        "Brier Score": 0.10638318685675525,
        "Log Loss": 0.5451357136574463,
        "ECE": 0.03210866090109289
    },
    "Platt Scaling": {
        "Accuracy": 0.858084339926377,
        "Brier Score": 0.10665371751580734,
        "Log Loss": 0.34982470554044554,
        "ECE": 0.034068861557875536
    },
    "Isotonic Regression": {
        "Accuracy": 0.8554294109038512,
        "Brier Score": 0.10742645851437078,
        "Log Loss": 0.4343552086887847,
        "ECE": 0.03416850807819653
    },
    "Beta Calibration": {
        "Accuracy": 0.8568046064999831,
        "Brier Score": 0.10646978802178203,
        "Log Loss": 0.355372418581074,
        "ECE": 0.028458015833171757
    },
    "BBQ": {
        "Accuracy": 0.8562353232542693,
        "Brier Score": 0.1092649555993234,
        "Log Loss": 0.3635943909019439,
        "ECE": 0.050094865322465196
    },
    "Venn-Abers": {
        "Accuracy": 0.8471320822685775,
        "Brier Score": 0.11901161619128586,
        "Log Loss": 0.39161765651259733,
        "ECE": 0.04696539018461328
    }
}