{
    "Base Model": {
        "Accuracy": 0.99295,
        "Brier Score": 0.007223515000000001,
        "Log Loss": 0.037489809322494995,
        "ECE": 0.027362878813864323
    },
    "Platt Scaling": {
        "Accuracy": 0.9936499999999999,
        "Brier Score": 0.005188924738433675,
        "Log Loss": 0.0244036418695396,
        "ECE": 0.007788917488773846
    },
    "Isotonic Regression": {
        "Accuracy": 0.9938499999999999,
        "Brier Score": 0.005310079392483505,
        "Log Loss": 0.10001583314550302,
        "ECE": 0.011544567681100177
    },
    "Beta Calibration": {
        "Accuracy": 0.9945500000000002,
        "Brier Score": 0.004896795939223553,
        "Log Loss": 0.03244659844571798,
        "ECE": 0.00718817948251298
    },
    "BBQ": {
        "Accuracy": 0.99405,
        "Brier Score": 0.0053454516761772975,
        "Log Loss": 0.04374944355090734,
        "ECE": 0.010356876959159147
    },
    "Venn-Abers": {
        "Accuracy": 0.9914499999999999,
        "Brier Score": 0.0071946839334495185,
        "Log Loss": 0.04183579667583298,
        "ECE": 0.03315755396932301
    }
}