{
    "Base Model": {
        "Accuracy": 0.9859333025340931,
        "Brier Score": 0.013892605795390377,
        "Log Loss": 0.12279449784566744,
        "ECE": 0.008863420833685288
    },
    "Platt Scaling": {
        "Accuracy": 0.9855607172800849,
        "Brier Score": 0.014048100381035045,
        "Log Loss": 0.07204676734066798,
        "ECE": 0.008803003744894747
    },
    "Isotonic Regression": {
        "Accuracy": 0.9857263487500643,
        "Brier Score": 0.014143186520608112,
        "Log Loss": 0.1090082403543203,
        "ECE": 0.014193760867737399
    },
    "Beta Calibration": {
        "Accuracy": 0.9856848553291242,
        "Brier Score": 0.013990966045668731,
        "Log Loss": 0.08347595937598448,
        "ECE": 0.008949511019086538
    },
    "BBQ": {
        "Accuracy": 0.9859333025340931,
        "Brier Score": 0.013889705673452631,
        "Log Loss": 0.07475244589449442,
        "ECE": 0.0015704823521002023
    },
    "Venn-Abers": {
        "Accuracy": 0.9854364936776004,
        "Brier Score": 0.01567684289271092,
        "Log Loss": 0.0839960877172031,
        "ECE": 0.03787175385405284
    }
}