{
    "Base Model": {
        "Accuracy": 0.982290196216207,
        "Brier Score": 0.01407414661232807,
        "Log Loss": 0.05471711314146664,
        "ECE": 0.03496046630848371
    },
    "Platt Scaling": {
        "Accuracy": 0.9828999244646652,
        "Brier Score": 0.012920784506262929,
        "Log Loss": 0.048969746683481426,
        "ECE": 0.0234477214306649
    },
    "Isotonic Regression": {
        "Accuracy": 0.9826084986034747,
        "Brier Score": 0.012672033545712107,
        "Log Loss": 0.10766188010303025,
        "ECE": 0.015992403893797823
    },
    "Beta Calibration": {
        "Accuracy": 0.9831920178474188,
        "Brier Score": 0.012246139422471403,
        "Log Loss": 0.04304412053987005,
        "ECE": 0.017897691945635574
    },
    "BBQ": {
        "Accuracy": 0.9827676849298225,
        "Brier Score": 0.012789897573748316,
        "Log Loss": 0.05360350809988001,
        "ECE": 0.02398929611508222
    },
    "Venn-Abers": {
        "Accuracy": 0.9783929945368631,
        "Brier Score": 0.015464330999313967,
        "Log Loss": 0.061906752926368096,
        "ECE": 0.03686368024991463
    }
}