{
    "Base Model": {
        "Accuracy": 0.6776000000000001,
        "Brier Score": 0.3224,
        "Log Loss": 11.620473852651369,
        "ECE": 0.3487138839559533
    },
    "Platt Scaling": {
        "Accuracy": 0.6922,
        "Brier Score": 0.2000198832698753,
        "Log Loss": 0.5879028840605341,
        "ECE": 0.017548433803639584
    },
    "Isotonic Regression": {
        "Accuracy": 0.6914999999999999,
        "Brier Score": 0.2000620743372724,
        "Log Loss": 0.5880040969300123,
        "ECE": 0.017617055782476652
    },
    "Beta Calibration": {
        "Accuracy": 0.6922,
        "Brier Score": 0.20006205170859354,
        "Log Loss": 0.5880040517474902,
        "ECE": 0.017616943939841548
    },
    "BBQ": {
        "Accuracy": 0.6922,
        "Brier Score": 0.20078735253001237,
        "Log Loss": 0.5896447482070284,
        "ECE": 0.022655169816368823
    },
    "Venn-Abers": {
        "Accuracy": 0.6900999999999999,
        "Brier Score": 0.20410992157352217,
        "Log Loss": 0.598712122408129,
        "ECE": 0.052280627310304625
    }
}