{
    "Base Model": {
        "Accuracy": 0.9723611895351028,
        "Brier Score": 0.027638810464897422,
        "Log Loss": 0.9962037044842666,
        "ECE": 0.11182537771462737
    },
    "Platt Scaling": {
        "Accuracy": 0.9859333025340931,
        "Brier Score": 0.013882768292660698,
        "Log Loss": 0.07500806295975523,
        "ECE": 0.003789050498462083
    },
    "Isotonic Regression": {
        "Accuracy": 0.9859333025340931,
        "Brier Score": 0.013888418527772603,
        "Log Loss": 0.07431133637189472,
        "ECE": 0.004215515551399048
    },
    "Beta Calibration": {
        "Accuracy": 0.9859333025340931,
        "Brier Score": 0.013898102365384352,
        "Log Loss": 0.07640765453882079,
        "ECE": 0.004169696286952704
    },
    "BBQ": {
        "Accuracy": 0.9859333025340931,
        "Brier Score": 0.013844558051769342,
        "Log Loss": 0.07417994814533474,
        "ECE": 0.001218306949041166
    },
    "Venn-Abers": {
        "Accuracy": 0.9859333025340931,
        "Brier Score": 0.014239802974733387,
        "Log Loss": 0.07830915466169701,
        "ECE": 0.013091462869012168
    }
}