{
    "Base Model": {
        "Accuracy": 0.9417241379310345,
        "Brier Score": 0.058299373040752354,
        "Log Loss": 2.0994971795374164,
        "ECE": 0.05788444644190263
    },
    "Platt Scaling": {
        "Accuracy": 0.9416614420062696,
        "Brier Score": 0.05501266467790504,
        "Log Loss": 0.22332337172359676,
        "ECE": 0.008821235219745394
    },
    "Isotonic Regression": {
        "Accuracy": 0.941692789968652,
        "Brier Score": 0.05499575614483287,
        "Log Loss": 0.22346002112913943,
        "ECE": 0.008504728766466439
    },
    "Beta Calibration": {
        "Accuracy": 0.941692789968652,
        "Brier Score": 0.05499512066212055,
        "Log Loss": 0.22345700319590078,
        "ECE": 0.008547813849346952
    },
    "BBQ": {
        "Accuracy": 0.9417241379310345,
        "Brier Score": 0.054991420167907965,
        "Log Loss": 0.22347035593798462,
        "ECE": 0.00852901716750189
    },
    "Venn-Abers": {
        "Accuracy": 0.9416300940438872,
        "Brier Score": 0.055580321831531034,
        "Log Loss": 0.22697285325230332,
        "ECE": 0.019910348691080562
    }
}