{
    "Base Model": {
        "Accuracy": 0.8085507246376813,
        "Brier Score": 0.1914492753623189,
        "Log Loss": 6.900531322757066,
        "ECE": 0.18976511226073814
    },
    "Platt Scaling": {
        "Accuracy": 0.8085507246376813,
        "Brier Score": 0.15828720179114694,
        "Log Loss": 0.49827860406985364,
        "ECE": 0.05564613777651881
    },
    "Isotonic Regression": {
        "Accuracy": 0.8085507246376813,
        "Brier Score": 0.15789483954067332,
        "Log Loss": 0.4981459081992071,
        "ECE": 0.05262019818050206
    },
    "Beta Calibration": {
        "Accuracy": 0.8085507246376813,
        "Brier Score": 0.15789487526428203,
        "Log Loss": 0.49814596877034956,
        "ECE": 0.0526205539111548
    },
    "BBQ": {
        "Accuracy": 0.8085507246376813,
        "Brier Score": 0.15789483954067332,
        "Log Loss": 0.4981459081992071,
        "ECE": 0.05262019818050206
    },
    "Venn-Abers": {
        "Accuracy": 0.7984057971014493,
        "Brier Score": 0.1636683139371442,
        "Log Loss": 0.5121590276435667,
        "ECE": 0.07568255732090816
    }
}