{
    "Base Model": {
        "Accuracy": 0.986717339750909,
        "Brier Score": 0.01328266024909094,
        "Log Loss": 0.47875560210363866,
        "ECE": 0.02316532091908892
    },
    "Platt Scaling": {
        "Accuracy": 0.986717339750909,
        "Brier Score": 0.012726888091951811,
        "Log Loss": 0.0629944960826116,
        "ECE": 0.008690499897590602
    },
    "Isotonic Regression": {
        "Accuracy": 0.986717339750909,
        "Brier Score": 0.012709231400274792,
        "Log Loss": 0.06309556522461322,
        "ECE": 0.007656079285174263
    },
    "Beta Calibration": {
        "Accuracy": 0.986717339750909,
        "Brier Score": 0.012709236893249347,
        "Log Loss": 0.06309571842047035,
        "ECE": 0.007654389695973186
    },
    "BBQ": {
        "Accuracy": 0.986717339750909,
        "Brier Score": 0.012709231400274794,
        "Log Loss": 0.06309556522461322,
        "ECE": 0.007656079285174381
    },
    "Venn-Abers": {
        "Accuracy": 0.986717339750909,
        "Brier Score": 0.013296667460860818,
        "Log Loss": 0.06624688577836896,
        "ECE": 0.01959462046272537
    }
}