{
    "Base Model": {
        "Accuracy": 0.708274720357942,
        "Brier Score": 0.28107131768981086,
        "Log Loss": 9.096050728987443,
        "ECE": 0.31746408213511645
    },
    "Platt Scaling": {
        "Accuracy": 0.7596313199105147,
        "Brier Score": 0.1786218041548417,
        "Log Loss": 0.5412888417694078,
        "ECE": 0.02967376035710438
    },
    "Isotonic Regression": {
        "Accuracy": 0.7581637583892618,
        "Brier Score": 0.17887032876312056,
        "Log Loss": 0.5418920940083017,
        "ECE": 0.025825275110187472
    },
    "Beta Calibration": {
        "Accuracy": 0.7556313199105147,
        "Brier Score": 0.1791498578738653,
        "Log Loss": 0.5425755990506793,
        "ECE": 0.032181625912790876
    },
    "BBQ": {
        "Accuracy": 0.7593637583892618,
        "Brier Score": 0.17967873697008802,
        "Log Loss": 0.5441490834036685,
        "ECE": 0.037724848010223605
    },
    "Venn-Abers": {
        "Accuracy": 0.7513485458612976,
        "Brier Score": 0.1837574676143755,
        "Log Loss": 0.55419911064629,
        "ECE": 0.05412373290621582
    }
}