{
    "Base Model": {
        "Accuracy": 0.9881,
        "Brier Score": 0.0119,
        "Log Loss": 0.4289194753304944,
        "ECE": 0.016488758425836504
    },
    "Platt Scaling": {
        "Accuracy": 0.9881,
        "Brier Score": 0.011771449496000055,
        "Log Loss": 0.06125672254000757,
        "ECE": 0.013565787320490144
    },
    "Isotonic Regression": {
        "Accuracy": 0.9881,
        "Brier Score": 0.011713266881190676,
        "Log Loss": 0.11208341683364308,
        "ECE": 0.011848345662218443
    },
    "Beta Calibration": {
        "Accuracy": 0.9881,
        "Brier Score": 0.011713265915921922,
        "Log Loss": 0.0969583716035531,
        "ECE": 0.01185223944011842
    },
    "BBQ": {
        "Accuracy": 0.9881,
        "Brier Score": 0.011713266881190676,
        "Log Loss": 0.11208341683364308,
        "ECE": 0.011848345662218398
    },
    "Venn-Abers": {
        "Accuracy": 0.9881,
        "Brier Score": 0.012622262679983128,
        "Log Loss": 0.06519248359389446,
        "ECE": 0.027295816670095552
    }
}