{
    "Base Model": {
        "Accuracy": 0.927433628318584,
        "Brier Score": 0.07256637168141593,
        "Log Loss": 2.6155571485908022,
        "ECE": 0.07052451794982655
    },
    "Platt Scaling": {
        "Accuracy": 0.927433628318584,
        "Brier Score": 0.06760030159857822,
        "Log Loss": 0.26091071762203527,
        "ECE": 0.024212990410536747
    },
    "Isotonic Regression": {
        "Accuracy": 0.927433628318584,
        "Brier Score": 0.067358632727907,
        "Log Loss": 0.26034910124326954,
        "ECE": 0.022249349605713623
    },
    "Beta Calibration": {
        "Accuracy": 0.927433628318584,
        "Brier Score": 0.06735866510277559,
        "Log Loss": 0.2603492997410077,
        "ECE": 0.022249548305324694
    },
    "BBQ": {
        "Accuracy": 0.927433628318584,
        "Brier Score": 0.06735863272790699,
        "Log Loss": 0.26034910124326954,
        "ECE": 0.022249349605713606
    },
    "Venn-Abers": {
        "Accuracy": 0.927433628318584,
        "Brier Score": 0.0713805526434789,
        "Log Loss": 0.27509925035376875,
        "ECE": 0.05490040744137271
    }
}