{
    "Base Model": {
        "Accuracy": 0.8054028436018956,
        "Brier Score": 0.19459715639810427,
        "Log Loss": 7.013992455721091,
        "ECE": 0.20376704837534884
    },
    "Platt Scaling": {
        "Accuracy": 0.8054028436018956,
        "Brier Score": 0.15241705172187536,
        "Log Loss": 0.47931139259538247,
        "ECE": 0.014615374238472763
    },
    "Isotonic Regression": {
        "Accuracy": 0.8054028436018956,
        "Brier Score": 0.15228305812649567,
        "Log Loss": 0.47899967638329194,
        "ECE": 0.012658772523879525
    },
    "Beta Calibration": {
        "Accuracy": 0.8054028436018956,
        "Brier Score": 0.15228310042129775,
        "Log Loss": 0.47899978462293225,
        "ECE": 0.012659185858401943
    },
    "BBQ": {
        "Accuracy": 0.8054028436018956,
        "Brier Score": 0.15228305812649567,
        "Log Loss": 0.47899967638329194,
        "ECE": 0.012658772523879534
    },
    "Venn-Abers": {
        "Accuracy": 0.8025592417061611,
        "Brier Score": 0.1556354890234533,
        "Log Loss": 0.4882077667586567,
        "ECE": 0.042293798791847845
    }
}