{
    "Base Model": {
        "Accuracy": 0.9836005308560053,
        "Brier Score": 0.01639946914399469,
        "Log Loss": 0.5910967815916668,
        "ECE": 0.014748755720567566
    },
    "Platt Scaling": {
        "Accuracy": 0.9836005308560053,
        "Brier Score": 0.016204577092110414,
        "Log Loss": 0.08446369806852694,
        "ECE": 0.009222215398909503
    },
    "Isotonic Regression": {
        "Accuracy": 0.9836005308560053,
        "Brier Score": 0.016172702221637837,
        "Log Loss": 0.14162699979016216,
        "ECE": 0.00787760496165742
    },
    "Beta Calibration": {
        "Accuracy": 0.9836005308560053,
        "Brier Score": 0.016172707360403816,
        "Log Loss": 0.12277731753358365,
        "ECE": 0.00787771582209265
    },
    "BBQ": {
        "Accuracy": 0.9836005308560053,
        "Brier Score": 0.016172702221637837,
        "Log Loss": 0.1416269997901622,
        "ECE": 0.007877604961657386
    },
    "Venn-Abers": {
        "Accuracy": 0.9836005308560053,
        "Brier Score": 0.016751749900360095,
        "Log Loss": 0.0911358595980274,
        "ECE": 0.0210793467777507
    }
}