{
    "ECE": {
        "Statistic": 59.457142857142856,
        "p-value": 1.5735969214475207e-11
    },
    "Log Loss": {
        "Statistic": 65.94285714285712,
        "p-value": 7.142739369984598e-13
    }
}