{
    "Base Model vs Platt Scaling": {
        "Statistic": 42.0,
        "p-value": 0.017181396484375,
        "Significant": "True",
        "Adjusted p-value": 0.02147674560546875
    },
    "Base Model vs Isotonic Regression": {
        "Statistic": 98.0,
        "p-value": 0.8123550415039062,
        "Significant": "False",
        "Adjusted p-value": 0.8123550415039062
    },
    "Base Model vs Beta Calibration": {
        "Statistic": 25.0,
        "p-value": 0.001689910888671875,
        "Significant": "True",
        "Adjusted p-value": 0.0023044239390980115
    },
    "Base Model vs BBQ": {
        "Statistic": 43.0,
        "p-value": 0.01923370361328125,
        "Significant": "True",
        "Adjusted p-value": 0.022192734938401442
    },
    "Base Model vs Venn-Abers": {
        "Statistic": 21.0,
        "p-value": 0.000850677490234375,
        "Significant": "True",
        "Adjusted p-value": 0.0012760162353515625
    },
    "Platt Scaling vs Isotonic Regression": {
        "Statistic": 19.0,
        "p-value": 0.0005855560302734375,
        "Significant": "True",
        "Adjusted p-value": 0.0010979175567626953
    },
    "Platt Scaling vs Beta Calibration": {
        "Statistic": 3.0,
        "p-value": 9.5367431640625e-06,
        "Significant": "True",
        "Adjusted p-value": 2.384185791015625e-05
    },
    "Platt Scaling vs BBQ": {
        "Statistic": 78.0,
        "p-value": 0.3299827575683594,
        "Significant": "False",
        "Adjusted p-value": 0.3535529545375279
    },
    "Platt Scaling vs Venn-Abers": {
        "Statistic": 21.0,
        "p-value": 0.000850677490234375,
        "Significant": "True",
        "Adjusted p-value": 0.0012760162353515625
    },
    "Isotonic Regression vs Beta Calibration": {
        "Statistic": 3.0,
        "p-value": 9.5367431640625e-06,
        "Significant": "True",
        "Adjusted p-value": 2.384185791015625e-05
    },
    "Isotonic Regression vs BBQ": {
        "Statistic": 6.0,
        "p-value": 2.6702880859375e-05,
        "Significant": "True",
        "Adjusted p-value": 5.7220458984375e-05
    },
    "Isotonic Regression vs Venn-Abers": {
        "Statistic": 0.0,
        "p-value": 1.9073486328125e-06,
        "Significant": "True",
        "Adjusted p-value": 1.430511474609375e-05
    },
    "Beta Calibration vs BBQ": {
        "Statistic": 3.0,
        "p-value": 9.5367431640625e-06,
        "Significant": "True",
        "Adjusted p-value": 2.384185791015625e-05
    },
    "Beta Calibration vs Venn-Abers": {
        "Statistic": 0.0,
        "p-value": 1.9073486328125e-06,
        "Significant": "True",
        "Adjusted p-value": 1.430511474609375e-05
    },
    "BBQ vs Venn-Abers": {
        "Statistic": 1.0,
        "p-value": 3.814697265625e-06,
        "Significant": "True",
        "Adjusted p-value": 1.9073486328125e-05
    }
}