{
    "Accuracy": {
        "Statistic": 27.915472779369672,
        "p-value": 3.781006448934757e-05
    }
}