{
    "Base Model": {
        "Accuracy": 0.9438488423021087,
        "Brier Score": 0.0466431341020152,
        "Log Loss": 0.287220453931355,
        "ECE": 0.01910788568943098
    },
    "Platt Scaling": {
        "Accuracy": 0.9440171452474102,
        "Brier Score": 0.046668798748063664,
        "Log Loss": 0.17945549183044274,
        "ECE": 0.016969021369256668
    },
    "Isotonic Regression": {
        "Accuracy": 0.9429650943628356,
        "Brier Score": 0.04693915214729175,
        "Log Loss": 0.18233996992075685,
        "ECE": 0.016671264717552817
    },
    "Beta Calibration": {
        "Accuracy": 0.9403701582146108,
        "Brier Score": 0.051854677206670564,
        "Log Loss": 0.2571075406611422,
        "ECE": 0.06750929305988901
    },
    "BBQ": {
        "Accuracy": 0.9433017297802713,
        "Brier Score": 0.04727393283396585,
        "Log Loss": 0.18448728010893273,
        "ECE": 0.02372936413366328
    },
    "Venn-Abers": {
        "Accuracy": 0.9352081690903276,
        "Brier Score": 0.054995278284887476,
        "Log Loss": 0.2129212756467928,
        "ECE": 0.05230794911698291
    }
}