{
    "Base Model": {
        "Accuracy": 0.91503,
        "Brier Score": 0.07874521200000001,
        "Log Loss": 0.27799182391288435,
        "ECE": 0.14135871093987154
    },
    "Platt Scaling": {
        "Accuracy": 0.9167499999999998,
        "Brier Score": 0.05902929757470084,
        "Log Loss": 0.19044936552050534,
        "ECE": 0.017123385981210288
    },
    "Isotonic Regression": {
        "Accuracy": 0.91533,
        "Brier Score": 0.05947884198235085,
        "Log Loss": 0.20906694063949152,
        "ECE": 0.021830015332867467
    },
    "Beta Calibration": {
        "Accuracy": 0.9165899999999999,
        "Brier Score": 0.05885805854601117,
        "Log Loss": 0.18830282823568611,
        "ECE": 0.014475565612207131
    },
    "BBQ": {
        "Accuracy": 0.91448,
        "Brier Score": 0.060628427200270875,
        "Log Loss": 0.19467086567832528,
        "ECE": 0.038114827466200464
    },
    "Venn-Abers": {
        "Accuracy": 0.91051,
        "Brier Score": 0.06423499645781412,
        "Log Loss": 0.2141314824504283,
        "ECE": 0.04584650921893701
    }
}