{
    "Base Model": {
        "Accuracy": 0.8053098430279638,
        "Brier Score": 0.13769257646305968,
        "Log Loss": 0.43079597519008217,
        "ECE": 0.07622121200745617
    },
    "Platt Scaling": {
        "Accuracy": 0.8070555693374483,
        "Brier Score": 0.13244004994519437,
        "Log Loss": 0.41177231025020317,
        "ECE": 0.025272710759292324
    },
    "Isotonic Regression": {
        "Accuracy": 0.8043088976646022,
        "Brier Score": 0.1327639424789343,
        "Log Loss": 0.44213068365286856,
        "ECE": 0.02124029755751097
    },
    "Beta Calibration": {
        "Accuracy": 0.8070555544381045,
        "Brier Score": 0.13185856699208165,
        "Log Loss": 0.40818138269941906,
        "ECE": 0.017084858489286446
    },
    "BBQ": {
        "Accuracy": 0.8043943603004006,
        "Brier Score": 0.1339339383530884,
        "Log Loss": 0.4166385316456671,
        "ECE": 0.040896606668320505
    },
    "Venn-Abers": {
        "Accuracy": 0.7937013247751503,
        "Brier Score": 0.14035232748110238,
        "Log Loss": 0.4338284618069682,
        "ECE": 0.05475880093200131
    }
}