{
    "Base Model": {
        "Accuracy": 0.9343507052231886,
        "Brier Score": 0.048692922035458955,
        "Log Loss": 0.1795172624519447,
        "ECE": 0.03254764805015505
    },
    "Platt Scaling": {
        "Accuracy": 0.9341920197624897,
        "Brier Score": 0.04796953301680263,
        "Log Loss": 0.16589961282126173,
        "ECE": 0.02329641516410922
    },
    "Isotonic Regression": {
        "Accuracy": 0.933276618981317,
        "Brier Score": 0.047818711447206806,
        "Log Loss": 0.1836162281400226,
        "ECE": 0.018565787964812275
    },
    "Beta Calibration": {
        "Accuracy": 0.934265197889359,
        "Brier Score": 0.047642882398096956,
        "Log Loss": 0.16881514228410271,
        "ECE": 0.020094563307335046
    },
    "BBQ": {
        "Accuracy": 0.9333132415682752,
        "Brier Score": 0.04816956647274929,
        "Log Loss": 0.16859667523682226,
        "ECE": 0.02861030988377008
    },
    "Venn-Abers": {
        "Accuracy": 0.9243161685443565,
        "Brier Score": 0.05661890397530428,
        "Log Loss": 0.20187959402220318,
        "ECE": 0.04707736436604649
    }
}