{
    "Base Model": {
        "Accuracy": 0.999066011235955,
        "Brier Score": 0.000814885533707865,
        "Log Loss": 0.014464135957769289,
        "ECE": 0.003955184759217911
    },
    "Platt Scaling": {
        "Accuracy": 0.9989957865168541,
        "Brier Score": 0.0009219839382135864,
        "Log Loss": 0.005847275561347394,
        "ECE": 0.0010169766136211129
    },
    "Isotonic Regression": {
        "Accuracy": 0.999009831460674,
        "Brier Score": 0.0008080545010595926,
        "Log Loss": 0.012691250723169671,
        "ECE": 0.003248276227160374
    },
    "Beta Calibration": {
        "Accuracy": 0.9990028089887641,
        "Brier Score": 0.0008908007883804264,
        "Log Loss": 0.01035055859281116,
        "ECE": 0.0018059583821838792
    },
    "BBQ": {
        "Accuracy": 0.9991011235955056,
        "Brier Score": 0.0008624100665182541,
        "Log Loss": 0.00934533552991747,
        "ECE": 0.003489465157726712
    },
    "Venn-Abers": {
        "Accuracy": 0.9987921348314608,
        "Brier Score": 0.0009484407930148481,
        "Log Loss": 0.006220274559355283,
        "ECE": 0.005154702396230123
    }
}