{
    "Base Model": {
        "Accuracy": 0.9676888285843509,
        "Brier Score": 0.025333255589712583,
        "Log Loss": 0.11270666668933231,
        "ECE": 0.06044973941793454
    },
    "Platt Scaling": {
        "Accuracy": 0.9673993668023517,
        "Brier Score": 0.025121566302997937,
        "Log Loss": 0.09527786626983009,
        "ECE": 0.058059655815374346
    },
    "Isotonic Regression": {
        "Accuracy": 0.967652645861601,
        "Brier Score": 0.02456844052170481,
        "Log Loss": 0.10446528526990678,
        "ECE": 0.021025270757824142
    },
    "Beta Calibration": {
        "Accuracy": 0.9673993668023517,
        "Brier Score": 0.025252450669288207,
        "Log Loss": 0.10312697879176877,
        "ECE": 0.05833037270808294
    },
    "BBQ": {
        "Accuracy": 0.9670104025327905,
        "Brier Score": 0.024952708346282396,
        "Log Loss": 0.09503608199183206,
        "ECE": 0.032648058318175056
    },
    "Venn-Abers": {
        "Accuracy": 0.9621709633649934,
        "Brier Score": 0.02924928436462221,
        "Log Loss": 0.11461776556717884,
        "ECE": 0.03660147938095939
    }
}