{
    "Base Model": {
        "Accuracy": 0.71529,
        "Brier Score": 0.18918993125077224,
        "Log Loss": 0.5622331317754229,
        "ECE": 0.02593110465848518
    },
    "Platt Scaling": {
        "Accuracy": 0.7155199999999999,
        "Brier Score": 0.18884453238563917,
        "Log Loss": 0.5600135073792489,
        "ECE": 0.021702744399141598
    },
    "Isotonic Regression": {
        "Accuracy": 0.7132299999999999,
        "Brier Score": 0.18987496524616115,
        "Log Loss": 0.5885849033741494,
        "ECE": 0.023657441465949454
    },
    "Beta Calibration": {
        "Accuracy": 0.71443,
        "Brier Score": 0.18938625874724116,
        "Log Loss": 0.5631792257551633,
        "ECE": 0.0288466805866254
    },
    "BBQ": {
        "Accuracy": 0.7096399999999998,
        "Brier Score": 0.19057184303691577,
        "Log Loss": 0.5645221780712845,
        "ECE": 0.03753472911702837
    },
    "Venn-Abers": {
        "Accuracy": 0.7002899999999999,
        "Brier Score": 0.19836267035324284,
        "Log Loss": 0.5836125315423643,
        "ECE": 0.052773609602152306
    }
}