{
    "Base Model": {
        "Accuracy": 0.9298312578059007,
        "Brier Score": 0.060358884253670836,
        "Log Loss": 0.4268773487676274,
        "ECE": 0.055593156307654906
    },
    "Platt Scaling": {
        "Accuracy": 0.9402260744287766,
        "Brier Score": 0.05538241641850211,
        "Log Loss": 0.2188810479782472,
        "ECE": 0.024381130770260252
    },
    "Isotonic Regression": {
        "Accuracy": 0.9401853101371764,
        "Brier Score": 0.054833350740686,
        "Log Loss": 0.2187697524429745,
        "ECE": 0.009464249669824414
    },
    "Beta Calibration": {
        "Accuracy": 0.940093743360126,
        "Brier Score": 0.055276344446952515,
        "Log Loss": 0.2184129798377701,
        "ECE": 0.021967459969121635
    },
    "BBQ": {
        "Accuracy": 0.9402769546493368,
        "Brier Score": 0.055831218318326395,
        "Log Loss": 0.22397980378823112,
        "ECE": 0.026899194834432087
    },
    "Venn-Abers": {
        "Accuracy": 0.9398187476355573,
        "Brier Score": 0.056674576174109606,
        "Log Loss": 0.22698120061926058,
        "ECE": 0.029196268456144394
    }
}