{
    "Base Model": {
        "Accuracy": 0.7041591287428847,
        "Brier Score": 0.19601805014264087,
        "Log Loss": 0.5891800171803235,
        "ECE": 0.024035381466950802
    },
    "Platt Scaling": {
        "Accuracy": 0.7038426622502082,
        "Brier Score": 0.19560596329091207,
        "Log Loss": 0.5757022857928252,
        "ECE": 0.017283923344693985
    },
    "Isotonic Regression": {
        "Accuracy": 0.7045359326859078,
        "Brier Score": 0.19614615796629298,
        "Log Loss": 0.5912809713751781,
        "ECE": 0.0210328235675872
    },
    "Beta Calibration": {
        "Accuracy": 0.7019062609542217,
        "Brier Score": 0.19682164827278087,
        "Log Loss": 0.5852765855474812,
        "ECE": 0.03605669278203073
    },
    "BBQ": {
        "Accuracy": 0.7027200927569797,
        "Brier Score": 0.1968596867794632,
        "Log Loss": 0.5788951244797982,
        "ECE": 0.034625477847219616
    },
    "Venn-Abers": {
        "Accuracy": 0.6941533356891562,
        "Brier Score": 0.2025426763435442,
        "Log Loss": 0.5926077241889199,
        "ECE": 0.04607076006428402
    }
}