{
    "Base Model": {
        "Accuracy": 0.9953419972102466,
        "Brier Score": 0.005415453174803172,
        "Log Loss": 0.026672671297623553,
        "ECE": 0.03580666765990363
    },
    "Platt Scaling": {
        "Accuracy": 0.995260166648667,
        "Brier Score": 0.0037080340442364563,
        "Log Loss": 0.014876663959211384,
        "ECE": 0.00731583761219948
    },
    "Isotonic Regression": {
        "Accuracy": 0.9947870878524071,
        "Brier Score": 0.0039025294356294545,
        "Log Loss": 0.032435422775388856,
        "ECE": 0.008562150224258429
    },
    "Beta Calibration": {
        "Accuracy": 0.9952236954426716,
        "Brier Score": 0.0037314261916404456,
        "Log Loss": 0.01704650979010576,
        "ECE": 0.008110122798554262
    },
    "BBQ": {
        "Accuracy": 0.9948234969903187,
        "Brier Score": 0.004068273082888434,
        "Log Loss": 0.020086267130690547,
        "ECE": 0.018750003599244853
    },
    "Venn-Abers": {
        "Accuracy": 0.9934680334886277,
        "Brier Score": 0.004986219938561416,
        "Log Loss": 0.022889094283503768,
        "ECE": 0.01887195893734827
    }
}