{
    "Base Model": {
        "Accuracy": 0.9870697242585466,
        "Brier Score": 0.010608762183302627,
        "Log Loss": 0.08123561908660804,
        "ECE": 0.011286463266125781
    },
    "Platt Scaling": {
        "Accuracy": 0.9872307060551804,
        "Brier Score": 0.010902214082398363,
        "Log Loss": 0.04922457964805745,
        "ECE": 0.0141445394853566
    },
    "Isotonic Regression": {
        "Accuracy": 0.9868998458995445,
        "Brier Score": 0.010694995407255114,
        "Log Loss": 0.058363120908174394,
        "ECE": 0.010516955635236252
    },
    "Beta Calibration": {
        "Accuracy": 0.986989275344007,
        "Brier Score": 0.011030933010508205,
        "Log Loss": 0.05225709502175806,
        "ECE": 0.015017049093561751
    },
    "BBQ": {
        "Accuracy": 0.9865420961340539,
        "Brier Score": 0.010986784081875667,
        "Log Loss": 0.053902108150255396,
        "ECE": 0.019282550052763615
    },
    "Venn-Abers": {
        "Accuracy": 0.9847536511891807,
        "Brier Score": 0.012460665265740236,
        "Log Loss": 0.055921568827740575,
        "ECE": 0.02281418851998533
    }
}