{
    "Base Model": {
        "Accuracy": 0.9507944676744933,
        "Brier Score": 0.03902568735927951,
        "Log Loss": 0.16894893314552292,
        "ECE": 0.011583685711189964
    },
    "Platt Scaling": {
        "Accuracy": 0.9505435831457058,
        "Brier Score": 0.039744479463407645,
        "Log Loss": 0.1470264168630806,
        "ECE": 0.022067088843996652
    },
    "Isotonic Regression": {
        "Accuracy": 0.9505500160823414,
        "Brier Score": 0.03914700813188156,
        "Log Loss": 0.14946095334138343,
        "ECE": 0.012724066230505282
    },
    "Beta Calibration": {
        "Accuracy": 0.9503248633000966,
        "Brier Score": 0.039864202241570494,
        "Log Loss": 0.15186301375716366,
        "ECE": 0.025227678513733795
    },
    "BBQ": {
        "Accuracy": 0.9505950466387904,
        "Brier Score": 0.039494581596618845,
        "Log Loss": 0.1486553392082052,
        "ECE": 0.020739568875858955
    },
    "Venn-Abers": {
        "Accuracy": 0.946420070762303,
        "Brier Score": 0.042742513823952055,
        "Log Loss": 0.15850957975566918,
        "ECE": 0.032647177036487465
    }
}