{
    "Base Model": {
        "Accuracy": 0.8310914961250531,
        "Brier Score": 0.12461483793834802,
        "Log Loss": 0.40006395437981906,
        "ECE": 0.09303730884548614
    },
    "Platt Scaling": {
        "Accuracy": 0.8308352721104398,
        "Brier Score": 0.11684383529310445,
        "Log Loss": 0.36610805581851347,
        "ECE": 0.027226318822289083
    },
    "Isotonic Regression": {
        "Accuracy": 0.8303344753680324,
        "Brier Score": 0.11661948815926655,
        "Log Loss": 0.392401643266321,
        "ECE": 0.017468108346413852
    },
    "Beta Calibration": {
        "Accuracy": 0.8309328926107449,
        "Brier Score": 0.11609620423428334,
        "Log Loss": 0.3619782361524976,
        "ECE": 0.017785516691371694
    },
    "BBQ": {
        "Accuracy": 0.8294436808530768,
        "Brier Score": 0.11750379285148883,
        "Log Loss": 0.36772647874642056,
        "ECE": 0.033168655778060316
    },
    "Venn-Abers": {
        "Accuracy": 0.8199954557001538,
        "Brier Score": 0.12442520073607763,
        "Log Loss": 0.3914316454665255,
        "ECE": 0.05213442383415862
    }
}