{
    "Base Model": {
        "Accuracy": 0.9999189814814815,
        "Brier Score": 7.65310953666217e-05,
        "Log Loss": 0.0010045417339969533,
        "ECE": 0.0033674692528082857
    },
    "Platt Scaling": {
        "Accuracy": 0.9999189814814815,
        "Brier Score": 5.9716733186212076e-05,
        "Log Loss": 0.0011822802502016855,
        "ECE": 0.0009917348603526136
    },
    "Isotonic Regression": {
        "Accuracy": 0.9999305555555555,
        "Brier Score": 5.7108280519487626e-05,
        "Log Loss": 0.0005670791816709249,
        "ECE": 0.00011143446633480258
    },
    "Beta Calibration": {
        "Accuracy": 0.9999189814814815,
        "Brier Score": 5.447088189783878e-05,
        "Log Loss": 0.00020304498801195344,
        "ECE": 0.0002306031587492175
    },
    "BBQ": {
        "Accuracy": 0.9999189814814815,
        "Brier Score": 8.006449474809367e-05,
        "Log Loss": 0.0009583577952285595,
        "ECE": 5.389668230847896e-05
    },
    "Venn-Abers": {
        "Accuracy": 0.9999189814814815,
        "Brier Score": 8.729315218084681e-05,
        "Log Loss": 0.004279875272526255,
        "ECE": 0.0038470882495378893
    }
}