{
    "Base Model": {
        "Accuracy": 0.8395060745744901,
        "Brier Score": 0.12682902275461425,
        "Log Loss": 0.4060428213043905,
        "ECE": 0.1025574288444586
    },
    "Platt Scaling": {
        "Accuracy": 0.8390042558736746,
        "Brier Score": 0.11638550542762985,
        "Log Loss": 0.3690161211590772,
        "ECE": 0.018098184638470703
    },
    "Isotonic Regression": {
        "Accuracy": 0.8394288358970274,
        "Brier Score": 0.11674515251392016,
        "Log Loss": 0.3828002527890908,
        "ECE": 0.020738897589807567
    },
    "Beta Calibration": {
        "Accuracy": 0.839776094504183,
        "Brier Score": 0.11631774387698648,
        "Log Loss": 0.36974405336378685,
        "ECE": 0.017708300653348618
    },
    "BBQ": {
        "Accuracy": 0.8373770373120667,
        "Brier Score": 0.11773965500163182,
        "Log Loss": 0.37339190676735007,
        "ECE": 0.03597107995947856
    },
    "Venn-Abers": {
        "Accuracy": 0.8342123593053669,
        "Brier Score": 0.12189404793013525,
        "Log Loss": 0.38841697690610105,
        "ECE": 0.040615097786137436
    }
}