{
    "Base Model": {
        "Accuracy": 0.8150206706476802,
        "Brier Score": 0.13747412966977873,
        "Log Loss": 0.5552683616007531,
        "ECE": 0.04322193373565725
    },
    "Platt Scaling": {
        "Accuracy": 0.8159761139182362,
        "Brier Score": 0.13658678666793878,
        "Log Loss": 0.4340689766983366,
        "ECE": 0.03485248646867181
    },
    "Isotonic Regression": {
        "Accuracy": 0.8153146531924667,
        "Brier Score": 0.13665995871539963,
        "Log Loss": 0.4400084610945101,
        "ECE": 0.023870692541473303
    },
    "Beta Calibration": {
        "Accuracy": 0.8167845659163987,
        "Brier Score": 0.13733398717621112,
        "Log Loss": 0.4379750022432345,
        "ECE": 0.04413409745559762
    },
    "BBQ": {
        "Accuracy": 0.8152044097381719,
        "Brier Score": 0.13744710732530369,
        "Log Loss": 0.4373786741481541,
        "ECE": 0.0352671001152605
    },
    "Venn-Abers": {
        "Accuracy": 0.8085989894350023,
        "Brier Score": 0.14399780671954698,
        "Log Loss": 0.45437487604370363,
        "ECE": 0.04518249258671978
    }
}