{
    "Base Model": {
        "Accuracy": 0.8790482464662168,
        "Brier Score": 0.09145615663790477,
        "Log Loss": 0.37216637629228166,
        "ECE": 0.020652473307937295
    },
    "Platt Scaling": {
        "Accuracy": 0.8791638534026326,
        "Brier Score": 0.09180691060958271,
        "Log Loss": 0.3097729696697421,
        "ECE": 0.02407654177970661
    },
    "Isotonic Regression": {
        "Accuracy": 0.8779134228573194,
        "Brier Score": 0.09187326574464262,
        "Log Loss": 0.31307855433395526,
        "ECE": 0.017185330524090693
    },
    "Beta Calibration": {
        "Accuracy": 0.8740151772742728,
        "Brier Score": 0.0950328375740444,
        "Log Loss": 0.36046163398079484,
        "ECE": 0.057886031735619785
    },
    "BBQ": {
        "Accuracy": 0.8777872399616704,
        "Brier Score": 0.0924415786254767,
        "Log Loss": 0.31320606873064216,
        "ECE": 0.02648055464726278
    },
    "Venn-Abers": {
        "Accuracy": 0.8661241979713588,
        "Brier Score": 0.10104442410562903,
        "Log Loss": 0.34019605816931436,
        "ECE": 0.047596906669636826
    }
}