{
    "Base Model": {
        "Accuracy": 0.8954107308048104,
        "Brier Score": 0.07804541730564978,
        "Log Loss": 0.2873373635835455,
        "ECE": 0.04893507688890715
    },
    "Platt Scaling": {
        "Accuracy": 0.8955771747695891,
        "Brier Score": 0.07663566866671856,
        "Log Loss": 0.25659118113359,
        "ECE": 0.03680085722481664
    },
    "Isotonic Regression": {
        "Accuracy": 0.8949853016754034,
        "Brier Score": 0.07719118874334376,
        "Log Loss": 0.2744414314407285,
        "ECE": 0.028573406450841735
    },
    "Beta Calibration": {
        "Accuracy": 0.8934311165930037,
        "Brier Score": 0.0778240229522129,
        "Log Loss": 0.2689982804317484,
        "ECE": 0.0474591491123745
    },
    "BBQ": {
        "Accuracy": 0.8948557405694316,
        "Brier Score": 0.07771685210563256,
        "Log Loss": 0.26184526406058245,
        "ECE": 0.03838638806270526
    },
    "Venn-Abers": {
        "Accuracy": 0.8822362695720696,
        "Brier Score": 0.09013781524304099,
        "Log Loss": 0.304142024387412,
        "ECE": 0.061379272159670845
    }
}