{
    "Base Model": {
        "Accuracy": 0.9180574098798396,
        "Brier Score": 0.07973831575433912,
        "Log Loss": 0.2872121342949049,
        "ECE": 0.14415316472017245
    },
    "Platt Scaling": {
        "Accuracy": 0.9198798397863819,
        "Brier Score": 0.05893931858100194,
        "Log Loss": 0.1962660378463613,
        "ECE": 0.009598582984876343
    },
    "Isotonic Regression": {
        "Accuracy": 0.9194526034712951,
        "Brier Score": 0.059427463716442495,
        "Log Loss": 0.21219993782751792,
        "ECE": 0.014414482348791734
    },
    "Beta Calibration": {
        "Accuracy": 0.9197530040053404,
        "Brier Score": 0.058876704178385114,
        "Log Loss": 0.1952281013487401,
        "ECE": 0.008627197553471314
    },
    "BBQ": {
        "Accuracy": 0.9174766355140187,
        "Brier Score": 0.06024749733122135,
        "Log Loss": 0.2013458754207516,
        "ECE": 0.032391917599665636
    },
    "Venn-Abers": {
        "Accuracy": 0.9158010680907878,
        "Brier Score": 0.06234033753410149,
        "Log Loss": 0.2129681565942383,
        "ECE": 0.03420906081037797
    }
}