{
    "Base Model": {
        "Accuracy": 0.8599637365372039,
        "Brier Score": 0.10216659363855758,
        "Log Loss": 0.34786463237115717,
        "ECE": 0.033003087860840344
    },
    "Platt Scaling": {
        "Accuracy": 0.8603743597756828,
        "Brier Score": 0.1016511178561053,
        "Log Loss": 0.33050062757603954,
        "ECE": 0.025590901809298634
    },
    "Isotonic Regression": {
        "Accuracy": 0.8589296433263306,
        "Brier Score": 0.10222321695048567,
        "Log Loss": 0.3561240204266607,
        "ECE": 0.020768829788065504
    },
    "Beta Calibration": {
        "Accuracy": 0.8580624106579626,
        "Brier Score": 0.10237599169813837,
        "Log Loss": 0.3457560331417811,
        "ECE": 0.03424166355258103
    },
    "BBQ": {
        "Accuracy": 0.8581690828804741,
        "Brier Score": 0.10257190695101309,
        "Log Loss": 0.33359186255201834,
        "ECE": 0.03599493205678799
    },
    "Venn-Abers": {
        "Accuracy": 0.8419842815887401,
        "Brier Score": 0.1142144094499147,
        "Log Loss": 0.37284907698913117,
        "ECE": 0.05709607190641766
    }
}