{
    "Base Model": {
        "Accuracy": 0.9394776886052054,
        "Brier Score": 0.04680441412800474,
        "Log Loss": 0.17144878508207242,
        "ECE": 0.05078431926223536
    },
    "Platt Scaling": {
        "Accuracy": 0.9395509561281373,
        "Brier Score": 0.04495594027160552,
        "Log Loss": 0.15440291835454403,
        "ECE": 0.028400484968639218
    },
    "Isotonic Regression": {
        "Accuracy": 0.9384645481289777,
        "Brier Score": 0.04442652873132853,
        "Log Loss": 0.17194119985579637,
        "ECE": 0.019179390305284972
    },
    "Beta Calibration": {
        "Accuracy": 0.9392580797278783,
        "Brier Score": 0.04393901618040708,
        "Log Loss": 0.14569263198687438,
        "ECE": 0.016550713811882303
    },
    "BBQ": {
        "Accuracy": 0.9380616624240785,
        "Brier Score": 0.044768130329260754,
        "Log Loss": 0.15218182397966062,
        "ECE": 0.026588850983126897
    },
    "Venn-Abers": {
        "Accuracy": 0.9299807798465517,
        "Brier Score": 0.052476129740939965,
        "Log Loss": 0.18749592026626452,
        "ECE": 0.0472390981288173
    }
}