{
    "Accuracy": {
        "Statistic": 9.08914728682175,
        "p-value": 0.10556076946402877
    }
}