{
    "Base Model vs Platt Scaling": {
        "Statistic": 5.0,
        "p-value": 0.12819017434510785,
        "Significant": "False",
        "Adjusted p-value": 0.3204754358627696
    },
    "Base Model vs Isotonic Regression": {
        "Statistic": 9.0,
        "p-value": 0.39802471950693785,
        "Significant": "False",
        "Adjusted p-value": 0.4975308993836723
    },
    "Base Model vs Beta Calibration": {
        "Statistic": 10.0,
        "p-value": 0.2626182904425206,
        "Significant": "False",
        "Adjusted p-value": 0.49240929457972615
    },
    "Base Model vs BBQ": {
        "Statistic": 9.0,
        "p-value": 0.39802471950693785,
        "Significant": "False",
        "Adjusted p-value": 0.4975308993836723
    },
    "Base Model vs Venn-Abers": {
        "Statistic": 18.0,
        "p-value": 0.5939546753269146,
        "Significant": "False",
        "Adjusted p-value": 0.6853323176849014
    },
    "Platt Scaling vs Isotonic Regression": {
        "Statistic": 4.0,
        "p-value": 0.34523107177184,
        "Significant": "False",
        "Adjusted p-value": 0.4975308993836723
    },
    "Platt Scaling vs Beta Calibration": {
        "Statistic": 6.0,
        "p-value": 0.6858304344516057,
        "Significant": "False",
        "Adjusted p-value": 0.7150006546880893
    },
    "Platt Scaling vs BBQ": {
        "Statistic": 3.0,
        "p-value": 0.22491588401596185,
        "Significant": "False",
        "Adjusted p-value": 0.48196260860563256
    },
    "Platt Scaling vs Venn-Abers": {
        "Statistic": 6.0,
        "p-value": 0.050612432239184685,
        "Significant": "False",
        "Adjusted p-value": 0.24868511737099047
    },
    "Isotonic Regression vs Beta Calibration": {
        "Statistic": 0.0,
        "p-value": 0.10880943004054569,
        "Significant": "False",
        "Adjusted p-value": 0.3204754358627696
    },
    "Isotonic Regression vs BBQ": {
        "Statistic": 4.0,
        "p-value": 0.7150006546880893,
        "Significant": "False",
        "Adjusted p-value": 0.7150006546880893
    },
    "Isotonic Regression vs Venn-Abers": {
        "Statistic": 6.0,
        "p-value": 0.050612432239184685,
        "Significant": "False",
        "Adjusted p-value": 0.24868511737099047
    },
    "Beta Calibration vs BBQ": {
        "Statistic": 4.0,
        "p-value": 0.34523107177184,
        "Significant": "False",
        "Adjusted p-value": 0.4975308993836723
    },
    "Beta Calibration vs Venn-Abers": {
        "Statistic": 4.0,
        "p-value": 0.028401837044201694,
        "Significant": "False",
        "Adjusted p-value": 0.24868511737099047
    },
    "BBQ vs Venn-Abers": {
        "Statistic": 7.0,
        "p-value": 0.0663160312989308,
        "Significant": "False",
        "Adjusted p-value": 0.24868511737099047
    }
}