{
    "Accuracy": {
        "Statistic": 62.68707482993195,
        "p-value": 3.379666617582795e-12
    }
}