{
    "Base Model": {
        "Accuracy": 0.9663636363636363,
        "Brier Score": 0.02540598517015719,
        "Log Loss": 0.0937738935339173,
        "ECE": 0.02108492478936506
    },
    "Platt Scaling": {
        "Accuracy": 0.966926406926407,
        "Brier Score": 0.02620124733033177,
        "Log Loss": 0.09296878137065352,
        "ECE": 0.02732189789249321
    },
    "Isotonic Regression": {
        "Accuracy": 0.9658008658008658,
        "Brier Score": 0.025875852927794676,
        "Log Loss": 0.18509513462222388,
        "ECE": 0.024254142976198666
    },
    "Beta Calibration": {
        "Accuracy": 0.9658874458874459,
        "Brier Score": 0.02585385981013878,
        "Log Loss": 0.09319304338750978,
        "ECE": 0.02265520242057243
    },
    "BBQ": {
        "Accuracy": 0.9655844155844158,
        "Brier Score": 0.026512341334330638,
        "Log Loss": 0.11381835148933533,
        "ECE": 0.051924446635529725
    },
    "Venn-Abers": {
        "Accuracy": 0.9640692640692642,
        "Brier Score": 0.03061028160926572,
        "Log Loss": 0.128522676496559,
        "ECE": 0.06557886365455752
    }
}