{
    "Base Model": {
        "Accuracy": 0.9991262110152621,
        "Brier Score": 0.0010635014917540584,
        "Log Loss": 0.006906014924520241,
        "ECE": 0.0002788544912943247
    },
    "Platt Scaling": {
        "Accuracy": 0.9986165892501659,
        "Brier Score": 0.0017432541749363478,
        "Log Loss": 0.013889501957525592,
        "ECE": 0.0012520908308547988
    },
    "Isotonic Regression": {
        "Accuracy": 1.0,
        "Brier Score": 0.00018487381121217876,
        "Log Loss": 0.0008615353980782819,
        "ECE": 0.002310663750571756
    },
    "Beta Calibration": {
        "Accuracy": 1.0,
        "Brier Score": 3.4141075283534666e-05,
        "Log Loss": 0.00031793745444424484,
        "ECE": 0.0
    },
    "BBQ": {
        "Accuracy": 0.9997818181818181,
        "Brier Score": 0.00020692503298877025,
        "Log Loss": 0.0008055557212879729,
        "ECE": 0.0022217911334871474
    },
    "Venn-Abers": {
        "Accuracy": 0.9916188453881883,
        "Brier Score": 0.013752634461396986,
        "Log Loss": 0.08690176710941615,
        "ECE": 0.0967844337450331
    }
}