{
    "Base Model": {
        "Accuracy": 0.81042654028436,
        "Brier Score": 0.13344532876932885,
        "Log Loss": 0.41026121865958215,
        "ECE": 0.055845835340818016
    },
    "Platt Scaling": {
        "Accuracy": 0.8078672985781991,
        "Brier Score": 0.1337425907438815,
        "Log Loss": 0.41231227079049587,
        "ECE": 0.05785016545773321
    },
    "Isotonic Regression": {
        "Accuracy": 0.8063507109004737,
        "Brier Score": 0.13581052301566557,
        "Log Loss": 0.5989778724809665,
        "ECE": 0.04720398146957603
    },
    "Beta Calibration": {
        "Accuracy": 0.8086255924170617,
        "Brier Score": 0.13390347946921058,
        "Log Loss": 0.41272452705078877,
        "ECE": 0.058740738084289666
    },
    "BBQ": {
        "Accuracy": 0.8035071090047393,
        "Brier Score": 0.13923922736525124,
        "Log Loss": 0.43582643701397933,
        "ECE": 0.07504283218444055
    },
    "Venn-Abers": {
        "Accuracy": 0.795734597156398,
        "Brier Score": 0.15267347335208523,
        "Log Loss": 0.4789844316980419,
        "ECE": 0.1159977700728217
    }
}