{
    "Base Model": {
        "Accuracy": 0.985643704121965,
        "Brier Score": 0.0133829171857291,
        "Log Loss": 0.0603760919097852,
        "ECE": 0.0031407947575275608
    },
    "Platt Scaling": {
        "Accuracy": 0.9855198227332614,
        "Brier Score": 0.013547105435584954,
        "Log Loss": 0.06104511352004811,
        "ECE": 0.006532682689371147
    },
    "Isotonic Regression": {
        "Accuracy": 0.9853956846842223,
        "Brier Score": 0.014116583394347269,
        "Log Loss": 0.11421679733291787,
        "ECE": 0.01622803144655083
    },
    "Beta Calibration": {
        "Accuracy": 0.9853543623701726,
        "Brier Score": 0.013663906211658304,
        "Log Loss": 0.06154637863764058,
        "ECE": 0.007005392747427236
    },
    "BBQ": {
        "Accuracy": 0.9858918946665983,
        "Brier Score": 0.0139152926991698,
        "Log Loss": 0.07477682718705124,
        "ECE": 0.0013765670397872275
    },
    "Venn-Abers": {
        "Accuracy": 0.9830368906455863,
        "Brier Score": 0.017072469482423806,
        "Log Loss": 0.0876272664855501,
        "ECE": 0.05249330917960427
    }
}