{
    "Base Model": {
        "Accuracy": 0.6894202898550723,
        "Brier Score": 0.21487451009989478,
        "Log Loss": 0.6265929562110581,
        "ECE": 0.059786143125902476
    },
    "Platt Scaling": {
        "Accuracy": 0.6584057971014492,
        "Brier Score": 0.2215309821556654,
        "Log Loss": 0.6381530995221324,
        "ECE": 0.09527650920138388
    },
    "Isotonic Regression": {
        "Accuracy": 0.6814492753623188,
        "Brier Score": 0.2226280221964094,
        "Log Loss": 0.9715184972981321,
        "ECE": 0.0869666230168461
    },
    "Beta Calibration": {
        "Accuracy": 0.6746376811594201,
        "Brier Score": 0.21803540920237346,
        "Log Loss": 0.6292858937433466,
        "ECE": 0.07869598129831176
    },
    "BBQ": {
        "Accuracy": 0.6810144927536232,
        "Brier Score": 0.21975858789619618,
        "Log Loss": 0.6328234585001631,
        "ECE": 0.0761211440828151
    },
    "Venn-Abers": {
        "Accuracy": 0.6586956521739131,
        "Brier Score": 0.22776040146646356,
        "Log Loss": 0.6540458482681122,
        "ECE": 0.11518514730816101
    }
}