{
    "Base Model": {
        "Accuracy": 0.7077796818203277,
        "Brier Score": 0.1901266067008515,
        "Log Loss": 0.5639215026496563,
        "ECE": 0.1274493580370044
    },
    "Platt Scaling": {
        "Accuracy": 0.7084967898786764,
        "Brier Score": 0.18984437504219132,
        "Log Loss": 0.5641704123696165,
        "ECE": 0.12636904878776098
    },
    "Isotonic Regression": {
        "Accuracy": 0.7213860642968417,
        "Brier Score": 0.17423127001098465,
        "Log Loss": 0.5597756662523908,
        "ECE": 0.0332780605372312
    },
    "Beta Calibration": {
        "Accuracy": 0.7095622905159799,
        "Brier Score": 0.18730011687962692,
        "Log Loss": 0.5553615832617581,
        "ECE": 0.1160899740782357
    },
    "BBQ": {
        "Accuracy": 0.703693763867252,
        "Brier Score": 0.1799097118482247,
        "Log Loss": 0.536064762570402,
        "ECE": 0.0482356469673762
    },
    "Venn-Abers": {
        "Accuracy": 0.7162341972336308,
        "Brier Score": 0.1815446929114014,
        "Log Loss": 0.5394513571762467,
        "ECE": 0.06556390903465445
    }
}