{
    "Base Model": {
        "Accuracy": 0.8492173903254495,
        "Brier Score": 0.1231582991718913,
        "Log Loss": 0.4092379856900611,
        "ECE": 0.10106650587723554
    },
    "Platt Scaling": {
        "Accuracy": 0.848317141538427,
        "Brier Score": 0.12401813342926447,
        "Log Loss": 0.41248070206686854,
        "ECE": 0.10165964800477259
    },
    "Isotonic Regression": {
        "Accuracy": 0.8496444934763765,
        "Brier Score": 0.11899954870202151,
        "Log Loss": 0.4715158690708053,
        "ECE": 0.03849706018615938
    },
    "Beta Calibration": {
        "Accuracy": 0.8483170289651136,
        "Brier Score": 0.12354659375487172,
        "Log Loss": 0.41104524259254555,
        "ECE": 0.10006955807304374
    },
    "BBQ": {
        "Accuracy": 0.84789071382738,
        "Brier Score": 0.12501649807145218,
        "Log Loss": 0.41554040877972814,
        "ECE": 0.05223079530636698
    },
    "Venn-Abers": {
        "Accuracy": 0.8466567977395278,
        "Brier Score": 0.12128502698481784,
        "Log Loss": 0.4043870490427922,
        "ECE": 0.06261814440649846
    }
}