{
    "Base Model": {
        "Accuracy": 0.7062999999999999,
        "Brier Score": 0.2071697415112488,
        "Log Loss": 0.6050372016535269,
        "ECE": 0.04340064898996023
    },
    "Platt Scaling": {
        "Accuracy": 0.7064,
        "Brier Score": 0.2080042917273064,
        "Log Loss": 0.6082668046019374,
        "ECE": 0.04829642586288188
    },
    "Isotonic Regression": {
        "Accuracy": 0.6990000000000001,
        "Brier Score": 0.21076292019345097,
        "Log Loss": 0.7630718721820198,
        "ECE": 0.058636768137496686
    },
    "Beta Calibration": {
        "Accuracy": 0.7066,
        "Brier Score": 0.20795591062731097,
        "Log Loss": 0.6085384835155816,
        "ECE": 0.04823586662369305
    },
    "BBQ": {
        "Accuracy": 0.7,
        "Brier Score": 0.20977100346248814,
        "Log Loss": 0.6107033964092623,
        "ECE": 0.040351376966512115
    },
    "Venn-Abers": {
        "Accuracy": 0.6901999999999999,
        "Brier Score": 0.21598867982361886,
        "Log Loss": 0.6264396502233428,
        "ECE": 0.08071876908971105
    }
}