{
    "Base Model": {
        "Accuracy": 0.96265,
        "Brier Score": 0.025929236631434344,
        "Log Loss": 0.08501977636117675,
        "ECE": 0.05739472916449285
    },
    "Platt Scaling": {
        "Accuracy": 0.9733499999999999,
        "Brier Score": 0.02152822091251994,
        "Log Loss": 0.07809896441188209,
        "ECE": 0.014994510780865021
    },
    "Isotonic Regression": {
        "Accuracy": 0.9723500000000002,
        "Brier Score": 0.022108862999502005,
        "Log Loss": 0.18110388760983928,
        "ECE": 0.027412761990786856
    },
    "Beta Calibration": {
        "Accuracy": 0.9731000000000001,
        "Brier Score": 0.02100899850167651,
        "Log Loss": 0.07578586090731092,
        "ECE": 0.0119209241734194
    },
    "BBQ": {
        "Accuracy": 0.9714,
        "Brier Score": 0.02406888662612377,
        "Log Loss": 0.10249924838136565,
        "ECE": 0.04714928238873102
    },
    "Venn-Abers": {
        "Accuracy": 0.97165,
        "Brier Score": 0.027897924114842963,
        "Log Loss": 0.12755252867883804,
        "ECE": 0.0752398617019473
    }
}