{
    "Base Model": {
        "Accuracy": 0.8181026579684297,
        "Brier Score": 0.12419301282990139,
        "Log Loss": 0.38784805883358975,
        "ECE": 0.028775602322950195
    },
    "Platt Scaling": {
        "Accuracy": 0.8177974449115388,
        "Brier Score": 0.1242405294469949,
        "Log Loss": 0.38806091167473594,
        "ECE": 0.029536140497289465
    },
    "Isotonic Regression": {
        "Accuracy": 0.8182614402748632,
        "Brier Score": 0.12414582822434683,
        "Log Loss": 0.416982809532128,
        "ECE": 0.023461389180593494
    },
    "Beta Calibration": {
        "Accuracy": 0.8194942715748086,
        "Brier Score": 0.12329830291158547,
        "Log Loss": 0.38221678653686814,
        "ECE": 0.012145081982298578
    },
    "BBQ": {
        "Accuracy": 0.8179685117269009,
        "Brier Score": 0.12487763961388731,
        "Log Loss": 0.39094000793481065,
        "ECE": 0.033936718140668926
    },
    "Venn-Abers": {
        "Accuracy": 0.8149415163509123,
        "Brier Score": 0.12579894155838411,
        "Log Loss": 0.3906472466678681,
        "ECE": 0.03976219710485728
    }
}