{
    "Base Model": {
        "Accuracy": 0.9389778380823156,
        "Brier Score": 0.04447847369737243,
        "Log Loss": 0.1462049168253255,
        "ECE": 0.0102647903267725
    },
    "Platt Scaling": {
        "Accuracy": 0.9388240615106287,
        "Brier Score": 0.044578875291616776,
        "Log Loss": 0.14654062133761692,
        "ECE": 0.013223210518890489
    },
    "Isotonic Regression": {
        "Accuracy": 0.9383808231569424,
        "Brier Score": 0.04453262913737397,
        "Log Loss": 0.1640945373346539,
        "ECE": 0.02178493001919771
    },
    "Beta Calibration": {
        "Accuracy": 0.9390140208050655,
        "Brier Score": 0.04455925820203094,
        "Log Loss": 0.1465333795809934,
        "ECE": 0.013114565117115862
    },
    "BBQ": {
        "Accuracy": 0.9382541836273179,
        "Brier Score": 0.045152860686819174,
        "Log Loss": 0.15535025902305974,
        "ECE": 0.04117171482207313
    },
    "Venn-Abers": {
        "Accuracy": 0.9373948439620081,
        "Brier Score": 0.04601046702824336,
        "Log Loss": 0.15637066086268836,
        "ECE": 0.04552119285376786
    }
}