{
    "Base Model": {
        "Accuracy": 0.7908473191098554,
        "Brier Score": 0.15469932901338024,
        "Log Loss": 0.48003959398738183,
        "ECE": 0.08029448066488158
    },
    "Platt Scaling": {
        "Accuracy": 0.7890012400467887,
        "Brier Score": 0.1504486849839228,
        "Log Loss": 0.46781899058632254,
        "ECE": 0.04786059027689196
    },
    "Isotonic Regression": {
        "Accuracy": 0.7908665517287743,
        "Brier Score": 0.14882391201568881,
        "Log Loss": 0.4794064728687026,
        "ECE": 0.02011650603975653
    },
    "Beta Calibration": {
        "Accuracy": 0.7914905383085514,
        "Brier Score": 0.14846217321338206,
        "Log Loss": 0.46121473829456583,
        "ECE": 0.018021709448069665
    },
    "BBQ": {
        "Accuracy": 0.7900690247895592,
        "Brier Score": 0.14956969008855206,
        "Log Loss": 0.4620607188592789,
        "ECE": 0.03491567018932862
    },
    "Venn-Abers": {
        "Accuracy": 0.7892907201269211,
        "Brier Score": 0.14999134856505486,
        "Log Loss": 0.4632021399938134,
        "ECE": 0.03731078943835704
    }
}