{
    "Base Model": {
        "Accuracy": 0.8119797887000461,
        "Brier Score": 0.14306579910240783,
        "Log Loss": 0.4644497844713005,
        "ECE": 0.028029097446072335
    },
    "Platt Scaling": {
        "Accuracy": 0.8120440973817182,
        "Brier Score": 0.14339247719987389,
        "Log Loss": 0.46184498195600304,
        "ECE": 0.034572205193744265
    },
    "Isotonic Regression": {
        "Accuracy": 0.8106017455213594,
        "Brier Score": 0.1421597356413527,
        "Log Loss": 0.4637616779404549,
        "ECE": 0.026407145812615936
    },
    "Beta Calibration": {
        "Accuracy": 0.8120073495636198,
        "Brier Score": 0.14212691195003394,
        "Log Loss": 0.4571570849322813,
        "ECE": 0.021304367513039574
    },
    "BBQ": {
        "Accuracy": 0.8108038585209003,
        "Brier Score": 0.143146027306513,
        "Log Loss": 0.45498291338436603,
        "ECE": 0.04350829904579863
    },
    "Venn-Abers": {
        "Accuracy": 0.8099402847955903,
        "Brier Score": 0.14307220435405393,
        "Log Loss": 0.45435952631812954,
        "ECE": 0.04224492290262959
    }
}