{
    "Base Model": {
        "Accuracy": 0.9075074664336408,
        "Brier Score": 0.06771855454660311,
        "Log Loss": 0.22874127211266188,
        "ECE": 0.029829796678578022
    },
    "Platt Scaling": {
        "Accuracy": 0.9096804388750698,
        "Brier Score": 0.06707122519991367,
        "Log Loss": 0.22728587941808698,
        "ECE": 0.01646524483677994
    },
    "Isotonic Regression": {
        "Accuracy": 0.908594164970004,
        "Brier Score": 0.0676478825129638,
        "Log Loss": 0.2578569795913386,
        "ECE": 0.022876635521094563
    },
    "Beta Calibration": {
        "Accuracy": 0.9098758437684613,
        "Brier Score": 0.06695337767233613,
        "Log Loss": 0.2260194693337449,
        "ECE": 0.012955254906114154
    },
    "BBQ": {
        "Accuracy": 0.9078740573371445,
        "Brier Score": 0.06840529886019327,
        "Log Loss": 0.23975825338720186,
        "ECE": 0.037807313215520916
    },
    "Venn-Abers": {
        "Accuracy": 0.9064577629678301,
        "Brier Score": 0.06935879453357785,
        "Log Loss": 0.23726837463073455,
        "ECE": 0.044878209563659004
    }
}