{
    "Base Model": {
        "Accuracy": 0.9988412921348315,
        "Brier Score": 0.0010279192764639908,
        "Log Loss": 0.008935538183845787,
        "ECE": 0.0007746349326357991
    },
    "Platt Scaling": {
        "Accuracy": 0.9985814606741573,
        "Brier Score": 0.0012176666697369944,
        "Log Loss": 0.007204640342928088,
        "ECE": 0.0006500266524123428
    },
    "Isotonic Regression": {
        "Accuracy": 0.9987359550561797,
        "Brier Score": 0.0010899466470471457,
        "Log Loss": 0.016868422069125345,
        "ECE": 0.0051848263267628755
    },
    "Beta Calibration": {
        "Accuracy": 0.9987359550561798,
        "Brier Score": 0.0010546697551706951,
        "Log Loss": 0.008214786747656966,
        "ECE": 0.000524527850373561
    },
    "BBQ": {
        "Accuracy": 0.99874297752809,
        "Brier Score": 0.001105881846128138,
        "Log Loss": 0.00978871333450999,
        "ECE": 0.005952372577985986
    },
    "Venn-Abers": {
        "Accuracy": 0.9984971910112358,
        "Brier Score": 0.0015220256230300483,
        "Log Loss": 0.011417866924349662,
        "ECE": 0.017656034019327086
    }
}