{
    "Base Model": {
        "Accuracy": 0.9935888599704389,
        "Brier Score": 0.010833656508096876,
        "Log Loss": 0.04544571513822522,
        "ECE": 0.05369581137446367
    },
    "Platt Scaling": {
        "Accuracy": 0.9940054195317355,
        "Brier Score": 0.006041504373853194,
        "Log Loss": 0.023833127693242383,
        "ECE": 0.01961787224933846
    },
    "Isotonic Regression": {
        "Accuracy": 0.9947345393398027,
        "Brier Score": 0.002984925757495244,
        "Log Loss": 0.020999031656513484,
        "ECE": 0.0066219071329171484
    },
    "Beta Calibration": {
        "Accuracy": 0.9944104518775571,
        "Brier Score": 0.0032950013927447895,
        "Log Loss": 0.009981060218064485,
        "ECE": 0.0005773817650729878
    },
    "BBQ": {
        "Accuracy": 0.9939128202450572,
        "Brier Score": 0.00440635772653173,
        "Log Loss": 0.014081940233723193,
        "ECE": 0.03456437481768679
    },
    "Venn-Abers": {
        "Accuracy": 0.9947576674056938,
        "Brier Score": 0.004947440987841066,
        "Log Loss": 0.028710715723301264,
        "ECE": 0.04186858216896777
    }
}