{
    "Base Model": {
        "Accuracy": 0.9416622005883752,
        "Brier Score": 0.040445546767362096,
        "Log Loss": 0.1306519921097333,
        "ECE": 0.006255911667101202
    },
    "Platt Scaling": {
        "Accuracy": 0.9413936175681142,
        "Brier Score": 0.04052196012879393,
        "Log Loss": 0.13089365385204935,
        "ECE": 0.008693246882451459
    },
    "Isotonic Regression": {
        "Accuracy": 0.9410641185808971,
        "Brier Score": 0.041272586437091405,
        "Log Loss": 0.16069698234921145,
        "ECE": 0.02048813435253779
    },
    "Beta Calibration": {
        "Accuracy": 0.9414057381842617,
        "Brier Score": 0.04060453394407745,
        "Log Loss": 0.13102488335715662,
        "ECE": 0.010892547671159483
    },
    "BBQ": {
        "Accuracy": 0.941076403089826,
        "Brier Score": 0.041570700996071866,
        "Log Loss": 0.1435687728926779,
        "ECE": 0.026116874127123234
    },
    "Venn-Abers": {
        "Accuracy": 0.9406368426502657,
        "Brier Score": 0.04248898605269344,
        "Log Loss": 0.14426081136145022,
        "ECE": 0.03896607837814647
    }
}