{
    "Base Model": {
        "Accuracy": 0.8706737923755945,
        "Brier Score": 0.0974564766237849,
        "Log Loss": 0.3261620742832098,
        "ECE": 0.01762156436646519
    },
    "Platt Scaling": {
        "Accuracy": 0.8704951933479644,
        "Brier Score": 0.09731143704085252,
        "Log Loss": 0.32597128512171464,
        "ECE": 0.014210377153685158
    },
    "Isotonic Regression": {
        "Accuracy": 0.8695076769541237,
        "Brier Score": 0.09794897695346318,
        "Log Loss": 0.3508635983299782,
        "ECE": 0.018237010457593152
    },
    "Beta Calibration": {
        "Accuracy": 0.8706212492879442,
        "Brier Score": 0.09736993802331434,
        "Log Loss": 0.3263046758522162,
        "ECE": 0.01548023876952561
    },
    "BBQ": {
        "Accuracy": 0.8690557423705162,
        "Brier Score": 0.09835796005496344,
        "Log Loss": 0.3306752224119363,
        "ECE": 0.02991127564780547
    },
    "Venn-Abers": {
        "Accuracy": 0.869160668471277,
        "Brier Score": 0.0992918884368101,
        "Log Loss": 0.33200438451762015,
        "ECE": 0.037080310919207576
    }
}