{
    "Base Model": {
        "Accuracy": 0.8489996783531681,
        "Brier Score": 0.12910896240502479,
        "Log Loss": 0.4319780822539444,
        "ECE": 0.12215754273425342
    },
    "Platt Scaling": {
        "Accuracy": 0.847886780315214,
        "Brier Score": 0.1291066637338954,
        "Log Loss": 0.4323209378865874,
        "ECE": 0.12200143941687863
    },
    "Isotonic Regression": {
        "Accuracy": 0.8506272113219684,
        "Brier Score": 0.11428861150230409,
        "Log Loss": 0.3870709917276523,
        "ECE": 0.019500419609842994
    },
    "Beta Calibration": {
        "Accuracy": 0.8497008684464459,
        "Brier Score": 0.11881468645491472,
        "Log Loss": 0.395771380776103,
        "ECE": 0.06805998283710818
    },
    "BBQ": {
        "Accuracy": 0.8494113862978451,
        "Brier Score": 0.11600139179788777,
        "Log Loss": 0.38180240243262326,
        "ECE": 0.04171312286715987
    },
    "Venn-Abers": {
        "Accuracy": 0.8493470569314893,
        "Brier Score": 0.11530873251976625,
        "Log Loss": 0.3781439348697744,
        "ECE": 0.03579932201982396
    }
}