{
    "Base Model": {
        "Accuracy": 0.6405674232309747,
        "Brier Score": 0.2249057422815215,
        "Log Loss": 0.6406956964572378,
        "ECE": 0.027589523879725363
    },
    "Platt Scaling": {
        "Accuracy": 0.6411949265687583,
        "Brier Score": 0.22490352266374836,
        "Log Loss": 0.6406093961480915,
        "ECE": 0.02748653902580668
    },
    "Isotonic Regression": {
        "Accuracy": 0.6413818424566088,
        "Brier Score": 0.22387232914832164,
        "Log Loss": 0.647920719248646,
        "ECE": 0.013781561288816998
    },
    "Beta Calibration": {
        "Accuracy": 0.6412149532710281,
        "Brier Score": 0.22488544032217206,
        "Log Loss": 0.6406032842042234,
        "ECE": 0.026767750325515344
    },
    "BBQ": {
        "Accuracy": 0.6385180240320427,
        "Brier Score": 0.2250032498251921,
        "Log Loss": 0.6405922630695019,
        "ECE": 0.038638879553922444
    },
    "Venn-Abers": {
        "Accuracy": 0.6383044058744993,
        "Brier Score": 0.22504827473482664,
        "Log Loss": 0.6410347385442441,
        "ECE": 0.03247037134649886
    }
}