{
    "Base Model": {
        "Accuracy": 0.5583667724711497,
        "Brier Score": 0.23619089132268517,
        "Log Loss": 0.6654261500095424,
        "ECE": 0.41835093932916273
    },
    "Platt Scaling": {
        "Accuracy": 0.932430698063532,
        "Brier Score": 0.06076085535249764,
        "Log Loss": 0.23093454252224607,
        "ECE": 0.03935040306554741
    },
    "Isotonic Regression": {
        "Accuracy": 0.9318837528604118,
        "Brier Score": 0.05908219515887167,
        "Log Loss": 0.2622312555739684,
        "ECE": 0.014840311587726791
    },
    "Beta Calibration": {
        "Accuracy": 0.932458738712138,
        "Brier Score": 0.06065690609545443,
        "Log Loss": 0.23100648895834272,
        "ECE": 0.03819030245493896
    },
    "BBQ": {
        "Accuracy": 0.9313926133707338,
        "Brier Score": 0.06370954948003905,
        "Log Loss": 0.24888414412718635,
        "ECE": 0.040348767993515694
    },
    "Venn-Abers": {
        "Accuracy": 0.9308596835707783,
        "Brier Score": 0.060496181011377444,
        "Log Loss": 0.22941859442616752,
        "ECE": 0.03754337911343446
    }
}