{
    "Base Model": {
        "Accuracy": 0.7321658580047842,
        "Brier Score": 0.17661963630361563,
        "Log Loss": 0.5302598712162314,
        "ECE": 0.032450572298330344
    },
    "Platt Scaling": {
        "Accuracy": 0.7318484647343708,
        "Brier Score": 0.1767427337314186,
        "Log Loss": 0.5308192008007563,
        "ECE": 0.03447480064248831
    },
    "Isotonic Regression": {
        "Accuracy": 0.7325200973523122,
        "Brier Score": 0.17647710213381695,
        "Log Loss": 0.5430301482038317,
        "ECE": 0.026381341902965462
    },
    "Beta Calibration": {
        "Accuracy": 0.7343023792017079,
        "Brier Score": 0.1756946200142822,
        "Log Loss": 0.5249808871531889,
        "ECE": 0.018543149893173214
    },
    "BBQ": {
        "Accuracy": 0.7323739943874172,
        "Brier Score": 0.17739479611154368,
        "Log Loss": 0.5298200035837958,
        "ECE": 0.04343146574163801
    },
    "Venn-Abers": {
        "Accuracy": 0.7306033191268091,
        "Brier Score": 0.17812103484478603,
        "Log Loss": 0.5322111950945998,
        "ECE": 0.04397551741018642
    }
}