{
    "Base Model": {
        "Accuracy": 0.9361637878764322,
        "Brier Score": 0.05703306842312889,
        "Log Loss": 0.22464475900140773,
        "ECE": 0.04718493489262089
    },
    "Platt Scaling": {
        "Accuracy": 0.9403787772785455,
        "Brier Score": 0.054123001115295645,
        "Log Loss": 0.2106170453997528,
        "ECE": 0.005636362747461781
    },
    "Isotonic Regression": {
        "Accuracy": 0.9400631571855744,
        "Brier Score": 0.05447635289699679,
        "Log Loss": 0.23047627760782718,
        "ECE": 0.012653777419765706
    },
    "Beta Calibration": {
        "Accuracy": 0.9402769546493368,
        "Brier Score": 0.05418390795893834,
        "Log Loss": 0.2107763650032271,
        "ECE": 0.006353759787981271
    },
    "BBQ": {
        "Accuracy": 0.9401751320201283,
        "Brier Score": 0.05534317660948584,
        "Log Loss": 0.2209638813828424,
        "ECE": 0.02394001837525618
    },
    "Venn-Abers": {
        "Accuracy": 0.9395744987381002,
        "Brier Score": 0.05522419335211795,
        "Log Loss": 0.2150639789484124,
        "ECE": 0.028485804853449533
    }
}