{
    "Base Model": {
        "Accuracy": 0.70836,
        "Brier Score": 0.191805021712094,
        "Log Loss": 0.5683436139121807,
        "ECE": 0.011834503865139763
    },
    "Platt Scaling": {
        "Accuracy": 0.70858,
        "Brier Score": 0.19187152267929222,
        "Log Loss": 0.5686362678751178,
        "ECE": 0.012594437976426318
    },
    "Isotonic Regression": {
        "Accuracy": 0.70833,
        "Brier Score": 0.1925659695941531,
        "Log Loss": 0.5910274346336295,
        "ECE": 0.02518704809220787
    },
    "Beta Calibration": {
        "Accuracy": 0.7091500000000001,
        "Brier Score": 0.19180499931918008,
        "Log Loss": 0.5681585725001576,
        "ECE": 0.011841309459939138
    },
    "BBQ": {
        "Accuracy": 0.70765,
        "Brier Score": 0.19331730925991433,
        "Log Loss": 0.5709979572462927,
        "ECE": 0.03715867163060251
    },
    "Venn-Abers": {
        "Accuracy": 0.70497,
        "Brier Score": 0.19394034574988836,
        "Log Loss": 0.5729227047581954,
        "ECE": 0.04289466240893218
    }
}