{
    "Base Model": {
        "Accuracy": 0.6683621950025332,
        "Brier Score": 0.2113437514477279,
        "Log Loss": 0.6142607387781505,
        "ECE": 0.08938196487696415
    },
    "Platt Scaling": {
        "Accuracy": 0.6786388821478293,
        "Brier Score": 0.2110663854552724,
        "Log Loss": 0.6142801065543988,
        "ECE": 0.08780602386094442
    },
    "Isotonic Regression": {
        "Accuracy": 0.6870780614699484,
        "Brier Score": 0.20403104646878895,
        "Log Loss": 0.6095366775379241,
        "ECE": 0.02494297053541361
    },
    "Beta Calibration": {
        "Accuracy": 0.6881026883345609,
        "Brier Score": 0.2068594610193401,
        "Log Loss": 0.6038242586927198,
        "ECE": 0.06052879821467332
    },
    "BBQ": {
        "Accuracy": 0.6775390676334057,
        "Brier Score": 0.20538525698937007,
        "Log Loss": 0.5966292308779659,
        "ECE": 0.045405326646769356
    },
    "Venn-Abers": {
        "Accuracy": 0.6858723030439786,
        "Brier Score": 0.2051288725937589,
        "Log Loss": 0.596621014019938,
        "ECE": 0.0384695760201555
    }
}