{
    "Base Model": {
        "Accuracy": 0.7496852879706719,
        "Brier Score": 0.15816080666574892,
        "Log Loss": 0.47228910441523103,
        "ECE": 0.07616732234903986
    },
    "Platt Scaling": {
        "Accuracy": 0.7503692054681879,
        "Brier Score": 0.1580237843802526,
        "Log Loss": 0.472330279781469,
        "ECE": 0.07531938126181163
    },
    "Isotonic Regression": {
        "Accuracy": 0.7680785623736596,
        "Brier Score": 0.1529431199039201,
        "Log Loss": 0.5145810546707446,
        "ECE": 0.028811199935117097
    },
    "Beta Calibration": {
        "Accuracy": 0.7620833761606197,
        "Brier Score": 0.1556199054121891,
        "Log Loss": 0.465411300398957,
        "ECE": 0.05400636160587156
    },
    "BBQ": {
        "Accuracy": 0.766042621715147,
        "Brier Score": 0.15336888802228812,
        "Log Loss": 0.4636761227152754,
        "ECE": 0.05380512646885004
    },
    "Venn-Abers": {
        "Accuracy": 0.763341693219584,
        "Brier Score": 0.15539215763894357,
        "Log Loss": 0.4663279444467902,
        "ECE": 0.05645360739977451
    }
}