{
    "Base Model": {
        "Accuracy": 0.9934588101713865,
        "Brier Score": 0.005014530142345846,
        "Log Loss": 0.020120428002128272,
        "ECE": 0.0006380801879618268
    },
    "Platt Scaling": {
        "Accuracy": 0.9934678969388435,
        "Brier Score": 0.005202584284166218,
        "Log Loss": 0.02084159909008649,
        "ECE": 0.0012165752200780928
    },
    "Isotonic Regression": {
        "Accuracy": 0.9933223762476203,
        "Brier Score": 0.005340609941288889,
        "Log Loss": 0.04265939219584372,
        "ECE": 0.01105075675379213
    },
    "Beta Calibration": {
        "Accuracy": 0.9934315002145486,
        "Brier Score": 0.005116223876148657,
        "Log Loss": 0.020988773052795128,
        "ECE": 0.0016676375730458653
    },
    "BBQ": {
        "Accuracy": 0.9931495373238147,
        "Brier Score": 0.005624344276432962,
        "Log Loss": 0.0280941613390383,
        "ECE": 0.017201940930782395
    },
    "Venn-Abers": {
        "Accuracy": 0.992822012321756,
        "Brier Score": 0.006023751881152482,
        "Log Loss": 0.028988450062251512,
        "ECE": 0.027719611029393403
    }
}