{
    "Base Model": {
        "Accuracy": 0.9836359470700522,
        "Brier Score": 0.013164487433071373,
        "Log Loss": 0.057792700886815276,
        "ECE": 0.002545090661867026
    },
    "Platt Scaling": {
        "Accuracy": 0.9831888598245638,
        "Brier Score": 0.013368939764144327,
        "Log Loss": 0.05814431340698925,
        "ECE": 0.008095636017799708
    },
    "Isotonic Regression": {
        "Accuracy": 0.9832067769014052,
        "Brier Score": 0.013459646909809404,
        "Log Loss": 0.07679435079748143,
        "ECE": 0.011480403586552555
    },
    "Beta Calibration": {
        "Accuracy": 0.9834392470749301,
        "Brier Score": 0.013368514578488628,
        "Log Loss": 0.058858975113927944,
        "ECE": 0.005471283408341779
    },
    "BBQ": {
        "Accuracy": 0.9830726367331662,
        "Brier Score": 0.014012072668112153,
        "Log Loss": 0.06722801839718469,
        "ECE": 0.020727297168208682
    },
    "Venn-Abers": {
        "Accuracy": 0.9827685342383704,
        "Brier Score": 0.014066361884830202,
        "Log Loss": 0.05938258902406048,
        "ECE": 0.02523727816525856
    }
}