{
    "Base Model": {
        "Accuracy": 0.8524794694168101,
        "Brier Score": 0.10250722810481296,
        "Log Loss": 0.3249568553291498,
        "ECE": 0.012099021984981998
    },
    "Platt Scaling": {
        "Accuracy": 0.8527378625044127,
        "Brier Score": 0.10265273632937114,
        "Log Loss": 0.3252107067051069,
        "ECE": 0.014859375466938687
    },
    "Isotonic Regression": {
        "Accuracy": 0.850957897112697,
        "Brier Score": 0.10372478207820839,
        "Log Loss": 0.36574745953210114,
        "ECE": 0.024937667489756062
    },
    "Beta Calibration": {
        "Accuracy": 0.8527228848724759,
        "Brier Score": 0.10259681513345623,
        "Log Loss": 0.32534756743796917,
        "ECE": 0.01422327660014901
    },
    "BBQ": {
        "Accuracy": 0.8505319258526197,
        "Brier Score": 0.10440730338973568,
        "Log Loss": 0.3383468861823156,
        "ECE": 0.038503864892365784
    },
    "Venn-Abers": {
        "Accuracy": 0.850060581859009,
        "Brier Score": 0.10517288231521657,
        "Log Loss": 0.33585213731314545,
        "ECE": 0.04158363616830587
    }
}