{
    "Base Model": {
        "Accuracy": 0.8149000000000001,
        "Brier Score": 0.12727440372755836,
        "Log Loss": 0.3924179074225519,
        "ECE": 0.012787044640944156
    },
    "Platt Scaling": {
        "Accuracy": 0.81534,
        "Brier Score": 0.12731387098693708,
        "Log Loss": 0.3925260722438495,
        "ECE": 0.013791338726317756
    },
    "Isotonic Regression": {
        "Accuracy": 0.8137400000000001,
        "Brier Score": 0.12791078907676337,
        "Log Loss": 0.4128362136353773,
        "ECE": 0.01908744543640915
    },
    "Beta Calibration": {
        "Accuracy": 0.81507,
        "Brier Score": 0.12732290196205004,
        "Log Loss": 0.3922348353710132,
        "ECE": 0.013872406333264219
    },
    "BBQ": {
        "Accuracy": 0.81345,
        "Brier Score": 0.12835245721776048,
        "Log Loss": 0.39852289550721315,
        "ECE": 0.02950003877570535
    },
    "Venn-Abers": {
        "Accuracy": 0.8122800000000001,
        "Brier Score": 0.12909087303702474,
        "Log Loss": 0.39855453643731176,
        "ECE": 0.035758861585181004
    }
}