{
    "Accuracy": {
        "Statistic": 68.90173410404628,
        "p-value": 1.7342473483977194e-13
    }
}