{
    "Base Model": {
        "Accuracy": 0.6294143192488263,
        "Brier Score": 0.3685907499575042,
        "Log Loss": 9.20403636921585,
        "ECE": 0.45228560910906046
    },
    "Platt Scaling": {
        "Accuracy": 0.6321988947574334,
        "Brier Score": 0.21888325285032242,
        "Log Loss": 0.6207090791727503,
        "ECE": 0.22958057439380786
    },
    "Isotonic Regression": {
        "Accuracy": 0.8003252151799687,
        "Brier Score": 0.14509328099032445,
        "Log Loss": 0.48497694893145543,
        "ECE": 0.014466666945511847
    },
    "Beta Calibration": {
        "Accuracy": 0.785836756651017,
        "Brier Score": 0.15580767902804615,
        "Log Loss": 0.49141550846011084,
        "ECE": 0.08249289229656656
    },
    "BBQ": {
        "Accuracy": 0.6298211071987481,
        "Brier Score": 0.2195987462132215,
        "Log Loss": 0.6288676051625919,
        "ECE": 0.00555043002814075
    },
    "Venn-Abers": {
        "Accuracy": 0.7677216353677622,
        "Brier Score": 0.16093400810970165,
        "Log Loss": 0.4848563578047099,
        "ECE": 0.059587673575272095
    }
}