{
    "Base Model": {
        "Accuracy": 0.610584110075455,
        "Brier Score": 0.3885762764309996,
        "Log Loss": 13.435249284151134,
        "ECE": 0.36680497405374907
    },
    "Platt Scaling": {
        "Accuracy": 0.6107974434087883,
        "Brier Score": 0.23631596804982827,
        "Log Loss": 0.6654107699025557,
        "ECE": 0.015111678301871575
    },
    "Isotonic Regression": {
        "Accuracy": 0.6200230803373281,
        "Brier Score": 0.23416561907104758,
        "Log Loss": 0.6610567312867603,
        "ECE": 0.019145067049922516
    },
    "Beta Calibration": {
        "Accuracy": 0.6190098890368398,
        "Brier Score": 0.23433809523872828,
        "Log Loss": 0.6614023332830705,
        "ECE": 0.012357349401916705
    },
    "BBQ": {
        "Accuracy": 0.6106107767421216,
        "Brier Score": 0.23637524562625384,
        "Log Loss": 0.665522670779009,
        "ECE": 0.010410918491532513
    },
    "Venn-Abers": {
        "Accuracy": 0.6219168042609854,
        "Brier Score": 0.23562557924449834,
        "Log Loss": 0.6647060876683334,
        "ECE": 0.0469964513204351
    }
}