{
    "Base Model": {
        "Accuracy": 0.9376230399006366,
        "Brier Score": 0.057657010888968595,
        "Log Loss": 0.6263419010952234,
        "ECE": 0.0785546164257437
    },
    "Platt Scaling": {
        "Accuracy": 0.9377984784971278,
        "Brier Score": 0.05688357184272272,
        "Log Loss": 0.22823409593433103,
        "ECE": 0.08711186859533752
    },
    "Isotonic Regression": {
        "Accuracy": 0.9367396367023754,
        "Brier Score": 0.04719525238135629,
        "Log Loss": 0.566453779782365,
        "ECE": 0.04113471179538185
    },
    "Beta Calibration": {
        "Accuracy": 0.9386772240335352,
        "Brier Score": 0.04490186513965868,
        "Log Loss": 0.18983325429487813,
        "ECE": 0.040936594068410145
    },
    "BBQ": {
        "Accuracy": 0.9367458469181804,
        "Brier Score": 0.05966332487050438,
        "Log Loss": 0.2871544020322359,
        "ECE": 0.026439260304278105
    },
    "Venn-Abers": {
        "Accuracy": 0.9360285669927029,
        "Brier Score": 0.05771731489335453,
        "Log Loss": 0.22648302511513435,
        "ECE": 0.11752196535970222
    }
}