{
    "Base Model": {
        "Accuracy": 0.84626,
        "Brier Score": 0.14219865529472556,
        "Log Loss": 1.0945158235028398,
        "ECE": 0.2184040713887569
    },
    "Platt Scaling": {
        "Accuracy": 0.8558999999999999,
        "Brier Score": 0.10222127838784029,
        "Log Loss": 0.34385289995146384,
        "ECE": 0.13049615197035716
    },
    "Isotonic Regression": {
        "Accuracy": 0.86708,
        "Brier Score": 0.08134525301949061,
        "Log Loss": 0.2968907862116595,
        "ECE": 0.02921925327131503
    },
    "Beta Calibration": {
        "Accuracy": 0.84988,
        "Brier Score": 0.0922676992405453,
        "Log Loss": 0.3021176013883568,
        "ECE": 0.0883609934077797
    },
    "BBQ": {
        "Accuracy": 0.8553399999999999,
        "Brier Score": 0.10166993690966937,
        "Log Loss": 0.3450307454190537,
        "ECE": 0.054183671939616776
    },
    "Venn-Abers": {
        "Accuracy": 0.8650999999999999,
        "Brier Score": 0.0834302599217425,
        "Log Loss": 0.2739626779847746,
        "ECE": 0.053876583078870076
    }
}