{
    "Base Model": {
        "Accuracy": 0.691436411971529,
        "Brier Score": 0.3027250312635114,
        "Log Loss": 7.257027720641591,
        "ECE": 0.4908086945130314
    },
    "Platt Scaling": {
        "Accuracy": 0.9368586820091837,
        "Brier Score": 0.05533463077989702,
        "Log Loss": 0.20477726649935157,
        "ECE": 0.029858007446201054
    },
    "Isotonic Regression": {
        "Accuracy": 0.9368586820091837,
        "Brier Score": 0.05409171162854052,
        "Log Loss": 0.22174976322697007,
        "ECE": 0.016551957874561016
    },
    "Beta Calibration": {
        "Accuracy": 0.9368586820091837,
        "Brier Score": 0.053976006321627024,
        "Log Loss": 0.1983142689282738,
        "ECE": 0.013862713497187469
    },
    "BBQ": {
        "Accuracy": 0.9368586820091837,
        "Brier Score": 0.0555499607696315,
        "Log Loss": 0.20628513003926952,
        "ECE": 0.009365730043190152
    },
    "Venn-Abers": {
        "Accuracy": 0.9365431001551403,
        "Brier Score": 0.05625857485579186,
        "Log Loss": 0.20307549066687247,
        "ECE": 0.04806284477586125
    }
}