{
    "Base Model": {
        "Accuracy": 0.8412525547445254,
        "Brier Score": 0.10426215348413162,
        "Log Loss": 0.31694249966458465,
        "ECE": 0.06064015419648422
    },
    "Platt Scaling": {
        "Accuracy": 0.8408153948241542,
        "Brier Score": 0.10960750764677708,
        "Log Loss": 0.3489468926951108,
        "ECE": 0.09382627461396148
    },
    "Isotonic Regression": {
        "Accuracy": 0.849636098208361,
        "Brier Score": 0.10298944579796795,
        "Log Loss": 0.5555185065657313,
        "ECE": 0.04417199128039323
    },
    "Beta Calibration": {
        "Accuracy": 0.8481743861977439,
        "Brier Score": 0.10225657120063972,
        "Log Loss": 0.31181814857593254,
        "ECE": 0.04623506782946663
    },
    "BBQ": {
        "Accuracy": 0.8430083609820835,
        "Brier Score": 0.10802823249413676,
        "Log Loss": 0.35817873473262557,
        "ECE": 0.10000494460468462
    },
    "Venn-Abers": {
        "Accuracy": 0.8389972130059721,
        "Brier Score": 0.10807230720365617,
        "Log Loss": 0.3435565089346673,
        "ECE": 0.09123057522866754
    }
}