{
    "Base Model": {
        "Accuracy": 0.7519650284356164,
        "Brier Score": 0.1801181463524854,
        "Log Loss": 0.6251628207042134,
        "ECE": 0.09872321433467925
    },
    "Platt Scaling": {
        "Accuracy": 0.7532594856124265,
        "Brier Score": 0.1725568120597076,
        "Log Loss": 0.5217189832167213,
        "ECE": 0.05578365338366335
    },
    "Isotonic Regression": {
        "Accuracy": 0.7436261777438247,
        "Brier Score": 0.17575606079301,
        "Log Loss": 0.9506416325967834,
        "ECE": 0.0649273895603621
    },
    "Beta Calibration": {
        "Accuracy": 0.7520855614973262,
        "Brier Score": 0.170066773996743,
        "Log Loss": 0.5203526818900283,
        "ECE": 0.039096711494111196
    },
    "BBQ": {
        "Accuracy": 0.7474000509294626,
        "Brier Score": 0.17987907681499737,
        "Log Loss": 0.5432335552453834,
        "ECE": 0.09106491042962625
    },
    "Venn-Abers": {
        "Accuracy": 0.7415431627196334,
        "Brier Score": 0.1762424294260647,
        "Log Loss": 0.528111934735169,
        "ECE": 0.07324134495535514
    }
}