{
    "Base Model": {
        "Accuracy": 0.9533000000000001,
        "Brier Score": 0.046417970329917096,
        "Log Loss": 1.4528958095835183,
        "ECE": 0.09738292069899483
    },
    "Platt Scaling": {
        "Accuracy": 0.95345,
        "Brier Score": 0.03460823667843003,
        "Log Loss": 0.11722771782969793,
        "ECE": 0.029327175212598585
    },
    "Isotonic Regression": {
        "Accuracy": 0.9589000000000002,
        "Brier Score": 0.032426597304344405,
        "Log Loss": 0.16106646348865475,
        "ECE": 0.022687552513840237
    },
    "Beta Calibration": {
        "Accuracy": 0.9584999999999999,
        "Brier Score": 0.03208794693871554,
        "Log Loss": 0.12383576826838844,
        "ECE": 0.018158783701894873
    },
    "BBQ": {
        "Accuracy": 0.9533000000000001,
        "Brier Score": 0.034582799003022364,
        "Log Loss": 0.1290805191340116,
        "ECE": 0.013587449164409748
    },
    "Venn-Abers": {
        "Accuracy": 0.9549500000000001,
        "Brier Score": 0.034758793810949366,
        "Log Loss": 0.11976271997473473,
        "ECE": 0.04460973141187264
    }
}