{
    "Base Model": {
        "Accuracy": 0.8278787878787878,
        "Brier Score": 0.1597543532651827,
        "Log Loss": 1.4654645033215494,
        "ECE": 0.35209199494731436
    },
    "Platt Scaling": {
        "Accuracy": 0.8677489177489177,
        "Brier Score": 0.07380276777187435,
        "Log Loss": 0.21826877984941412,
        "ECE": 0.2064344148604379
    },
    "Isotonic Regression": {
        "Accuracy": 0.9643290043290044,
        "Brier Score": 0.029689712053955944,
        "Log Loss": 0.25282469900834775,
        "ECE": 0.03296212171779382
    },
    "Beta Calibration": {
        "Accuracy": 0.9628571428571427,
        "Brier Score": 0.029991203539868744,
        "Log Loss": 0.12813088105934006,
        "ECE": 0.03561496376610499
    },
    "BBQ": {
        "Accuracy": 0.8569696969696967,
        "Brier Score": 0.0788247190711601,
        "Log Loss": 0.2548141926739034,
        "ECE": 0.055093465938035
    },
    "Venn-Abers": {
        "Accuracy": 0.9415584415584415,
        "Brier Score": 0.0444361362828962,
        "Log Loss": 0.15395873342857325,
        "ECE": 0.0777507660304631
    }
}