{
    "Base Model": {
        "Accuracy": 0.9598057553956835,
        "Brier Score": 0.038489816459913166,
        "Log Loss": 0.8786168371571512,
        "ECE": 0.031792598545635264
    },
    "Platt Scaling": {
        "Accuracy": 0.9598067831449127,
        "Brier Score": 0.037484031773313706,
        "Log Loss": 0.15550500922144414,
        "ECE": 0.026564131034719704
    },
    "Isotonic Regression": {
        "Accuracy": 0.9586598150051389,
        "Brier Score": 0.03471010692353278,
        "Log Loss": 0.2780339522596746,
        "ECE": 0.03049599080086626
    },
    "Beta Calibration": {
        "Accuracy": 0.9603802672147999,
        "Brier Score": 0.034199756368719435,
        "Log Loss": 0.15231070380612802,
        "ECE": 0.020412395520798973
    },
    "BBQ": {
        "Accuracy": 0.9592302158273383,
        "Brier Score": 0.038603581522225434,
        "Log Loss": 0.20682762895635154,
        "ECE": 0.02057558055675802
    },
    "Venn-Abers": {
        "Accuracy": 0.9567995889003081,
        "Brier Score": 0.044612513451032704,
        "Log Loss": 0.1891967799846614,
        "ECE": 0.08373640277847856
    }
}