{
    "Base Model": {
        "Accuracy": 0.7086,
        "Brier Score": 0.2473925342096085,
        "Log Loss": 1.7324651877289206,
        "ECE": 0.26069764493107084
    },
    "Platt Scaling": {
        "Accuracy": 0.7215,
        "Brier Score": 0.18045705875961127,
        "Log Loss": 0.5395947344451139,
        "ECE": 0.04765787182975876
    },
    "Isotonic Regression": {
        "Accuracy": 0.7225,
        "Brier Score": 0.1818890413173551,
        "Log Loss": 0.767486182880941,
        "ECE": 0.051271389575277194
    },
    "Beta Calibration": {
        "Accuracy": 0.7209,
        "Brier Score": 0.18274123426578112,
        "Log Loss": 0.5602490537580165,
        "ECE": 0.059164109708418594
    },
    "BBQ": {
        "Accuracy": 0.7095,
        "Brier Score": 0.18312171380372969,
        "Log Loss": 0.5475738424341767,
        "ECE": 0.04645323541336276
    },
    "Venn-Abers": {
        "Accuracy": 0.7199,
        "Brier Score": 0.18454538280982685,
        "Log Loss": 0.5505975206617814,
        "ECE": 0.06120625389367054
    }
}