{
    "Base Model": {
        "Accuracy": 0.7527901565995525,
        "Brier Score": 0.18347211364284813,
        "Log Loss": 0.7160009976262256,
        "ECE": 0.12376139148613152
    },
    "Platt Scaling": {
        "Accuracy": 0.7613583892617448,
        "Brier Score": 0.16973320908454206,
        "Log Loss": 0.5169582090140665,
        "ECE": 0.06936938700260022
    },
    "Isotonic Regression": {
        "Accuracy": 0.7598988814317673,
        "Brier Score": 0.16777322947852974,
        "Log Loss": 0.7130182764084289,
        "ECE": 0.04585431637166571
    },
    "Beta Calibration": {
        "Accuracy": 0.7677852348993289,
        "Brier Score": 0.16667133395457248,
        "Log Loss": 0.5124033655771156,
        "ECE": 0.050501531696270134
    },
    "BBQ": {
        "Accuracy": 0.7612456375838925,
        "Brier Score": 0.1732627939679114,
        "Log Loss": 0.5277680992650922,
        "ECE": 0.07210578805688433
    },
    "Venn-Abers": {
        "Accuracy": 0.7502774049217003,
        "Brier Score": 0.17306673537932923,
        "Log Loss": 0.5236199740712572,
        "ECE": 0.07227558711436327
    }
}