{
    "Base Model": {
        "Accuracy": 0.8249857594758587,
        "Brier Score": 0.16988769410636867,
        "Log Loss": 2.69056174467671,
        "ECE": 0.23114744282407318
    },
    "Platt Scaling": {
        "Accuracy": 0.8447599374092378,
        "Brier Score": 0.11945966195827884,
        "Log Loss": 0.396289064105121,
        "ECE": 0.09209498092202116
    },
    "Isotonic Regression": {
        "Accuracy": 0.8474150915783905,
        "Brier Score": 0.11223830441604128,
        "Log Loss": 0.41929567678857077,
        "ECE": 0.03318816830826922
    },
    "Beta Calibration": {
        "Accuracy": 0.8463258321982191,
        "Brier Score": 0.11470986433154633,
        "Log Loss": 0.37418480449588903,
        "ECE": 0.06127817469152523
    },
    "BBQ": {
        "Accuracy": 0.8448557372989158,
        "Brier Score": 0.11990507358356195,
        "Log Loss": 0.3980312995427802,
        "ECE": 0.017065559918227703
    },
    "Venn-Abers": {
        "Accuracy": 0.8459451092524007,
        "Brier Score": 0.11382558089114093,
        "Log Loss": 0.365838253320591,
        "ECE": 0.050231839973353745
    }
}