{
    "Base Model": {
        "Accuracy": 0.5791061553679412,
        "Brier Score": 0.29483723581550975,
        "Log Loss": 4.778185086338001,
        "ECE": 0.22859176259052802
    },
    "Platt Scaling": {
        "Accuracy": 0.5791061553679412,
        "Brier Score": 0.24255797951010127,
        "Log Loss": 0.6781350411965117,
        "ECE": 0.007951410158023631
    },
    "Isotonic Regression": {
        "Accuracy": 0.5780963588344069,
        "Brier Score": 0.24270153642582856,
        "Log Loss": 0.6784356206084218,
        "ECE": 0.011948374381677718
    },
    "Beta Calibration": {
        "Accuracy": 0.5479812385668081,
        "Brier Score": 0.24436808969211143,
        "Log Loss": 0.6817739081130852,
        "ECE": 0.04230241176729921
    },
    "BBQ": {
        "Accuracy": 0.5780963588344069,
        "Brier Score": 0.24297556089747135,
        "Log Loss": 0.6790020093267765,
        "ECE": 0.017722849860635666
    },
    "Venn-Abers": {
        "Accuracy": 0.5321656909869904,
        "Brier Score": 0.24809985784594854,
        "Log Loss": 0.6893442682079699,
        "ECE": 0.01762818456541166
    }
}