{
    "Base Model": {
        "Accuracy": 0.9982233146067415,
        "Brier Score": 0.001988139825218477,
        "Log Loss": 0.053251682399919745,
        "ECE": 0.01829399065095322
    },
    "Platt Scaling": {
        "Accuracy": 0.9983707865168537,
        "Brier Score": 0.0016218600879355713,
        "Log Loss": 0.012047667927952373,
        "ECE": 0.00232299131247695
    },
    "Isotonic Regression": {
        "Accuracy": 0.9983707865168537,
        "Brier Score": 0.001636779269420927,
        "Log Loss": 0.012408721702807442,
        "ECE": 0.002571730169857453
    },
    "Beta Calibration": {
        "Accuracy": 0.9983707865168537,
        "Brier Score": 0.0016335029393040488,
        "Log Loss": 0.011936638301190914,
        "ECE": 0.0028257853353515776
    },
    "BBQ": {
        "Accuracy": 0.9983707865168537,
        "Brier Score": 0.001629901059384201,
        "Log Loss": 0.012172920315525138,
        "ECE": 0.0014904325600105753
    },
    "Venn-Abers": {
        "Accuracy": 0.998384831460674,
        "Brier Score": 0.0016233361979934155,
        "Log Loss": 0.012549953587858353,
        "ECE": 0.001904511104679953
    }
}