{
    "Base Model": {
        "Accuracy": 0.840033726049537,
        "Brier Score": 0.13192875652625738,
        "Log Loss": 2.6383588458555067,
        "ECE": 0.08340681790119932
    },
    "Platt Scaling": {
        "Accuracy": 0.840033726049537,
        "Brier Score": 0.12520807043396165,
        "Log Loss": 0.40828802122036195,
        "ECE": 0.014183346408241865
    },
    "Isotonic Regression": {
        "Accuracy": 0.840033726049537,
        "Brier Score": 0.12508921244009005,
        "Log Loss": 0.4078225607834788,
        "ECE": 0.009375783761728753
    },
    "Beta Calibration": {
        "Accuracy": 0.7988651156731743,
        "Brier Score": 0.13465663390421834,
        "Log Loss": 0.4275879995254369,
        "ECE": 0.09808848959920553
    },
    "BBQ": {
        "Accuracy": 0.840033726049537,
        "Brier Score": 0.12508921244009005,
        "Log Loss": 0.4078225607834788,
        "ECE": 0.009375783761728741
    },
    "Venn-Abers": {
        "Accuracy": 0.8308920733295945,
        "Brier Score": 0.13401377397433295,
        "Log Loss": 0.4335335421798854,
        "ECE": 0.020803948869332692
    }
}