{
    "Base Model": {
        "Accuracy": 0.9284262008778886,
        "Brier Score": 0.07065983403841958,
        "Log Loss": 1.6511252294081669,
        "ECE": 0.12133973985053371
    },
    "Platt Scaling": {
        "Accuracy": 0.9403380440809898,
        "Brier Score": 0.055771460202677085,
        "Log Loss": 0.22334919626916533,
        "ECE": 0.005742530586361043
    },
    "Isotonic Regression": {
        "Accuracy": 0.9403176774822117,
        "Brier Score": 0.055799819920356104,
        "Log Loss": 0.2238664913868016,
        "ECE": 0.005662662033072126
    },
    "Beta Calibration": {
        "Accuracy": 0.9402667765322887,
        "Brier Score": 0.055830613465478775,
        "Log Loss": 0.22484774565169777,
        "ECE": 0.0062575280622151515
    },
    "BBQ": {
        "Accuracy": 0.9403278607816007,
        "Brier Score": 0.056001127154269845,
        "Log Loss": 0.22542783279880066,
        "ECE": 0.01389526566923572
    },
    "Venn-Abers": {
        "Accuracy": 0.9403380440809898,
        "Brier Score": 0.05615731627065482,
        "Log Loss": 0.22634557227825025,
        "ECE": 0.007408449577608079
    }
}