{
    "Base Model": {
        "Accuracy": 0.7742305925585669,
        "Brier Score": 0.17992037972745367,
        "Log Loss": 3.5117595842171867,
        "ECE": 0.17209599405411943
    },
    "Platt Scaling": {
        "Accuracy": 0.8065043638033993,
        "Brier Score": 0.1503728474213031,
        "Log Loss": 0.4746707582189623,
        "ECE": 0.012139103838327588
    },
    "Isotonic Regression": {
        "Accuracy": 0.806293063849334,
        "Brier Score": 0.150522830956904,
        "Log Loss": 0.4749964018022129,
        "ECE": 0.016061631612126745
    },
    "Beta Calibration": {
        "Accuracy": 0.806293063849334,
        "Brier Score": 0.15115522623890887,
        "Log Loss": 0.4765820551710205,
        "ECE": 0.029673297774219412
    },
    "BBQ": {
        "Accuracy": 0.8063022508038586,
        "Brier Score": 0.15054428944440776,
        "Log Loss": 0.4750583454162999,
        "ECE": 0.0165623576507976
    },
    "Venn-Abers": {
        "Accuracy": 0.8063665594855306,
        "Brier Score": 0.15437269005116372,
        "Log Loss": 0.48632520528150425,
        "ECE": 0.02400003269804643
    }
}