{
    "Base Model": {
        "Accuracy": 0.8688746188371536,
        "Brier Score": 0.09850524015638625,
        "Log Loss": 1.6163280044525519,
        "ECE": 0.04942830196927383
    },
    "Platt Scaling": {
        "Accuracy": 0.8688746188371536,
        "Brier Score": 0.09761103626955457,
        "Log Loss": 0.3245407023010777,
        "ECE": 0.03738128382337787
    },
    "Isotonic Regression": {
        "Accuracy": 0.8688746188371536,
        "Brier Score": 0.0964039536964532,
        "Log Loss": 0.3207197219613514,
        "ECE": 0.016447827984143723
    },
    "Beta Calibration": {
        "Accuracy": 0.8427096823928463,
        "Brier Score": 0.10015757402420795,
        "Log Loss": 0.32828051647251255,
        "ECE": 0.06295167254761604
    },
    "BBQ": {
        "Accuracy": 0.8688746188371536,
        "Brier Score": 0.09640395998215542,
        "Log Loss": 0.32071973626478534,
        "ECE": 0.016448029498919377
    },
    "Venn-Abers": {
        "Accuracy": 0.8537751224860384,
        "Brier Score": 0.11045717775007219,
        "Log Loss": 0.36441848669074006,
        "ECE": 0.027001856933806852
    }
}