{
    "Base Model": {
        "Accuracy": 0.7685058342105322,
        "Brier Score": 0.1737848769839821,
        "Log Loss": 3.0457710824963344,
        "ECE": 0.11255583020073827
    },
    "Platt Scaling": {
        "Accuracy": 0.7685058342105322,
        "Brier Score": 0.16152431690159966,
        "Log Loss": 0.49522536933599154,
        "ECE": 0.017947077868067138
    },
    "Isotonic Regression": {
        "Accuracy": 0.7683226914770539,
        "Brier Score": 0.1612964734667669,
        "Log Loss": 0.4945481119759865,
        "ECE": 0.012642960040008054
    },
    "Beta Calibration": {
        "Accuracy": 0.7501216605914591,
        "Brier Score": 0.16527947776739793,
        "Log Loss": 0.5026959980947667,
        "ECE": 0.06364778051478197
    },
    "BBQ": {
        "Accuracy": 0.7683226914770539,
        "Brier Score": 0.1612964734667669,
        "Log Loss": 0.4945481119759865,
        "ECE": 0.012642960040008056
    },
    "Venn-Abers": {
        "Accuracy": 0.7395638887585194,
        "Brier Score": 0.17872512057773934,
        "Log Loss": 0.5377255223538887,
        "ECE": 0.02037782659711113
    }
}