{
    "Base Model": {
        "Accuracy": 0.8284793804256891,
        "Brier Score": 0.12693524306499698,
        "Log Loss": 1.5612561727164316,
        "ECE": 0.046569768584953326
    },
    "Platt Scaling": {
        "Accuracy": 0.8284793804256891,
        "Brier Score": 0.12531463373146257,
        "Log Loss": 0.398202166475003,
        "ECE": 0.021351460853160076
    },
    "Isotonic Regression": {
        "Accuracy": 0.8284793804256891,
        "Brier Score": 0.12507975437901775,
        "Log Loss": 0.39754936293966026,
        "ECE": 0.014513398322147349
    },
    "Beta Calibration": {
        "Accuracy": 0.7947749342380213,
        "Brier Score": 0.13507864249050625,
        "Log Loss": 0.417988022598797,
        "ECE": 0.10105361901523015
    },
    "BBQ": {
        "Accuracy": 0.8284793804256891,
        "Brier Score": 0.12507975439147884,
        "Log Loss": 0.3975493629672785,
        "ECE": 0.014513398724779277
    },
    "Venn-Abers": {
        "Accuracy": 0.802552473626299,
        "Brier Score": 0.14142082366548225,
        "Log Loss": 0.4440125480140042,
        "ECE": 0.023952167909605655
    }
}