{
    "Base Model": {
        "Accuracy": 0.7653565574067197,
        "Brier Score": 0.1728372507251418,
        "Log Loss": 2.5060406832927837,
        "ECE": 0.08783768705768713
    },
    "Platt Scaling": {
        "Accuracy": 0.7653565574067197,
        "Brier Score": 0.16567656720722326,
        "Log Loss": 0.5042557326669986,
        "ECE": 0.022318715826227624
    },
    "Isotonic Regression": {
        "Accuracy": 0.7653565574067197,
        "Brier Score": 0.1652236515392391,
        "Log Loss": 0.5030919358645457,
        "ECE": 0.009539379473788927
    },
    "Beta Calibration": {
        "Accuracy": 0.7415453609942714,
        "Brier Score": 0.17371190101683587,
        "Log Loss": 0.5203725360909812,
        "ECE": 0.09237843663129404
    },
    "BBQ": {
        "Accuracy": 0.7653565574067197,
        "Brier Score": 0.1652236515392391,
        "Log Loss": 0.5030919358645457,
        "ECE": 0.009539379473788929
    },
    "Venn-Abers": {
        "Accuracy": 0.7271760028710339,
        "Brier Score": 0.18515854774023097,
        "Log Loss": 0.551133310749812,
        "ECE": 0.014768350710966292
    }
}