{
    "Base Model": {
        "Accuracy": 0.9945370370370371,
        "Brier Score": 0.02450360082304527,
        "Log Loss": 0.08655971118097354,
        "ECE": 0.13891433562939481
    },
    "Platt Scaling": {
        "Accuracy": 0.9945370370370371,
        "Brier Score": 0.005228017343130515,
        "Log Loss": 0.022781270167755795,
        "ECE": 0.003930986381771876
    },
    "Isotonic Regression": {
        "Accuracy": 0.9945370370370371,
        "Brier Score": 0.005208302583112264,
        "Log Loss": 0.021865061191989266,
        "ECE": 0.0024950165140971113
    },
    "Beta Calibration": {
        "Accuracy": 0.9945370370370371,
        "Brier Score": 0.005208957983721597,
        "Log Loss": 0.02193731229671173,
        "ECE": 0.002527599044836035
    },
    "BBQ": {
        "Accuracy": 0.9945370370370371,
        "Brier Score": 0.005208302601510553,
        "Log Loss": 0.021865062706629156,
        "ECE": 0.002495023729992564
    },
    "Venn-Abers": {
        "Accuracy": 0.9945370370370371,
        "Brier Score": 0.005427086489188878,
        "Log Loss": 0.032648832701842434,
        "ECE": 0.0047477249449982975
    }
}