{
    "Base Model": {
        "Accuracy": 0.8252207696002685,
        "Brier Score": 0.13455037074333218,
        "Log Loss": 2.305320047095905,
        "ECE": 0.07055940371943534
    },
    "Platt Scaling": {
        "Accuracy": 0.8252207696002685,
        "Brier Score": 0.12987192131312658,
        "Log Loss": 0.4160040772076757,
        "ECE": 0.014946389297726861
    },
    "Isotonic Regression": {
        "Accuracy": 0.8252207696002685,
        "Brier Score": 0.1298287080467798,
        "Log Loss": 0.4160767613104565,
        "ECE": 0.015102619974345389
    },
    "Beta Calibration": {
        "Accuracy": 0.794494088233762,
        "Brier Score": 0.1367254750220733,
        "Log Loss": 0.4301226474433657,
        "ECE": 0.0838970494174547
    },
    "BBQ": {
        "Accuracy": 0.8252207696002685,
        "Brier Score": 0.12982870852038728,
        "Log Loss": 0.41607676235545143,
        "ECE": 0.01510262900822496
    },
    "Venn-Abers": {
        "Accuracy": 0.8010181085820443,
        "Brier Score": 0.14822708727470227,
        "Log Loss": 0.4656850437739281,
        "ECE": 0.025490190060522187
    }
}