{
    "Base Model": {
        "Accuracy": 0.9351099628454024,
        "Brier Score": 0.060671007111045505,
        "Log Loss": 1.3847539277348793,
        "ECE": 0.057805539121007124
    },
    "Platt Scaling": {
        "Accuracy": 0.9351099628454024,
        "Brier Score": 0.05755329096206121,
        "Log Loss": 0.22119852218549593,
        "ECE": 0.014024011558527194
    },
    "Isotonic Regression": {
        "Accuracy": 0.9351099628454024,
        "Brier Score": 0.05744470328823247,
        "Log Loss": 0.2211032260235952,
        "ECE": 0.011440035584973512
    },
    "Beta Calibration": {
        "Accuracy": 0.9080522723358186,
        "Brier Score": 0.06695442698535228,
        "Log Loss": 0.24125712550712142,
        "ECE": 0.09796518413589497
    },
    "BBQ": {
        "Accuracy": 0.9351099628454024,
        "Brier Score": 0.05744577883070637,
        "Log Loss": 0.22110782689731695,
        "ECE": 0.01146145293906033
    },
    "Venn-Abers": {
        "Accuracy": 0.9291906596786497,
        "Brier Score": 0.06281770513388676,
        "Log Loss": 0.24286644897442133,
        "ECE": 0.01627966368467622
    }
}