{
    "Base Model": {
        "Accuracy": 0.9696677323651008,
        "Brier Score": 0.022932106203305037,
        "Log Loss": 0.3081928782101316,
        "ECE": 0.008637035052614216
    },
    "Platt Scaling": {
        "Accuracy": 0.9696677323651008,
        "Brier Score": 0.024228163678842538,
        "Log Loss": 0.09203342037588308,
        "ECE": 0.034678167126991406
    },
    "Isotonic Regression": {
        "Accuracy": 0.9696677323651008,
        "Brier Score": 0.023116961745851,
        "Log Loss": 0.08855344505034943,
        "ECE": 0.012230394785379534
    },
    "Beta Calibration": {
        "Accuracy": 0.9626198040507252,
        "Brier Score": 0.024624437770508406,
        "Log Loss": 0.09161194688226565,
        "ECE": 0.040367348967534813
    },
    "BBQ": {
        "Accuracy": 0.9696677323651008,
        "Brier Score": 0.023116966586834767,
        "Log Loss": 0.08855345598619982,
        "ECE": 0.01223051252672248
    },
    "Venn-Abers": {
        "Accuracy": 0.9631517830366514,
        "Brier Score": 0.026904198357234423,
        "Log Loss": 0.10756366590088011,
        "ECE": 0.01744825197398097
    }
}