{
    "Base Model": {
        "Accuracy": 0.9248288102650519,
        "Brier Score": 0.05803392977889623,
        "Log Loss": 1.0142823319179188,
        "ECE": 0.02646095484107541
    },
    "Platt Scaling": {
        "Accuracy": 0.9248288102650519,
        "Brier Score": 0.05864971845102598,
        "Log Loss": 0.21149885955791398,
        "ECE": 0.03477304925146864
    },
    "Isotonic Regression": {
        "Accuracy": 0.9248288102650519,
        "Brier Score": 0.05749502834424572,
        "Log Loss": 0.20831585571449104,
        "ECE": 0.010776230329387702
    },
    "Beta Calibration": {
        "Accuracy": 0.9122553732620847,
        "Brier Score": 0.06004485391910885,
        "Log Loss": 0.21347402461745207,
        "ECE": 0.05122316192732725
    },
    "BBQ": {
        "Accuracy": 0.9248288102650519,
        "Brier Score": 0.05749503470488453,
        "Log Loss": 0.20831586927579607,
        "ECE": 0.01077632680845229
    },
    "Venn-Abers": {
        "Accuracy": 0.9175165699326775,
        "Brier Score": 0.06445598279829995,
        "Log Loss": 0.23544288595498156,
        "ECE": 0.018589006745478108
    }
}