{
    "Base Model": {
        "Accuracy": 0.9980076558912334,
        "Brier Score": 0.0016890955434242336,
        "Log Loss": 0.02788068183580031,
        "ECE": 0.010627281960428529
    },
    "Platt Scaling": {
        "Accuracy": 0.9979985608480321,
        "Brier Score": 0.001513271051308955,
        "Log Loss": 0.007652054555970737,
        "ECE": 0.004046895600052942
    },
    "Isotonic Regression": {
        "Accuracy": 0.9979712591669386,
        "Brier Score": 0.0015977154287903938,
        "Log Loss": 0.015616654896909594,
        "ECE": 0.005558035872886018
    },
    "Beta Calibration": {
        "Accuracy": 0.9978711888644892,
        "Brier Score": 0.0016564118455064888,
        "Log Loss": 0.012248369200187499,
        "ECE": 0.009221817848506871
    },
    "BBQ": {
        "Accuracy": 0.9979621682616094,
        "Brier Score": 0.0016631419165081766,
        "Log Loss": 0.013035886666969993,
        "ECE": 0.00878902457295033
    },
    "Venn-Abers": {
        "Accuracy": 0.9978257095106098,
        "Brier Score": 0.0017817266144984465,
        "Log Loss": 0.010934450497998946,
        "ECE": 0.00795465096937824
    }
}