{
    "Base Model": {
        "Accuracy": 0.9855226620433865,
        "Brier Score": 0.01252198283916428,
        "Log Loss": 0.2632997823032751,
        "ECE": 0.01912905887202433
    },
    "Platt Scaling": {
        "Accuracy": 0.9852186795022405,
        "Brier Score": 0.012392856827760774,
        "Log Loss": 0.05703904630847464,
        "ECE": 0.01577099352104519
    },
    "Isotonic Regression": {
        "Accuracy": 0.9850219155318385,
        "Brier Score": 0.01223239408825297,
        "Log Loss": 0.058161760527581256,
        "ECE": 0.010220983302231585
    },
    "Beta Calibration": {
        "Accuracy": 0.9845838128147285,
        "Brier Score": 0.012648039541828882,
        "Log Loss": 0.05907602454376344,
        "ECE": 0.02128896402115944
    },
    "BBQ": {
        "Accuracy": 0.9850487491633234,
        "Brier Score": 0.012238836788301306,
        "Log Loss": 0.05820605616203975,
        "ECE": 0.010353081692960953
    },
    "Venn-Abers": {
        "Accuracy": 0.984431827541838,
        "Brier Score": 0.013652125735109261,
        "Log Loss": 0.06537854367865954,
        "ECE": 0.01701885196487728
    }
}