{
    "Base Model": {
        "Accuracy": 0.77091,
        "Brier Score": 0.17186222222222225,
        "Log Loss": 2.7341697509901555,
        "ECE": 0.09899346302939102
    },
    "Platt Scaling": {
        "Accuracy": 0.77091,
        "Brier Score": 0.1621702536318942,
        "Log Loss": 0.4972885191225796,
        "ECE": 0.011253369456656035
    },
    "Isotonic Regression": {
        "Accuracy": 0.7700199999999999,
        "Brier Score": 0.16232518293911435,
        "Log Loss": 0.4977262447648003,
        "ECE": 0.014936980720158406
    },
    "Beta Calibration": {
        "Accuracy": 0.73869,
        "Brier Score": 0.16927406789599947,
        "Log Loss": 0.5120275051390787,
        "ECE": 0.08489238991717682
    },
    "BBQ": {
        "Accuracy": 0.7700199999999999,
        "Brier Score": 0.16232518293911435,
        "Log Loss": 0.4977262447648003,
        "ECE": 0.014936980720158437
    },
    "Venn-Abers": {
        "Accuracy": 0.7457499999999999,
        "Brier Score": 0.17718182185171635,
        "Log Loss": 0.5348222120218709,
        "ECE": 0.023570236565390562
    }
}