{
    "Base Model": {
        "Accuracy": 0.7759767004062306,
        "Brier Score": 0.16561795731818105,
        "Log Loss": 2.9334650346196636,
        "ECE": 0.1143957070503188
    },
    "Platt Scaling": {
        "Accuracy": 0.7759767004062306,
        "Brier Score": 0.1540291597808259,
        "Log Loss": 0.474488947720362,
        "ECE": 0.03762776947144279
    },
    "Isotonic Regression": {
        "Accuracy": 0.7747314579529343,
        "Brier Score": 0.15267027351272255,
        "Log Loss": 0.4706742895024295,
        "ECE": 0.012124541657003756
    },
    "Beta Calibration": {
        "Accuracy": 0.761951076514835,
        "Brier Score": 0.15507720901544733,
        "Log Loss": 0.47556888869927844,
        "ECE": 0.04977379435885791
    },
    "BBQ": {
        "Accuracy": 0.7747314579529343,
        "Brier Score": 0.1526702735935495,
        "Log Loss": 0.47067428968517916,
        "ECE": 0.012124543564347294
    },
    "Venn-Abers": {
        "Accuracy": 0.751477687115271,
        "Brier Score": 0.16659800206610748,
        "Log Loss": 0.507286877558869,
        "ECE": 0.019241391582345092
    }
}