{
    "Base Model": {
        "Accuracy": 0.63826,
        "Brier Score": 0.2607988888888889,
        "Log Loss": 4.377776563519735,
        "ECE": 0.18568714164429345
    },
    "Platt Scaling": {
        "Accuracy": 0.63826,
        "Brier Score": 0.2261369616814181,
        "Log Loss": 0.6439752560989982,
        "ECE": 0.006985909560292305
    },
    "Isotonic Regression": {
        "Accuracy": 0.63826,
        "Brier Score": 0.22622827095659878,
        "Log Loss": 0.6441730716767262,
        "ECE": 0.009468542430286397
    },
    "Beta Calibration": {
        "Accuracy": 0.60131,
        "Brier Score": 0.22978016860670764,
        "Log Loss": 0.6513184501055501,
        "ECE": 0.05977065446512129
    },
    "BBQ": {
        "Accuracy": 0.63826,
        "Brier Score": 0.22623546099844485,
        "Log Loss": 0.6441892865989698,
        "ECE": 0.009566085034686833
    },
    "Venn-Abers": {
        "Accuracy": 0.58747,
        "Brier Score": 0.23786868830640231,
        "Log Loss": 0.6684452982793861,
        "ECE": 0.0206665026593221
    }
}