{
    "Base Model": {
        "Accuracy": 0.9526910900045228,
        "Brier Score": 0.03655158550680939,
        "Log Loss": 0.4855973739803243,
        "ECE": 0.019522355425704956
    },
    "Platt Scaling": {
        "Accuracy": 0.9526910900045228,
        "Brier Score": 0.03716128942877939,
        "Log Loss": 0.13660766358021706,
        "ECE": 0.03096825018162075
    },
    "Isotonic Regression": {
        "Accuracy": 0.9526910900045228,
        "Brier Score": 0.03621398520815034,
        "Log Loss": 0.13335267041193266,
        "ECE": 0.008612692836442386
    },
    "Beta Calibration": {
        "Accuracy": 0.9388240615106287,
        "Brier Score": 0.03988885099847725,
        "Log Loss": 0.1410423280709536,
        "ECE": 0.060764224439555134
    },
    "BBQ": {
        "Accuracy": 0.9526910900045228,
        "Brier Score": 0.036213985777896765,
        "Log Loss": 0.13335266905570278,
        "ECE": 0.008612839397884845
    },
    "Venn-Abers": {
        "Accuracy": 0.9450113071008595,
        "Brier Score": 0.04172589282852633,
        "Log Loss": 0.15894377461784331,
        "ECE": 0.011455391481767534
    }
}