{
    "Base Model": {
        "Accuracy": 0.920649726600193,
        "Brier Score": 0.06737143061363068,
        "Log Loss": 1.4255369508555686,
        "ECE": 0.06511730964723432
    },
    "Platt Scaling": {
        "Accuracy": 0.920649726600193,
        "Brier Score": 0.06405061644915812,
        "Log Loss": 0.23747182293111424,
        "ECE": 0.028832552411545143
    },
    "Isotonic Regression": {
        "Accuracy": 0.9202830492119654,
        "Brier Score": 0.06328655137665859,
        "Log Loss": 0.2352526064879172,
        "ECE": 0.010293951085913572
    },
    "Beta Calibration": {
        "Accuracy": 0.9168156963653908,
        "Brier Score": 0.06653196427678769,
        "Log Loss": 0.2425870186991903,
        "ECE": 0.057939194066799746
    },
    "BBQ": {
        "Accuracy": 0.9202830492119654,
        "Brier Score": 0.06328655137665859,
        "Log Loss": 0.2352526064879172,
        "ECE": 0.01029395108591357
    },
    "Venn-Abers": {
        "Accuracy": 0.9187069797362496,
        "Brier Score": 0.06875752489184635,
        "Log Loss": 0.25712030951690545,
        "ECE": 0.01599309771033324
    }
}