{
    "Base Model": {
        "Accuracy": 0.9607943925233644,
        "Brier Score": 0.03186841714879098,
        "Log Loss": 0.3300270814979992,
        "ECE": 0.028432495511847268
    },
    "Platt Scaling": {
        "Accuracy": 0.9607943925233644,
        "Brier Score": 0.03164467724126854,
        "Log Loss": 0.1153493397560406,
        "ECE": 0.024134992746755964
    },
    "Isotonic Regression": {
        "Accuracy": 0.9607943925233644,
        "Brier Score": 0.03107021271658715,
        "Log Loss": 0.11333152098288345,
        "ECE": 0.006583584159732387
    },
    "Beta Calibration": {
        "Accuracy": 0.9479372496662216,
        "Brier Score": 0.037304322489915734,
        "Log Loss": 0.12651763615344694,
        "ECE": 0.07899903169214437
    },
    "BBQ": {
        "Accuracy": 0.9607943925233644,
        "Brier Score": 0.03107021271658715,
        "Log Loss": 0.11333152098288349,
        "ECE": 0.00658358415973239
    },
    "Venn-Abers": {
        "Accuracy": 0.9585046728971963,
        "Brier Score": 0.03527717270452903,
        "Log Loss": 0.14170984420590702,
        "ECE": 0.01154235650145049
    }
}