{
    "Accuracy": {
        "Statistic": 34.553956834532336,
        "p-value": 1.846728776127503e-06
    }
}