{
    "Base Model vs Platt Scaling": {
        "Statistic": 86.0,
        "p-value": 0.7172177958043885,
        "Significant": "False",
        "Adjusted p-value": 0.810178347996303
    },
    "Base Model vs Isotonic Regression": {
        "Statistic": 90.0,
        "p-value": 0.5958194732666016,
        "Significant": "False",
        "Adjusted p-value": 0.8095693588256836
    },
    "Base Model vs Beta Calibration": {
        "Statistic": 86.0,
        "p-value": 0.49800872802734375,
        "Significant": "False",
        "Adjusted p-value": 0.7470130920410156
    },
    "Base Model vs BBQ": {
        "Statistic": 51.0,
        "p-value": 0.13297131332886625,
        "Significant": "False",
        "Adjusted p-value": 0.25593320731663644
    },
    "Base Model vs Venn-Abers": {
        "Statistic": 22.0,
        "p-value": 0.0010166168212890625,
        "Significant": "True",
        "Adjusted p-value": 0.0030498504638671875
    },
    "Platt Scaling vs Isotonic Regression": {
        "Statistic": 92.0,
        "p-value": 0.6476554870605469,
        "Significant": "False",
        "Adjusted p-value": 0.8095693588256836
    },
    "Platt Scaling vs Beta Calibration": {
        "Statistic": 96.0,
        "p-value": 0.7561664581298828,
        "Significant": "False",
        "Adjusted p-value": 0.810178347996303
    },
    "Platt Scaling vs BBQ": {
        "Statistic": 58.0,
        "p-value": 0.13649771056887278,
        "Significant": "False",
        "Adjusted p-value": 0.25593320731663644
    },
    "Platt Scaling vs Venn-Abers": {
        "Statistic": 21.0,
        "p-value": 0.000850677490234375,
        "Significant": "True",
        "Adjusted p-value": 0.0030498504638671875
    },
    "Isotonic Regression vs Beta Calibration": {
        "Statistic": 78.0,
        "p-value": 0.3299827575683594,
        "Significant": "False",
        "Adjusted p-value": 0.5499712626139324
    },
    "Isotonic Regression vs BBQ": {
        "Statistic": 99.0,
        "p-value": 0.8408222198486328,
        "Significant": "False",
        "Adjusted p-value": 0.8408222198486328
    },
    "Isotonic Regression vs Venn-Abers": {
        "Statistic": 0.0,
        "p-value": 1.9073486328125e-06,
        "Significant": "True",
        "Adjusted p-value": 2.86102294921875e-05
    },
    "Beta Calibration vs BBQ": {
        "Statistic": 57.0,
        "p-value": 0.0758514404296875,
        "Significant": "False",
        "Adjusted p-value": 0.18962860107421875
    },
    "Beta Calibration vs Venn-Abers": {
        "Statistic": 20.0,
        "p-value": 0.0007076263427734375,
        "Significant": "True",
        "Adjusted p-value": 0.0030498504638671875
    },
    "BBQ vs Venn-Abers": {
        "Statistic": 16.0,
        "p-value": 0.0003223419189453125,
        "Significant": "True",
        "Adjusted p-value": 0.0024175643920898438
    }
}