{
    "ECE": {
        "Statistic": 49.62857142857143,
        "p-value": 1.650775344771989e-09
    },
    "Log Loss": {
        "Statistic": 58.88571428571424,
        "p-value": 2.064882747822401e-11
    }
}