{
    "Accuracy": {
        "Statistic": 19.191702432045776,
        "p-value": 0.0017703168382165375
    }
}