{
    "Base Model": {
        "Accuracy": 0.7646118511713367,
        "Brier Score": 0.19234863517676712,
        "Log Loss": 4.142816818787678,
        "ECE": 0.21289892710400768
    },
    "Platt Scaling": {
        "Accuracy": 0.8062195682131373,
        "Brier Score": 0.1488638269471394,
        "Log Loss": 0.47069889583527397,
        "ECE": 0.04263850201444821
    },
    "Isotonic Regression": {
        "Accuracy": 0.805319246669729,
        "Brier Score": 0.14876288442727348,
        "Log Loss": 0.47019933179906837,
        "ECE": 0.020918965953736313
    },
    "Beta Calibration": {
        "Accuracy": 0.8053743683968765,
        "Brier Score": 0.15062894172809735,
        "Log Loss": 0.47590194070156533,
        "ECE": 0.06019648045207059
    },
    "BBQ": {
        "Accuracy": 0.8060633899862195,
        "Brier Score": 0.1492384778503347,
        "Log Loss": 0.47181543299718043,
        "ECE": 0.03426215879392496
    },
    "Venn-Abers": {
        "Accuracy": 0.8030408819476343,
        "Brier Score": 0.15038660641723692,
        "Log Loss": 0.473865077860199,
        "ECE": 0.04166438862747289
    }
}