{
    "Base Model": {
        "Accuracy": 0.8541899999999998,
        "Brier Score": 0.1221641656068909,
        "Log Loss": 3.0700730232478457,
        "ECE": 0.11141651127550439
    },
    "Platt Scaling": {
        "Accuracy": 0.85456,
        "Brier Score": 0.11294415146750439,
        "Log Loss": 0.3768898418148965,
        "ECE": 0.05562567065082928
    },
    "Isotonic Regression": {
        "Accuracy": 0.85425,
        "Brier Score": 0.11116598990778316,
        "Log Loss": 0.371867955642046,
        "ECE": 0.019576815546033414
    },
    "Beta Calibration": {
        "Accuracy": 0.84616,
        "Brier Score": 0.11232384189875072,
        "Log Loss": 0.374053793022535,
        "ECE": 0.04928303841380969
    },
    "BBQ": {
        "Accuracy": 0.8537100000000001,
        "Brier Score": 0.11159524080165596,
        "Log Loss": 0.3731475326147512,
        "ECE": 0.03983202443631312
    },
    "Venn-Abers": {
        "Accuracy": 0.8515600000000001,
        "Brier Score": 0.11257654215522361,
        "Log Loss": 0.3760562706850578,
        "ECE": 0.03756777320658432
    }
}