{
    "Base Model": {
        "Accuracy": 0.929591508523641,
        "Brier Score": 0.05542500104965729,
        "Log Loss": 1.163845165045399,
        "ECE": 0.08426716731865459
    },
    "Platt Scaling": {
        "Accuracy": 0.9329302026375039,
        "Brier Score": 0.05430344382199287,
        "Log Loss": 0.20785519230285246,
        "ECE": 0.07716056067603011
    },
    "Isotonic Regression": {
        "Accuracy": 0.9426246381473143,
        "Brier Score": 0.04880688186746185,
        "Log Loss": 0.1905314563204241,
        "ECE": 0.013901667961303288
    },
    "Beta Calibration": {
        "Accuracy": 0.9430234802187197,
        "Brier Score": 0.049444774403217394,
        "Log Loss": 0.1920515412220504,
        "ECE": 0.03242954454471639
    },
    "BBQ": {
        "Accuracy": 0.942811193309746,
        "Brier Score": 0.04901549654136101,
        "Log Loss": 0.19128828267819345,
        "ECE": 0.025069759701576867
    },
    "Venn-Abers": {
        "Accuracy": 0.9424059183017047,
        "Brier Score": 0.049499035625684425,
        "Log Loss": 0.1935003229660403,
        "ECE": 0.02217167522214563
    }
}