{
    "Base Model": {
        "Accuracy": 0.7626838932879201,
        "Brier Score": 0.19647922679099217,
        "Log Loss": 4.759724913457356,
        "ECE": 0.1693163674366497
    },
    "Platt Scaling": {
        "Accuracy": 0.7625741745204832,
        "Brier Score": 0.17084188651120716,
        "Log Loss": 0.5218174428246553,
        "ECE": 0.054328510981115345
    },
    "Isotonic Regression": {
        "Accuracy": 0.7608772137631199,
        "Brier Score": 0.1696639897022946,
        "Log Loss": 0.5189598798969859,
        "ECE": 0.023230332171813518
    },
    "Beta Calibration": {
        "Accuracy": 0.7476445552955621,
        "Brier Score": 0.17161647962326498,
        "Log Loss": 0.5228755112300267,
        "ECE": 0.05924484326838905
    },
    "BBQ": {
        "Accuracy": 0.7586555726153043,
        "Brier Score": 0.17043352565878234,
        "Log Loss": 0.5208735252955039,
        "ECE": 0.04854974561612988
    },
    "Venn-Abers": {
        "Accuracy": 0.7562748660735238,
        "Brier Score": 0.1714596688331169,
        "Log Loss": 0.5234860646018608,
        "ECE": 0.0383050955261253
    }
}