{
    "Base Model": {
        "Accuracy": 0.8080777239555301,
        "Brier Score": 0.15873870272484664,
        "Log Loss": 3.892337410157132,
        "ECE": 0.14944958062132968
    },
    "Platt Scaling": {
        "Accuracy": 0.8081233860559867,
        "Brier Score": 0.14276952977954516,
        "Log Loss": 0.4539005137820576,
        "ECE": 0.07780674411431956
    },
    "Isotonic Regression": {
        "Accuracy": 0.8090057236777379,
        "Brier Score": 0.13897920020720533,
        "Log Loss": 0.44469991201604087,
        "ECE": 0.02156687756966608
    },
    "Beta Calibration": {
        "Accuracy": 0.8031794017049501,
        "Brier Score": 0.13965274381096254,
        "Log Loss": 0.44600917891398434,
        "ECE": 0.05527118894113231
    },
    "BBQ": {
        "Accuracy": 0.8093550821512694,
        "Brier Score": 0.13977720544071293,
        "Log Loss": 0.4468465938671097,
        "ECE": 0.05475112485529768
    },
    "Venn-Abers": {
        "Accuracy": 0.8090358178377346,
        "Brier Score": 0.1397897906487453,
        "Log Loss": 0.4478666704589536,
        "ECE": 0.03932430496925494
    }
}