{
    "Base Model": {
        "Accuracy": 0.9867996123641279,
        "Brier Score": 0.011228367359359821,
        "Log Loss": 0.2812573480896953,
        "ECE": 0.01676425242178329
    },
    "Platt Scaling": {
        "Accuracy": 0.9864447856809759,
        "Brier Score": 0.01167920205631388,
        "Log Loss": 0.053760107996712644,
        "ECE": 0.025205660248403646
    },
    "Isotonic Regression": {
        "Accuracy": 0.9866995379238063,
        "Brier Score": 0.011180718274033628,
        "Log Loss": 0.05151899327897778,
        "ECE": 0.012296553268981129
    },
    "Beta Calibration": {
        "Accuracy": 0.9854167933890042,
        "Brier Score": 0.01139418332792033,
        "Log Loss": 0.051214742096411976,
        "ECE": 0.019987091496486312
    },
    "BBQ": {
        "Accuracy": 0.9865448021910862,
        "Brier Score": 0.011542935366966442,
        "Log Loss": 0.05413940026893547,
        "ECE": 0.020570531368935736
    },
    "Venn-Abers": {
        "Accuracy": 0.9860990788682588,
        "Brier Score": 0.011570148879068917,
        "Log Loss": 0.05359261914867894,
        "ECE": 0.018218927460099187
    }
}