{
    "Base Model": {
        "Accuracy": 0.906798741899413,
        "Brier Score": 0.0791362320766868,
        "Log Loss": 2.0243083411976768,
        "ECE": 0.08835239768204012
    },
    "Platt Scaling": {
        "Accuracy": 0.9077509738583563,
        "Brier Score": 0.07535677939312939,
        "Log Loss": 0.2728706485225319,
        "ECE": 0.062168058513948
    },
    "Isotonic Regression": {
        "Accuracy": 0.908874317330693,
        "Brier Score": 0.07278441629128472,
        "Log Loss": 0.26553353195025153,
        "ECE": 0.0179301175143827
    },
    "Beta Calibration": {
        "Accuracy": 0.9075925863845328,
        "Brier Score": 0.07309352348801401,
        "Log Loss": 0.26605539289947017,
        "ECE": 0.040358276580256536
    },
    "BBQ": {
        "Accuracy": 0.9071895293371803,
        "Brier Score": 0.07327054119304288,
        "Log Loss": 0.2673113962056398,
        "ECE": 0.040749652285979286
    },
    "Venn-Abers": {
        "Accuracy": 0.907714559862211,
        "Brier Score": 0.07354328249333444,
        "Log Loss": 0.2688955827516981,
        "ECE": 0.029921804718109547
    }
}