{
    "Base Model": {
        "Accuracy": 0.844152653704677,
        "Brier Score": 0.12328442265318838,
        "Log Loss": 2.476491444887253,
        "ECE": 0.09882508389500551
    },
    "Platt Scaling": {
        "Accuracy": 0.8446781066604255,
        "Brier Score": 0.11757282792281608,
        "Log Loss": 0.3870072807542889,
        "ECE": 0.063088819739904
    },
    "Isotonic Regression": {
        "Accuracy": 0.8455608625478568,
        "Brier Score": 0.1153933008091001,
        "Log Loss": 0.38099620822999164,
        "ECE": 0.02040587219523062
    },
    "Beta Calibration": {
        "Accuracy": 0.8261740749899541,
        "Brier Score": 0.12049388556107994,
        "Log Loss": 0.3915391972341002,
        "ECE": 0.08292968344887422
    },
    "BBQ": {
        "Accuracy": 0.8441948085066923,
        "Brier Score": 0.11618563767740726,
        "Log Loss": 0.3832783957985491,
        "ECE": 0.04862717820294997
    },
    "Venn-Abers": {
        "Accuracy": 0.8422401769430843,
        "Brier Score": 0.11679593115773435,
        "Log Loss": 0.38515656711989665,
        "ECE": 0.03683505278158408
    }
}