{
    "Base Model": {
        "Accuracy": 0.7426030941467183,
        "Brier Score": 0.22246230700382696,
        "Log Loss": 6.177382164759143,
        "ECE": 0.2285765184094579
    },
    "Platt Scaling": {
        "Accuracy": 0.7519170613130345,
        "Brier Score": 0.17413214553097123,
        "Log Loss": 0.5276534998346346,
        "ECE": 0.06198960584080427
    },
    "Isotonic Regression": {
        "Accuracy": 0.7542238522104294,
        "Brier Score": 0.17218214467309406,
        "Log Loss": 0.5229241464049371,
        "ECE": 0.01660137632528732
    },
    "Beta Calibration": {
        "Accuracy": 0.7552123715210964,
        "Brier Score": 0.17219474057288253,
        "Log Loss": 0.522915713169406,
        "ECE": 0.043395940397279016
    },
    "BBQ": {
        "Accuracy": 0.7524414958643147,
        "Brier Score": 0.1734464647597685,
        "Log Loss": 0.5259228603433957,
        "ECE": 0.05135124407171428
    },
    "Venn-Abers": {
        "Accuracy": 0.7534662578286739,
        "Brier Score": 0.17352501687865943,
        "Log Loss": 0.526410784897162,
        "ECE": 0.040413933370013415
    }
}