{
    "Base Model": {
        "Accuracy": 0.9837789638083845,
        "Brier Score": 0.014126773505047064,
        "Log Loss": 0.3205618393417775,
        "ECE": 0.03681862044670476
    },
    "Platt Scaling": {
        "Accuracy": 0.9847894413598586,
        "Brier Score": 0.013186005455390842,
        "Log Loss": 0.06209205198811488,
        "ECE": 0.02000637840010178
    },
    "Isotonic Regression": {
        "Accuracy": 0.9849146329858144,
        "Brier Score": 0.013002714371388906,
        "Log Loss": 0.06391363756180832,
        "ECE": 0.013769688292333368
    },
    "Beta Calibration": {
        "Accuracy": 0.9846105704755682,
        "Brier Score": 0.014750360155866463,
        "Log Loss": 0.07668234255899697,
        "ECE": 0.0435920073457425
    },
    "BBQ": {
        "Accuracy": 0.9845122244764624,
        "Brier Score": 0.013589715932777344,
        "Log Loss": 0.06460355294446347,
        "ECE": 0.027152918801709607
    },
    "Venn-Abers": {
        "Accuracy": 0.9838773537904953,
        "Brier Score": 0.013643923223103005,
        "Log Loss": 0.06419251357459728,
        "ECE": 0.023499200363226995
    }
}