{
    "Base Model": {
        "Accuracy": 0.7398986119542991,
        "Brier Score": 0.22341122870415023,
        "Log Loss": 6.08418673103979,
        "ECE": 0.21198758630082182
    },
    "Platt Scaling": {
        "Accuracy": 0.7407605592724784,
        "Brier Score": 0.18372685437708508,
        "Log Loss": 0.5520739553499888,
        "ECE": 0.07224108794515155
    },
    "Isotonic Regression": {
        "Accuracy": 0.7500742290559821,
        "Brier Score": 0.17985159229768877,
        "Log Loss": 0.5436128239500007,
        "ECE": 0.016717320630670447
    },
    "Beta Calibration": {
        "Accuracy": 0.7511548176179724,
        "Brier Score": 0.1800728209463272,
        "Log Loss": 0.5440861663626784,
        "ECE": 0.03812880510530594
    },
    "BBQ": {
        "Accuracy": 0.7496176891278199,
        "Brier Score": 0.18034600769463244,
        "Log Loss": 0.5447820072316908,
        "ECE": 0.03947225045745954
    },
    "Venn-Abers": {
        "Accuracy": 0.7494761521110271,
        "Brier Score": 0.18048663565091122,
        "Log Loss": 0.5452662665181827,
        "ECE": 0.029353890014366394
    }
}