{
    "Base Model": {
        "Accuracy": 0.8144859813084113,
        "Brier Score": 0.15510287896429006,
        "Log Loss": 3.85062534344236,
        "ECE": 0.13531183141444988
    },
    "Platt Scaling": {
        "Accuracy": 0.8145794392523367,
        "Brier Score": 0.1397353040112033,
        "Log Loss": 0.4468906574918119,
        "ECE": 0.05370013418269342
    },
    "Isotonic Regression": {
        "Accuracy": 0.8151735647530041,
        "Brier Score": 0.1380554629697539,
        "Log Loss": 0.44269071039065616,
        "ECE": 0.01886807325163158
    },
    "Beta Calibration": {
        "Accuracy": 0.8047797062750335,
        "Brier Score": 0.13969314503223956,
        "Log Loss": 0.445953611956896,
        "ECE": 0.0533390867380384
    },
    "BBQ": {
        "Accuracy": 0.8153805073431241,
        "Brier Score": 0.1383201451650736,
        "Log Loss": 0.4435275991624446,
        "ECE": 0.036118158810237666
    },
    "Venn-Abers": {
        "Accuracy": 0.812630173564753,
        "Brier Score": 0.13914879087796655,
        "Log Loss": 0.44577803557681656,
        "ECE": 0.035405508152521276
    }
}