{
    "Base Model": {
        "Accuracy": 0.6352470960224911,
        "Brier Score": 0.2910192587229793,
        "Log Loss": 6.470900082656397,
        "ECE": 0.2633202012317527
    },
    "Platt Scaling": {
        "Accuracy": 0.6355936148683649,
        "Brier Score": 0.2263403954421904,
        "Log Loss": 0.6446313180066761,
        "ECE": 0.06686110202023833
    },
    "Isotonic Regression": {
        "Accuracy": 0.6353073199392028,
        "Brier Score": 0.2248614437626572,
        "Log Loss": 0.6414612908880329,
        "ECE": 0.01738014533275124
    },
    "Beta Calibration": {
        "Accuracy": 0.6271549038724904,
        "Brier Score": 0.22640996625122714,
        "Log Loss": 0.6446323084081058,
        "ECE": 0.06581056479925568
    },
    "BBQ": {
        "Accuracy": 0.6354052625678185,
        "Brier Score": 0.22599973199214837,
        "Log Loss": 0.6439252359480488,
        "ECE": 0.0541566666509905
    },
    "Venn-Abers": {
        "Accuracy": 0.638667827548085,
        "Brier Score": 0.2254446976075046,
        "Log Loss": 0.6428868777447814,
        "ECE": 0.03371006403752572
    }
}