{
    "Base Model": {
        "Accuracy": 0.8432830883612568,
        "Brier Score": 0.1253382504350966,
        "Log Loss": 2.7412243334744972,
        "ECE": 0.11388875505276888
    },
    "Platt Scaling": {
        "Accuracy": 0.8423572823517321,
        "Brier Score": 0.11666744822431344,
        "Log Loss": 0.38174767789044783,
        "ECE": 0.06512368333218005
    },
    "Isotonic Regression": {
        "Accuracy": 0.8429131976564908,
        "Brier Score": 0.11400869644406196,
        "Log Loss": 0.37368534697104844,
        "ECE": 0.02125947578290266
    },
    "Beta Calibration": {
        "Accuracy": 0.8367873368280401,
        "Brier Score": 0.11629068660365531,
        "Log Loss": 0.378264236117517,
        "ECE": 0.06233102829992003
    },
    "BBQ": {
        "Accuracy": 0.8431721314283755,
        "Brier Score": 0.11502154329706013,
        "Log Loss": 0.3770685878431814,
        "ECE": 0.047808724686257006
    },
    "Venn-Abers": {
        "Accuracy": 0.8383786788638777,
        "Brier Score": 0.11621572475961495,
        "Log Loss": 0.37952130191042455,
        "ECE": 0.04368618220963534
    }
}