{
    "Base Model": {
        "Accuracy": 0.9265251248738958,
        "Brier Score": 0.061473572978652635,
        "Log Loss": 1.3484829715318807,
        "ECE": 0.06558222893008826
    },
    "Platt Scaling": {
        "Accuracy": 0.9269457936566522,
        "Brier Score": 0.06044505288559831,
        "Log Loss": 0.22699512348362028,
        "ECE": 0.055934543778376956
    },
    "Isotonic Regression": {
        "Accuracy": 0.9278296203341454,
        "Brier Score": 0.05940102038713339,
        "Log Loss": 0.22384148085080038,
        "ECE": 0.018877282794080984
    },
    "Beta Calibration": {
        "Accuracy": 0.9118384094879556,
        "Brier Score": 0.06554094656023107,
        "Log Loss": 0.23680836760055082,
        "ECE": 0.0913257539239812
    },
    "BBQ": {
        "Accuracy": 0.9261602913314141,
        "Brier Score": 0.06034024336700214,
        "Log Loss": 0.2273403632367391,
        "ECE": 0.051463718577248574
    },
    "Venn-Abers": {
        "Accuracy": 0.9252064171649319,
        "Brier Score": 0.06065911971488112,
        "Log Loss": 0.22878054767634567,
        "ECE": 0.03727624201530905
    }
}