{
    "Base Model": {
        "Accuracy": 0.63388,
        "Brier Score": 0.2911784871017394,
        "Log Loss": 6.604447455259451,
        "ECE": 0.2629709595201339
    },
    "Platt Scaling": {
        "Accuracy": 0.63402,
        "Brier Score": 0.22604101639335167,
        "Log Loss": 0.643874289161799,
        "ECE": 0.062100633529693666
    },
    "Isotonic Regression": {
        "Accuracy": 0.6347499999999999,
        "Brier Score": 0.22440167566735766,
        "Log Loss": 0.6404596805175515,
        "ECE": 0.017048944989020494
    },
    "Beta Calibration": {
        "Accuracy": 0.6288800000000001,
        "Brier Score": 0.22486892532537733,
        "Log Loss": 0.6414056565249855,
        "ECE": 0.0514866458551361
    },
    "BBQ": {
        "Accuracy": 0.6327,
        "Brier Score": 0.22589615294163917,
        "Log Loss": 0.6436806011552121,
        "ECE": 0.054960625015973506
    },
    "Venn-Abers": {
        "Accuracy": 0.6348600000000001,
        "Brier Score": 0.22536565870355774,
        "Log Loss": 0.6428373113476935,
        "ECE": 0.04154145717061674
    }
}