{
    "Base Model": {
        "Accuracy": 0.9200435731308215,
        "Brier Score": 0.06529469718222684,
        "Log Loss": 1.5278552494715052,
        "ECE": 0.07253984038572531
    },
    "Platt Scaling": {
        "Accuracy": 0.9200558278410628,
        "Brier Score": 0.06461450514536547,
        "Log Loss": 0.23906560641008556,
        "ECE": 0.0670561554354753
    },
    "Isotonic Regression": {
        "Accuracy": 0.920836933387269,
        "Brier Score": 0.06154464885208747,
        "Log Loss": 0.22968001617152228,
        "ECE": 0.015514641090677026
    },
    "Beta Calibration": {
        "Accuracy": 0.9163688883823113,
        "Brier Score": 0.06236761065069118,
        "Log Loss": 0.23116705143105776,
        "ECE": 0.048269587277911724
    },
    "BBQ": {
        "Accuracy": 0.9193112927341115,
        "Brier Score": 0.06205115525323451,
        "Log Loss": 0.23120577709132864,
        "ECE": 0.04161745500475443
    },
    "Venn-Abers": {
        "Accuracy": 0.919030715742125,
        "Brier Score": 0.06226713640322404,
        "Log Loss": 0.2327474290305616,
        "ECE": 0.027526854174692222
    }
}