{
    "ECE": {
        "Statistic": 51.42857142857139,
        "p-value": 7.065326306824926e-10
    },
    "Log Loss": {
        "Statistic": 55.51428571428568,
        "p-value": 1.0230648396319799e-10
    }
}