{
    "Base Model vs Platt Scaling": {
        "Statistic": 8.0,
        "p-value": 4.76837158203125e-05,
        "Significant": "True",
        "Adjusted p-value": 0.00011920928955078125
    },
    "Base Model vs Isotonic Regression": {
        "Statistic": 1.0,
        "p-value": 3.814697265625e-06,
        "Significant": "True",
        "Adjusted p-value": 1.9073486328125e-05
    },
    "Base Model vs Beta Calibration": {
        "Statistic": 1.0,
        "p-value": 3.814697265625e-06,
        "Significant": "True",
        "Adjusted p-value": 1.9073486328125e-05
    },
    "Base Model vs BBQ": {
        "Statistic": 5.0,
        "p-value": 1.9073486328125e-05,
        "Significant": "True",
        "Adjusted p-value": 7.152557373046875e-05
    },
    "Base Model vs Venn-Abers": {
        "Statistic": 15.0,
        "p-value": 0.0002613067626953125,
        "Significant": "True",
        "Adjusted p-value": 0.0004899501800537109
    },
    "Platt Scaling vs Isotonic Regression": {
        "Statistic": 20.0,
        "p-value": 0.0007076263427734375,
        "Significant": "True",
        "Adjusted p-value": 0.0011793772379557292
    },
    "Platt Scaling vs Beta Calibration": {
        "Statistic": 8.0,
        "p-value": 4.76837158203125e-05,
        "Significant": "True",
        "Adjusted p-value": 0.00011920928955078125
    },
    "Platt Scaling vs BBQ": {
        "Statistic": 24.0,
        "p-value": 0.0014324188232421875,
        "Significant": "True",
        "Adjusted p-value": 0.0021486282348632812
    },
    "Platt Scaling vs Venn-Abers": {
        "Statistic": 83.0,
        "p-value": 0.4304332733154297,
        "Significant": "False",
        "Adjusted p-value": 0.46117850712367464
    },
    "Isotonic Regression vs Beta Calibration": {
        "Statistic": 76.0,
        "p-value": 0.2942523956298828,
        "Significant": "False",
        "Adjusted p-value": 0.3395219949575571
    },
    "Isotonic Regression vs BBQ": {
        "Statistic": 101.0,
        "p-value": 0.8983173370361328,
        "Significant": "False",
        "Adjusted p-value": 0.8983173370361328
    },
    "Isotonic Regression vs Venn-Abers": {
        "Statistic": 0.0,
        "p-value": 1.9073486328125e-06,
        "Significant": "True",
        "Adjusted p-value": 1.9073486328125e-05
    },
    "Beta Calibration vs BBQ": {
        "Statistic": 76.0,
        "p-value": 0.2942523956298828,
        "Significant": "False",
        "Adjusted p-value": 0.3395219949575571
    },
    "Beta Calibration vs Venn-Abers": {
        "Statistic": 41.0,
        "p-value": 0.01531219482421875,
        "Significant": "True",
        "Adjusted p-value": 0.020880265669389206
    },
    "BBQ vs Venn-Abers": {
        "Statistic": 12.0,
        "p-value": 0.000133514404296875,
        "Significant": "True",
        "Adjusted p-value": 0.000286102294921875
    }
}