{
    "ECE": {
        "Statistic": 29.14285714285711,
        "p-value": 2.173820194082565e-05
    },
    "Log Loss": {
        "Statistic": 50.542857142857144,
        "p-value": 1.0729523641140242e-09
    }
}