{
    "Base Model vs Platt Scaling": {
        "Statistic": 76.0,
        "p-value": 0.2942523956298828,
        "Significant": "False",
        "Adjusted p-value": 0.4413785934448242
    },
    "Base Model vs Isotonic Regression": {
        "Statistic": 74.0,
        "p-value": 0.26109886169433594,
        "Significant": "False",
        "Adjusted p-value": 0.43516476949055993
    },
    "Base Model vs Beta Calibration": {
        "Statistic": 102.0,
        "p-value": 0.9272785186767578,
        "Significant": "False",
        "Adjusted p-value": 0.9272785186767578
    },
    "Base Model vs BBQ": {
        "Statistic": 101.0,
        "p-value": 0.8983173370361328,
        "Significant": "False",
        "Adjusted p-value": 0.9272785186767578
    },
    "Base Model vs Venn-Abers": {
        "Statistic": 33.0,
        "p-value": 0.005580902099609375,
        "Significant": "True",
        "Adjusted p-value": 0.016742706298828125
    },
    "Platt Scaling vs Isotonic Regression": {
        "Statistic": 79.0,
        "p-value": 0.34881019592285156,
        "Significant": "False",
        "Adjusted p-value": 0.4756502671675249
    },
    "Platt Scaling vs Beta Calibration": {
        "Statistic": 70.0,
        "p-value": 0.20244979858398438,
        "Significant": "False",
        "Adjusted p-value": 0.43221116065979004
    },
    "Platt Scaling vs BBQ": {
        "Statistic": 82.0,
        "p-value": 0.40909767150878906,
        "Significant": "False",
        "Adjusted p-value": 0.5113720893859863
    },
    "Platt Scaling vs Venn-Abers": {
        "Statistic": 27.0,
        "p-value": 0.0023250579833984375,
        "Significant": "True",
        "Adjusted p-value": 0.00871896743774414
    },
    "Isotonic Regression vs Beta Calibration": {
        "Statistic": 100.0,
        "p-value": 0.8694877624511719,
        "Significant": "False",
        "Adjusted p-value": 0.9272785186767578
    },
    "Isotonic Regression vs BBQ": {
        "Statistic": 38.0,
        "p-value": 0.01068878173828125,
        "Significant": "True",
        "Adjusted p-value": 0.026721954345703125
    },
    "Isotonic Regression vs Venn-Abers": {
        "Statistic": 0.0,
        "p-value": 1.9073486328125e-06,
        "Significant": "True",
        "Adjusted p-value": 2.86102294921875e-05
    },
    "Beta Calibration vs BBQ": {
        "Statistic": 72.0,
        "p-value": 0.2305126190185547,
        "Significant": "False",
        "Adjusted p-value": 0.43221116065979004
    },
    "Beta Calibration vs Venn-Abers": {
        "Statistic": 21.0,
        "p-value": 0.000850677490234375,
        "Significant": "True",
        "Adjusted p-value": 0.004253387451171875
    },
    "BBQ vs Venn-Abers": {
        "Statistic": 2.0,
        "p-value": 5.7220458984375e-06,
        "Significant": "True",
        "Adjusted p-value": 4.291534423828125e-05
    }
}