{
    "Base Model": {
        "Accuracy": 0.9068475968475969,
        "Brier Score": 0.07912713726424654,
        "Log Loss": 2.025103117384032,
        "ECE": 0.08821004196346179
    },
    "Platt Scaling": {
        "Accuracy": 0.9078730292824253,
        "Brier Score": 0.07533888069206437,
        "Log Loss": 0.2728476198821878,
        "ECE": 0.061874063509208356
    },
    "Isotonic Regression": {
        "Accuracy": 0.9089842074405833,
        "Brier Score": 0.07278417371309107,
        "Log Loss": 0.26554322623924237,
        "ECE": 0.018007278758864837
    },
    "Beta Calibration": {
        "Accuracy": 0.907653636445583,
        "Brier Score": 0.073092149685032,
        "Log Loss": 0.26607039262696897,
        "ECE": 0.04024905758563351
    },
    "BBQ": {
        "Accuracy": 0.9072627968601121,
        "Brier Score": 0.07325458960950917,
        "Log Loss": 0.26730351272471087,
        "ECE": 0.040614492001430975
    },
    "Venn-Abers": {
        "Accuracy": 0.9065550556825726,
        "Brier Score": 0.0738525386054215,
        "Log Loss": 0.26956627322499405,
        "ECE": 0.035596103446682396
    }
}