{
    "Base Model": {
        "Accuracy": 0.63388,
        "Brier Score": 0.29118639755842995,
        "Log Loss": 6.60481163347753,
        "ECE": 0.26288643072228873
    },
    "Platt Scaling": {
        "Accuracy": 0.63402,
        "Brier Score": 0.22604536909665765,
        "Log Loss": 0.6438847254078207,
        "ECE": 0.06189607728535849
    },
    "Isotonic Regression": {
        "Accuracy": 0.63437,
        "Brier Score": 0.22439904314512338,
        "Log Loss": 0.6404567840548665,
        "ECE": 0.01561179809498705
    },
    "Beta Calibration": {
        "Accuracy": 0.62889,
        "Brier Score": 0.22488125225692795,
        "Log Loss": 0.6414321896004123,
        "ECE": 0.050903742566884444
    },
    "BBQ": {
        "Accuracy": 0.6333199999999999,
        "Brier Score": 0.22588545016367306,
        "Log Loss": 0.6436542831961798,
        "ECE": 0.05425314648697478
    },
    "Venn-Abers": {
        "Accuracy": 0.6359800000000001,
        "Brier Score": 0.22524098357496591,
        "Log Loss": 0.642559759464662,
        "ECE": 0.03904404625665336
    }
}