{
    "Base Model": {
        "Accuracy": 0.8441106258583307,
        "Brier Score": 0.12333241142131943,
        "Log Loss": 2.479055885889933,
        "ECE": 0.09922131040043349
    },
    "Platt Scaling": {
        "Accuracy": 0.8446781121802373,
        "Brier Score": 0.11762322841432478,
        "Log Loss": 0.38715085503648267,
        "ECE": 0.06360776257795331
    },
    "Isotonic Regression": {
        "Accuracy": 0.8455187795033935,
        "Brier Score": 0.11546058986088889,
        "Log Loss": 0.38121643227879054,
        "ECE": 0.02165590630847024
    },
    "Beta Calibration": {
        "Accuracy": 0.82644721183271,
        "Brier Score": 0.12053120269770703,
        "Log Loss": 0.3916892177611072,
        "ECE": 0.08340221570262045
    },
    "BBQ": {
        "Accuracy": 0.8441738553014478,
        "Brier Score": 0.11623483489118382,
        "Log Loss": 0.3834327038729402,
        "ECE": 0.04925581488985361
    },
    "Venn-Abers": {
        "Accuracy": 0.842440457791104,
        "Brier Score": 0.11659549911579972,
        "Log Loss": 0.3844272467262315,
        "ECE": 0.03489241343361221
    }
}