{
    "Base Model": {
        "Accuracy": 0.9124005482916415,
        "Brier Score": 0.07430268085771324,
        "Log Loss": 1.5996314230198427,
        "ECE": 0.13839891332435578
    },
    "Platt Scaling": {
        "Accuracy": 0.9403380440809898,
        "Brier Score": 0.05538572244375151,
        "Log Loss": 0.2209310187155772,
        "ECE": 0.017058994286348113
    },
    "Isotonic Regression": {
        "Accuracy": 0.9402362162694403,
        "Brier Score": 0.05545824934979377,
        "Log Loss": 0.2222317118180378,
        "ECE": 0.009725767959285689
    },
    "Beta Calibration": {
        "Accuracy": 0.9402158496706623,
        "Brier Score": 0.05555801025648838,
        "Log Loss": 0.22208188987989488,
        "ECE": 0.020904944555727528
    },
    "BBQ": {
        "Accuracy": 0.9403380440809898,
        "Brier Score": 0.05564999215065496,
        "Log Loss": 0.22293251762569352,
        "ECE": 0.016283241222168558
    },
    "Venn-Abers": {
        "Accuracy": 0.9398086161595747,
        "Brier Score": 0.056176207643127966,
        "Log Loss": 0.22404117644669,
        "ECE": 0.024450310129952024
    }
}