{
    "Base Model": {
        "Accuracy": 0.9837253045423249,
        "Brier Score": 0.014157465377118632,
        "Log Loss": 0.32093905504100556,
        "ECE": 0.037118953575403485
    },
    "Platt Scaling": {
        "Accuracy": 0.9847536711814554,
        "Brier Score": 0.013208780130761927,
        "Log Loss": 0.0621575151974714,
        "ECE": 0.0201634251823877
    },
    "Isotonic Regression": {
        "Accuracy": 0.9849146289873595,
        "Brier Score": 0.013020139559554873,
        "Log Loss": 0.06397054328512873,
        "ECE": 0.014042077976940365
    },
    "Beta Calibration": {
        "Accuracy": 0.9845926853863667,
        "Brier Score": 0.014766058182677042,
        "Log Loss": 0.07674144518787049,
        "ECE": 0.043458701037417106
    },
    "BBQ": {
        "Accuracy": 0.984431747572738,
        "Brier Score": 0.013623063647890536,
        "Log Loss": 0.06474099586960641,
        "ECE": 0.027515058925974688
    },
    "Venn-Abers": {
        "Accuracy": 0.9841723637986283,
        "Brier Score": 0.013613127430961398,
        "Log Loss": 0.06458296926966475,
        "ECE": 0.02192615950716551
    }
}