{
    "Base Model": {
        "Accuracy": 0.9433016734509272,
        "Brier Score": 0.04009901309699797,
        "Log Loss": 0.501886253325909,
        "ECE": 0.03569817682675174
    },
    "Platt Scaling": {
        "Accuracy": 0.9438805970149253,
        "Brier Score": 0.04242593071713682,
        "Log Loss": 0.15548774683546365,
        "ECE": 0.06041037060791757
    },
    "Isotonic Regression": {
        "Accuracy": 0.9438896426956128,
        "Brier Score": 0.03954971769105872,
        "Log Loss": 0.14313464389354705,
        "ECE": 0.01772798301372853
    },
    "Beta Calibration": {
        "Accuracy": 0.9345906829488918,
        "Brier Score": 0.04215291029354913,
        "Log Loss": 0.14849630187404292,
        "ECE": 0.05883171647594858
    },
    "BBQ": {
        "Accuracy": 0.9437087290818635,
        "Brier Score": 0.03988036690643232,
        "Log Loss": 0.14454709905126598,
        "ECE": 0.030652837944910444
    },
    "Venn-Abers": {
        "Accuracy": 0.9404613297150612,
        "Brier Score": 0.041264497235329475,
        "Log Loss": 0.1498968236440248,
        "ECE": 0.030909739755988475
    }
}