{
    "Base Model": {
        "Accuracy": 0.8144726301735649,
        "Brier Score": 0.15505971327830964,
        "Log Loss": 3.8469347083486145,
        "ECE": 0.1352680015985019
    },
    "Platt Scaling": {
        "Accuracy": 0.8145660881174899,
        "Brier Score": 0.1397131661750187,
        "Log Loss": 0.44681035050175294,
        "ECE": 0.05379248823340563
    },
    "Isotonic Regression": {
        "Accuracy": 0.8150400534045393,
        "Brier Score": 0.13800765557239583,
        "Log Loss": 0.4425514524679248,
        "ECE": 0.018601578301010998
    },
    "Beta Calibration": {
        "Accuracy": 0.8047329773030709,
        "Brier Score": 0.13964033010114502,
        "Log Loss": 0.44580622278432896,
        "ECE": 0.05316597003893096
    },
    "BBQ": {
        "Accuracy": 0.8151935914552736,
        "Brier Score": 0.1382761378924331,
        "Log Loss": 0.4433912523586159,
        "ECE": 0.03617412616060048
    },
    "Venn-Abers": {
        "Accuracy": 0.8125033377837115,
        "Brier Score": 0.13908937604419308,
        "Log Loss": 0.44541165186617787,
        "ECE": 0.03091712017661147
    }
}