{
    "Base Model": {
        "Accuracy": 0.6352320272707792,
        "Brier Score": 0.2910493857617328,
        "Log Loss": 6.471486235614968,
        "ECE": 0.2633685913421726
    },
    "Platt Scaling": {
        "Accuracy": 0.6355785461166531,
        "Brier Score": 0.2263519997526005,
        "Log Loss": 0.6446557897184101,
        "ECE": 0.06690597746190208
    },
    "Isotonic Regression": {
        "Accuracy": 0.6353073171008619,
        "Brier Score": 0.22488093693015443,
        "Log Loss": 0.641502786516852,
        "ECE": 0.01736403749928086
    },
    "Beta Calibration": {
        "Accuracy": 0.6272151732026561,
        "Brier Score": 0.22641810027230766,
        "Log Loss": 0.6446499504673677,
        "ECE": 0.06565819825945657
    },
    "BBQ": {
        "Accuracy": 0.6353826381526942,
        "Brier Score": 0.226013144824593,
        "Log Loss": 0.6439525160034512,
        "ECE": 0.05349125505584969
    },
    "Venn-Abers": {
        "Accuracy": 0.6366181991578643,
        "Brier Score": 0.22544729949188377,
        "Log Loss": 0.6429315135870156,
        "ECE": 0.038549000786644784
    }
}