{
    "Base Model": {
        "Accuracy": 0.7645934772622875,
        "Brier Score": 0.1922838199251434,
        "Log Loss": 4.1377431488794,
        "ECE": 0.21277404396165717
    },
    "Platt Scaling": {
        "Accuracy": 0.8062195682131373,
        "Brier Score": 0.14882581928301264,
        "Log Loss": 0.47060378667880387,
        "ECE": 0.042355661368380225
    },
    "Isotonic Regression": {
        "Accuracy": 0.8057510335323841,
        "Brier Score": 0.1487327252398896,
        "Log Loss": 0.4701282722089182,
        "ECE": 0.020449548904474014
    },
    "Beta Calibration": {
        "Accuracy": 0.8051998162609095,
        "Brier Score": 0.15059376229490448,
        "Log Loss": 0.4758086022060349,
        "ECE": 0.05999019451664008
    },
    "BBQ": {
        "Accuracy": 0.806054203031695,
        "Brier Score": 0.1492076742686181,
        "Log Loss": 0.47173844558423306,
        "ECE": 0.033786374352840313
    },
    "Venn-Abers": {
        "Accuracy": 0.803739090491502,
        "Brier Score": 0.15038722602093307,
        "Log Loss": 0.4738870818739159,
        "ECE": 0.0399825037908806
    }
}