{
    "Base Model": {
        "Accuracy": 0.8079712137784953,
        "Brier Score": 0.15885995152230253,
        "Log Loss": 3.894176448353956,
        "ECE": 0.149759748001093
    },
    "Platt Scaling": {
        "Accuracy": 0.8079864576280015,
        "Brier Score": 0.14287056824856523,
        "Log Loss": 0.4541370091378282,
        "ECE": 0.07828452265576985
    },
    "Isotonic Regression": {
        "Accuracy": 0.8088535976989543,
        "Brier Score": 0.13906825992176045,
        "Log Loss": 0.44491278774096293,
        "ECE": 0.021401444922382246
    },
    "Beta Calibration": {
        "Accuracy": 0.8027533841461651,
        "Brier Score": 0.13971513042730055,
        "Log Loss": 0.4461654198898334,
        "ECE": 0.05555053232209007
    },
    "BBQ": {
        "Accuracy": 0.8092942687987222,
        "Brier Score": 0.13985317936326816,
        "Log Loss": 0.4470229863306487,
        "ECE": 0.05475865840773206
    },
    "Venn-Abers": {
        "Accuracy": 0.8086247663362098,
        "Brier Score": 0.14000457267907923,
        "Log Loss": 0.4482466228832657,
        "ECE": 0.04108792023289876
    }
}