{
    "Base Model": {
        "Accuracy": 0.9867814181398527,
        "Brier Score": 0.011258666908762767,
        "Log Loss": 0.28224679607331643,
        "ECE": 0.016531457593042552
    },
    "Platt Scaling": {
        "Accuracy": 0.9863810955513321,
        "Brier Score": 0.01169934820985882,
        "Log Loss": 0.05391232253482567,
        "ECE": 0.025135419664408628
    },
    "Isotonic Regression": {
        "Accuracy": 0.9866631494752558,
        "Brier Score": 0.011208812399682477,
        "Log Loss": 0.051752290646540924,
        "ECE": 0.012045897274736437
    },
    "Beta Calibration": {
        "Accuracy": 0.9853531032593605,
        "Brier Score": 0.011412636447478374,
        "Log Loss": 0.05137852590491429,
        "ECE": 0.01986982483808198
    },
    "BBQ": {
        "Accuracy": 0.9864629136992952,
        "Brier Score": 0.011580216140777158,
        "Log Loss": 0.05446114813934225,
        "ECE": 0.02061537043921401
    },
    "Venn-Abers": {
        "Accuracy": 0.9860899962386742,
        "Brier Score": 0.011529777557202725,
        "Log Loss": 0.05396441737859577,
        "ECE": 0.015860612331559137
    }
}