{
    "Base Model": {
        "Accuracy": 0.7426030941467183,
        "Brier Score": 0.22246141837902894,
        "Log Loss": 6.1773813788861505,
        "ECE": 0.22857305203398087
    },
    "Platt Scaling": {
        "Accuracy": 0.7519170613130344,
        "Brier Score": 0.17413092941619543,
        "Log Loss": 0.5276500988105163,
        "ECE": 0.06197060122897569
    },
    "Isotonic Regression": {
        "Accuracy": 0.7542116421982193,
        "Brier Score": 0.17218373566809764,
        "Log Loss": 0.5229266740516493,
        "ECE": 0.01658468691694902
    },
    "Beta Calibration": {
        "Accuracy": 0.7552001615088865,
        "Brier Score": 0.17219664781227412,
        "Log Loss": 0.5229189899181695,
        "ECE": 0.04340794099723449
    },
    "BBQ": {
        "Accuracy": 0.7524292858521048,
        "Brier Score": 0.17344854095290213,
        "Log Loss": 0.5259261863391168,
        "ECE": 0.051326602649679184
    },
    "Venn-Abers": {
        "Accuracy": 0.7536131579084597,
        "Brier Score": 0.17347115515679526,
        "Log Loss": 0.5263274599150942,
        "ECE": 0.037483442337992286
    }
}