{
    "Base Model": {
        "Accuracy": 0.9987429775280898,
        "Brier Score": 0.0012478227251808964,
        "Log Loss": 0.033531637578258396,
        "ECE": 0.011594343241409844
    },
    "Platt Scaling": {
        "Accuracy": 0.9987710674157304,
        "Brier Score": 0.0011083598095556748,
        "Log Loss": 0.007407692724641264,
        "ECE": 0.005315145344890405
    },
    "Isotonic Regression": {
        "Accuracy": 0.9987851123595506,
        "Brier Score": 0.00110634569676959,
        "Log Loss": 0.012220403254638907,
        "ECE": 0.00435346656244937
    },
    "Beta Calibration": {
        "Accuracy": 0.9987710674157304,
        "Brier Score": 0.001121088923029856,
        "Log Loss": 0.009683590351650393,
        "ECE": 0.006051796060812973
    },
    "BBQ": {
        "Accuracy": 0.9987640449438203,
        "Brier Score": 0.0011325700148920894,
        "Log Loss": 0.011191735227239536,
        "ECE": 0.0061235831865516935
    },
    "Venn-Abers": {
        "Accuracy": 0.9983356741573033,
        "Brier Score": 0.0014008579244056297,
        "Log Loss": 0.009167793047307235,
        "ECE": 0.005197401954194363
    }
}