{
    "Base Model": {
        "Accuracy": 0.7398986078173624,
        "Brier Score": 0.22340874219550655,
        "Log Loss": 6.084179411939099,
        "ECE": 0.21197397647061358
    },
    "Platt Scaling": {
        "Accuracy": 0.7407605551355416,
        "Brier Score": 0.18372462837029435,
        "Log Loss": 0.5520684125995072,
        "ECE": 0.07219914993665161
    },
    "Isotonic Regression": {
        "Accuracy": 0.7500742249190452,
        "Brier Score": 0.17985057979956515,
        "Log Loss": 0.5436097720751148,
        "ECE": 0.016646565837181725
    },
    "Beta Calibration": {
        "Accuracy": 0.7511355167395974,
        "Brier Score": 0.18007425619559314,
        "Log Loss": 0.5440881900864412,
        "ECE": 0.03813058238026462
    },
    "BBQ": {
        "Accuracy": 0.7496176849908832,
        "Brier Score": 0.18034460514854797,
        "Log Loss": 0.5447775405166567,
        "ECE": 0.039439776605386195
    },
    "Venn-Abers": {
        "Accuracy": 0.7503123987096895,
        "Brier Score": 0.18067700963351502,
        "Log Loss": 0.5458152770782161,
        "ECE": 0.03267982728740368
    }
}