{
    "Base Model": {
        "Accuracy": 0.9296108073335476,
        "Brier Score": 0.05540767572646665,
        "Log Loss": 1.1629415106035537,
        "ECE": 0.08420516983913082
    },
    "Platt Scaling": {
        "Accuracy": 0.9329559343840462,
        "Brier Score": 0.05428739612361334,
        "Log Loss": 0.2078011498740344,
        "ECE": 0.07710175741126525
    },
    "Isotonic Regression": {
        "Accuracy": 0.9426246381473143,
        "Brier Score": 0.04879558553727453,
        "Log Loss": 0.19048278368362356,
        "ECE": 0.013874715159275415
    },
    "Beta Calibration": {
        "Accuracy": 0.9430299131553553,
        "Brier Score": 0.04943364930918952,
        "Log Loss": 0.19200369115084195,
        "ECE": 0.032394906749088154
    },
    "BBQ": {
        "Accuracy": 0.9428176262463817,
        "Brier Score": 0.04900824350941984,
        "Log Loss": 0.19125414928356346,
        "ECE": 0.02502459221216323
    },
    "Venn-Abers": {
        "Accuracy": 0.9423994853650691,
        "Brier Score": 0.04946121853897797,
        "Log Loss": 0.1935216406710221,
        "ECE": 0.022677520964280894
    }
}