{
    "Base Model": {
        "Accuracy": 0.9266093255579342,
        "Brier Score": 0.0615141891352778,
        "Log Loss": 1.3528213610393995,
        "ECE": 0.06567582466731485
    },
    "Platt Scaling": {
        "Accuracy": 0.9269598681134815,
        "Brier Score": 0.06046521593945798,
        "Log Loss": 0.22712241147821274,
        "ECE": 0.05593132860099501
    },
    "Isotonic Regression": {
        "Accuracy": 0.9278156344578136,
        "Brier Score": 0.059453396837501955,
        "Log Loss": 0.22414538930614686,
        "ECE": 0.01964139573934324
    },
    "Beta Calibration": {
        "Accuracy": 0.9113194557220541,
        "Brier Score": 0.06564213752140514,
        "Log Loss": 0.2371565548023272,
        "ECE": 0.09189813192166583
    },
    "BBQ": {
        "Accuracy": 0.9261323195787505,
        "Brier Score": 0.06037228684238074,
        "Log Loss": 0.22750057702950582,
        "ECE": 0.05142309910254829
    },
    "Venn-Abers": {
        "Accuracy": 0.9254307423537808,
        "Brier Score": 0.060836561753896755,
        "Log Loss": 0.22927981850472434,
        "ECE": 0.040277227568550636
    }
}