{
    "ECE": {
        "Statistic": 51.781609195402275,
        "p-value": 5.980788706040072e-10
    },
    "Log Loss": {
        "Statistic": 52.81021897810215,
        "p-value": 3.679019358310743e-10
    }
}