{
    "Base Model": {
        "Accuracy": 0.8126066350710901,
        "Brier Score": 0.15688122257328418,
        "Log Loss": 3.799261229630037,
        "ECE": 0.14505298185337878
    },
    "Platt Scaling": {
        "Accuracy": 0.8173459715639811,
        "Brier Score": 0.13954579840526043,
        "Log Loss": 0.44596155119134073,
        "ECE": 0.061686431604382384
    },
    "Isotonic Regression": {
        "Accuracy": 0.8164928909952606,
        "Brier Score": 0.1382339197926827,
        "Log Loss": 0.4427705859223446,
        "ECE": 0.03036261173979243
    },
    "Beta Calibration": {
        "Accuracy": 0.8116587677725119,
        "Brier Score": 0.14034175058923234,
        "Log Loss": 0.44719104846165203,
        "ECE": 0.06470302959489084
    },
    "BBQ": {
        "Accuracy": 0.8178199052132703,
        "Brier Score": 0.14224185542421558,
        "Log Loss": 0.45396731719810896,
        "ECE": 0.07327069734713078
    },
    "Venn-Abers": {
        "Accuracy": 0.8022748815165877,
        "Brier Score": 0.14675622797217103,
        "Log Loss": 0.46587496697170644,
        "ECE": 0.07868918628921003
    }
}