{
    "Base Model": {
        "Accuracy": 0.9880000000000001,
        "Brier Score": 0.010539530667359536,
        "Log Loss": 0.2708416577586923,
        "ECE": 0.02210191366075156
    },
    "Platt Scaling": {
        "Accuracy": 0.9878,
        "Brier Score": 0.010803912867818934,
        "Log Loss": 0.05425112171742412,
        "ECE": 0.022479013488750227
    },
    "Isotonic Regression": {
        "Accuracy": 0.9872,
        "Brier Score": 0.011055374978741022,
        "Log Loss": 0.13144532031010825,
        "ECE": 0.020686581228564163
    },
    "Beta Calibration": {
        "Accuracy": 0.98655,
        "Brier Score": 0.01126602142968618,
        "Log Loss": 0.09495357484402017,
        "ECE": 0.02728874140232183
    },
    "BBQ": {
        "Accuracy": 0.988,
        "Brier Score": 0.01134211026277616,
        "Log Loss": 0.10340632199999263,
        "ECE": 0.021886633191993275
    },
    "Venn-Abers": {
        "Accuracy": 0.9866500000000002,
        "Brier Score": 0.013045506269780722,
        "Log Loss": 0.06508148937061893,
        "ECE": 0.026979931231905962
    }
}