{
    "Base Model": {
        "Accuracy": 0.9780621101526212,
        "Brier Score": 0.019279747680639756,
        "Log Loss": 0.48638115038229884,
        "ECE": 0.021596986666579863
    },
    "Platt Scaling": {
        "Accuracy": 0.9780621101526212,
        "Brier Score": 0.019400811085399802,
        "Log Loss": 0.09152639964424145,
        "ECE": 0.02237346992113255
    },
    "Isotonic Regression": {
        "Accuracy": 0.9772568015925681,
        "Brier Score": 0.020343384749469774,
        "Log Loss": 0.18704282322546234,
        "ECE": 0.023883775358433345
    },
    "Beta Calibration": {
        "Accuracy": 0.9767474452554745,
        "Brier Score": 0.02026321701408967,
        "Log Loss": 0.15115316552399727,
        "ECE": 0.030905159350322228
    },
    "BBQ": {
        "Accuracy": 0.9777685467816856,
        "Brier Score": 0.020519069091444922,
        "Log Loss": 0.15327373502407549,
        "ECE": 0.029811789757261696
    },
    "Venn-Abers": {
        "Accuracy": 0.9763814200398141,
        "Brier Score": 0.0223914050727751,
        "Log Loss": 0.10973297546046651,
        "ECE": 0.030509878714130582
    }
}