{
    "Base Model": {
        "Accuracy": 0.7153553129161118,
        "Brier Score": 0.2503932292551701,
        "Log Loss": 7.133656606810442,
        "ECE": 0.23832431674977614
    },
    "Platt Scaling": {
        "Accuracy": 0.716288362183755,
        "Brier Score": 0.19762024998280414,
        "Log Loss": 0.583410560584596,
        "ECE": 0.06123185544820159
    },
    "Isotonic Regression": {
        "Accuracy": 0.717994176653351,
        "Brier Score": 0.19624992841475605,
        "Log Loss": 0.580627202997661,
        "ECE": 0.020827903618616844
    },
    "Beta Calibration": {
        "Accuracy": 0.7119681846426986,
        "Brier Score": 0.19727987419959855,
        "Log Loss": 0.5826856202855623,
        "ECE": 0.05766278514485482
    },
    "BBQ": {
        "Accuracy": 0.7187938215712383,
        "Brier Score": 0.19847077778946773,
        "Log Loss": 0.5857242909487917,
        "ECE": 0.0637733343259943
    },
    "Venn-Abers": {
        "Accuracy": 0.7216998135818907,
        "Brier Score": 0.1983757865901447,
        "Log Loss": 0.5860563864063743,
        "ECE": 0.045744939302643076
    }
}