{
    "Base Model": {
        "Accuracy": 0.9910389610389609,
        "Brier Score": 0.00797313237384099,
        "Log Loss": 0.21537147407704427,
        "ECE": 0.022596119976118673
    },
    "Platt Scaling": {
        "Accuracy": 0.9912121212121212,
        "Brier Score": 0.008006635343483184,
        "Log Loss": 0.04302621720436248,
        "ECE": 0.02048665506917446
    },
    "Isotonic Regression": {
        "Accuracy": 0.9910389610389609,
        "Brier Score": 0.008438917704755048,
        "Log Loss": 0.08386531803184828,
        "ECE": 0.015589929781124268
    },
    "Beta Calibration": {
        "Accuracy": 0.9907792207792205,
        "Brier Score": 0.008351047998180212,
        "Log Loss": 0.06320312636310944,
        "ECE": 0.02289944494134418
    },
    "BBQ": {
        "Accuracy": 0.9912987012987011,
        "Brier Score": 0.008430741950463392,
        "Log Loss": 0.07610012957435108,
        "ECE": 0.019953536814451386
    },
    "Venn-Abers": {
        "Accuracy": 0.9903463203463204,
        "Brier Score": 0.009320223164113262,
        "Log Loss": 0.05398324292577914,
        "ECE": 0.02146351021782838
    }
}