{
    "Base Model": {
        "Accuracy": 0.983536318442918,
        "Brier Score": 0.013170046899888092,
        "Log Loss": 0.28304488743420814,
        "ECE": 0.02846183105640556
    },
    "Platt Scaling": {
        "Accuracy": 0.984331652818522,
        "Brier Score": 0.013346033838480442,
        "Log Loss": 0.060499776375498984,
        "ECE": 0.02863673695857055
    },
    "Isotonic Regression": {
        "Accuracy": 0.9835894391062239,
        "Brier Score": 0.013131649817470266,
        "Log Loss": 0.07035700180526998,
        "ECE": 0.019561535954332628
    },
    "Beta Calibration": {
        "Accuracy": 0.9829265550617459,
        "Brier Score": 0.01294731876097055,
        "Log Loss": 0.06132307374075234,
        "ECE": 0.022966579864649016
    },
    "BBQ": {
        "Accuracy": 0.9834040437753615,
        "Brier Score": 0.013609050203045394,
        "Log Loss": 0.06483629102926317,
        "ECE": 0.029781589566642373
    },
    "Venn-Abers": {
        "Accuracy": 0.9831127233123124,
        "Brier Score": 0.013938860893995788,
        "Log Loss": 0.06363053838143846,
        "ECE": 0.02261882073845677
    }
}