{
    "Base Model": {
        "Accuracy": 0.9113029315960911,
        "Brier Score": 0.0746060804048876,
        "Log Loss": 1.7851827745002624,
        "ECE": 0.07831897605989341
    },
    "Platt Scaling": {
        "Accuracy": 0.9111072794221782,
        "Brier Score": 0.07260769844936907,
        "Log Loss": 0.26467183770049035,
        "ECE": 0.06183369825696127
    },
    "Isotonic Regression": {
        "Accuracy": 0.9112159278666856,
        "Brier Score": 0.07145847703358595,
        "Log Loss": 0.2609437124870622,
        "ECE": 0.025721784125266125
    },
    "Beta Calibration": {
        "Accuracy": 0.9025437379030353,
        "Brier Score": 0.07399361325764485,
        "Log Loss": 0.26578043579369,
        "ECE": 0.07265002284563861
    },
    "BBQ": {
        "Accuracy": 0.9105854458764102,
        "Brier Score": 0.07239234415606222,
        "Log Loss": 0.26481583811751225,
        "ECE": 0.05584666659180879
    },
    "Venn-Abers": {
        "Accuracy": 0.9100640371996411,
        "Brier Score": 0.07238170197359438,
        "Log Loss": 0.2659613465692069,
        "ECE": 0.041117939195734615
    }
}