{
    "Base Model": {
        "Accuracy": 0.7090926067396655,
        "Brier Score": 0.23343470779819597,
        "Log Loss": 5.28902078353207,
        "ECE": 0.22396542949419945
    },
    "Platt Scaling": {
        "Accuracy": 0.7098786181139123,
        "Brier Score": 0.19300093823580522,
        "Log Loss": 0.5708741045991867,
        "ECE": 0.08855961892006002
    },
    "Isotonic Regression": {
        "Accuracy": 0.7144503862150919,
        "Brier Score": 0.19225719325667331,
        "Log Loss": 0.5705784297167993,
        "ECE": 0.04118379595215692
    },
    "Beta Calibration": {
        "Accuracy": 0.7045344198285375,
        "Brier Score": 0.193525997785725,
        "Log Loss": 0.5724658358360781,
        "ECE": 0.09456949060236805
    },
    "BBQ": {
        "Accuracy": 0.7121008403361343,
        "Brier Score": 0.19588564397596162,
        "Log Loss": 0.5799191269936655,
        "ECE": 0.0886588576293292
    },
    "Venn-Abers": {
        "Accuracy": 0.7071343688990747,
        "Brier Score": 0.19826332246820308,
        "Log Loss": 0.5850133660362625,
        "ECE": 0.06653955395757273
    }
}