{
    "Base Model": {
        "Accuracy": 0.8326086956521738,
        "Brier Score": 0.13734975703915492,
        "Log Loss": 3.0672419413713485,
        "ECE": 0.13146573143904436
    },
    "Platt Scaling": {
        "Accuracy": 0.8295652173913042,
        "Brier Score": 0.1309754952747131,
        "Log Loss": 0.4254429890007914,
        "ECE": 0.102165273762851
    },
    "Isotonic Regression": {
        "Accuracy": 0.8327536231884056,
        "Brier Score": 0.1284309274828463,
        "Log Loss": 0.42396488203856386,
        "ECE": 0.06097868381184288
    },
    "Beta Calibration": {
        "Accuracy": 0.8076811594202897,
        "Brier Score": 0.13623200057003385,
        "Log Loss": 0.4385489927511448,
        "ECE": 0.12662522885260963
    },
    "BBQ": {
        "Accuracy": 0.8344927536231885,
        "Brier Score": 0.13267030020477996,
        "Log Loss": 0.4376556878995266,
        "ECE": 0.10052751153283909
    },
    "Venn-Abers": {
        "Accuracy": 0.8285507246376811,
        "Brier Score": 0.13472304690907516,
        "Log Loss": 0.4363927934898934,
        "ECE": 0.08525172468410744
    }
}