{
    "Base Model": {
        "Accuracy": 0.9372014388489208,
        "Brier Score": 0.048677751908126884,
        "Log Loss": 1.0126368110597597,
        "ECE": 0.05252773422355778
    },
    "Platt Scaling": {
        "Accuracy": 0.9379146968139774,
        "Brier Score": 0.0494532003639139,
        "Log Loss": 0.1930073049514659,
        "ECE": 0.05367915338074868
    },
    "Isotonic Regression": {
        "Accuracy": 0.9426330935251799,
        "Brier Score": 0.047847863403785496,
        "Log Loss": 0.346060638019391,
        "ECE": 0.03205350807643433
    },
    "Beta Calibration": {
        "Accuracy": 0.9381932168550874,
        "Brier Score": 0.049144119800831776,
        "Log Loss": 0.25686138728784236,
        "ECE": 0.05366646936555668
    },
    "BBQ": {
        "Accuracy": 0.9412065775950669,
        "Brier Score": 0.05017909363109764,
        "Log Loss": 0.2307803862906822,
        "ECE": 0.05303420129529846
    },
    "Venn-Abers": {
        "Accuracy": 0.9380472764645427,
        "Brier Score": 0.051725755244863975,
        "Log Loss": 0.2059531934639901,
        "ECE": 0.058367884889320674
    }
}