{
    "Base Model": {
        "Accuracy": 0.9163374418223915,
        "Brier Score": 0.07235615787593312,
        "Log Loss": 1.9217244210560127,
        "ECE": 0.1375975844773366
    },
    "Platt Scaling": {
        "Accuracy": 0.9360699612539076,
        "Brier Score": 0.05388934730224473,
        "Log Loss": 0.20860721533058013,
        "ECE": 0.03545607313302445
    },
    "Isotonic Regression": {
        "Accuracy": 0.9359907539506203,
        "Brier Score": 0.053492718343437405,
        "Log Loss": 0.20712577665898366,
        "ECE": 0.021266543751536388
    },
    "Beta Calibration": {
        "Accuracy": 0.9364246010399856,
        "Brier Score": 0.05341913254907617,
        "Log Loss": 0.20634406807716982,
        "ECE": 0.030905471115094868
    },
    "BBQ": {
        "Accuracy": 0.9364246789999298,
        "Brier Score": 0.054460771578862255,
        "Log Loss": 0.2117092289866135,
        "ECE": 0.03952043273230252
    },
    "Venn-Abers": {
        "Accuracy": 0.9335035198914798,
        "Brier Score": 0.055342640599326975,
        "Log Loss": 0.2144930983893936,
        "ECE": 0.04035742329334359
    }
}