{
    "Base Model": {
        "Accuracy": 0.9756723645261195,
        "Brier Score": 0.02164523084930425,
        "Log Loss": 0.5737671953366013,
        "ECE": 0.07878455697522734
    },
    "Platt Scaling": {
        "Accuracy": 0.9859333025340931,
        "Brier Score": 0.013881055671792288,
        "Log Loss": 0.07557241326524276,
        "ECE": 0.005711335844624407
    },
    "Isotonic Regression": {
        "Accuracy": 0.9858918946665983,
        "Brier Score": 0.013974118585689024,
        "Log Loss": 0.07594201014031783,
        "ECE": 0.007066244023466617
    },
    "Beta Calibration": {
        "Accuracy": 0.9858918946665983,
        "Brier Score": 0.013951222038897284,
        "Log Loss": 0.0784854873492775,
        "ECE": 0.006929950475999735
    },
    "BBQ": {
        "Accuracy": 0.9859333025340931,
        "Brier Score": 0.013878136921100388,
        "Log Loss": 0.0743199390354853,
        "ECE": 0.0037647807859022223
    },
    "Venn-Abers": {
        "Accuracy": 0.9859333025340931,
        "Brier Score": 0.014265192352822502,
        "Log Loss": 0.07727886212429533,
        "ECE": 0.015815581333388767
    }
}