{
    "Base Model": {
        "Accuracy": 0.7535937360178973,
        "Brier Score": 0.1924828569505801,
        "Log Loss": 2.816829356780669,
        "ECE": 0.16414596986886573
    },
    "Platt Scaling": {
        "Accuracy": 0.7602774049217004,
        "Brier Score": 0.16997807052240682,
        "Log Loss": 0.5192421837493765,
        "ECE": 0.07043503385363617
    },
    "Isotonic Regression": {
        "Accuracy": 0.7606863534675614,
        "Brier Score": 0.1719316775329053,
        "Log Loss": 0.5920237874410668,
        "ECE": 0.045496119333540495
    },
    "Beta Calibration": {
        "Accuracy": 0.7585583892617451,
        "Brier Score": 0.17532773868054755,
        "Log Loss": 0.5658688538820303,
        "ECE": 0.09309342814711095
    },
    "BBQ": {
        "Accuracy": 0.7600250559284114,
        "Brier Score": 0.17275457249666576,
        "Log Loss": 0.5270422533577597,
        "ECE": 0.06931726921296388
    },
    "Venn-Abers": {
        "Accuracy": 0.7535910514541386,
        "Brier Score": 0.1774960012393634,
        "Log Loss": 0.5386332009685776,
        "ECE": 0.07361212195356275
    }
}