{
    "ECE": {
        "Statistic": 33.85057471264366,
        "p-value": 2.5497759213571298e-06
    },
    "Log Loss": {
        "Statistic": 50.51428571428568,
        "p-value": 1.0875032582251203e-09
    }
}