{
    "Base Model vs Platt Scaling": {
        "Statistic": 19.0,
        "p-value": 0.0005855560302734375,
        "Significant": "True",
        "Adjusted p-value": 0.001254762922014509
    },
    "Base Model vs Isotonic Regression": {
        "Statistic": 79.0,
        "p-value": 0.34881019592285156,
        "Significant": "False",
        "Adjusted p-value": 0.4024733029879056
    },
    "Base Model vs Beta Calibration": {
        "Statistic": 17.0,
        "p-value": 0.0003948211669921875,
        "Significant": "True",
        "Adjusted p-value": 0.0009870529174804688
    },
    "Base Model vs BBQ": {
        "Statistic": 30.0,
        "p-value": 0.00365447998046875,
        "Significant": "True",
        "Adjusted p-value": 0.006090799967447917
    },
    "Base Model vs Venn-Abers": {
        "Statistic": 36.0,
        "p-value": 0.00830841064453125,
        "Significant": "True",
        "Adjusted p-value": 0.010385513305664062
    },
    "Platt Scaling vs Isotonic Regression": {
        "Statistic": 1.0,
        "p-value": 3.814697265625e-06,
        "Significant": "True",
        "Adjusted p-value": 2.86102294921875e-05
    },
    "Platt Scaling vs Beta Calibration": {
        "Statistic": 92.0,
        "p-value": 0.6476554870605469,
        "Significant": "False",
        "Adjusted p-value": 0.6939165932791573
    },
    "Platt Scaling vs BBQ": {
        "Statistic": 8.0,
        "p-value": 4.76837158203125e-05,
        "Significant": "True",
        "Adjusted p-value": 0.00017881393432617188
    },
    "Platt Scaling vs Venn-Abers": {
        "Statistic": 32.0,
        "p-value": 0.00485992431640625,
        "Significant": "True",
        "Adjusted p-value": 0.00662716952237216
    },
    "Isotonic Regression vs Beta Calibration": {
        "Statistic": 0.0,
        "p-value": 1.9073486328125e-06,
        "Significant": "True",
        "Adjusted p-value": 2.86102294921875e-05
    },
    "Isotonic Regression vs BBQ": {
        "Statistic": 2.0,
        "p-value": 5.7220458984375e-06,
        "Significant": "True",
        "Adjusted p-value": 2.86102294921875e-05
    },
    "Isotonic Regression vs Venn-Abers": {
        "Statistic": 13.0,
        "p-value": 0.0001678466796875,
        "Significant": "True",
        "Adjusted p-value": 0.0005035400390625
    },
    "Beta Calibration vs BBQ": {
        "Statistic": 31.0,
        "p-value": 0.0042209625244140625,
        "Significant": "True",
        "Adjusted p-value": 0.006331443786621094
    },
    "Beta Calibration vs Venn-Abers": {
        "Statistic": 22.0,
        "p-value": 0.0010166168212890625,
        "Significant": "True",
        "Adjusted p-value": 0.0019061565399169922
    },
    "BBQ vs Venn-Abers": {
        "Statistic": 97.0,
        "p-value": 0.7841262817382812,
        "Significant": "False",
        "Adjusted p-value": 0.7841262817382812
    }
}