{
    "Base Model": {
        "Accuracy": 0.9340599999999999,
        "Brier Score": 0.048311402033782,
        "Log Loss": 0.1619528770885327,
        "ECE": 0.03784662008655659
    },
    "Platt Scaling": {
        "Accuracy": 0.9350399999999999,
        "Brier Score": 0.0482282476472228,
        "Log Loss": 0.16481828452303943,
        "ECE": 0.03549743886516308
    },
    "Isotonic Regression": {
        "Accuracy": 0.93416,
        "Brier Score": 0.04751687021735873,
        "Log Loss": 0.18200783222307426,
        "ECE": 0.021300860633474535
    },
    "Beta Calibration": {
        "Accuracy": 0.9352300000000001,
        "Brier Score": 0.04681729649402197,
        "Log Loss": 0.15148196705120662,
        "ECE": 0.007896389054883485
    },
    "BBQ": {
        "Accuracy": 0.93403,
        "Brier Score": 0.04761537793130608,
        "Log Loss": 0.15829968708651043,
        "ECE": 0.02360658597091635
    },
    "Venn-Abers": {
        "Accuracy": 0.92824,
        "Brier Score": 0.05160679205629652,
        "Log Loss": 0.1683026116469049,
        "ECE": 0.04467413393815928
    }
}