{
    "Base Model": {
        "Accuracy": 0.9381712694464374,
        "Brier Score": 0.04524749952454861,
        "Log Loss": 0.1503916334404095,
        "ECE": 0.018170799369187293
    },
    "Platt Scaling": {
        "Accuracy": 0.9382201094952773,
        "Brier Score": 0.0479668170594118,
        "Log Loss": 0.17406688923360417,
        "ECE": 0.04680466200146353
    },
    "Isotonic Regression": {
        "Accuracy": 0.938159066883899,
        "Brier Score": 0.04547284805975537,
        "Log Loss": 0.1810484107766699,
        "ECE": 0.02096803259765547
    },
    "Beta Calibration": {
        "Accuracy": 0.9380492065726965,
        "Brier Score": 0.044935154433820526,
        "Log Loss": 0.1490707234752654,
        "ECE": 0.011085899175054634
    },
    "BBQ": {
        "Accuracy": 0.9367064479145015,
        "Brier Score": 0.04695892082975316,
        "Log Loss": 0.1689813245975122,
        "ECE": 0.037942217219034825
    },
    "Venn-Abers": {
        "Accuracy": 0.9310914439773499,
        "Brier Score": 0.04964524185176197,
        "Log Loss": 0.16545938992490222,
        "ECE": 0.044141887724716604
    }
}