{
    "Base Model": {
        "Accuracy": 0.9992205056179776,
        "Brier Score": 0.0006873065888987961,
        "Log Loss": 0.004569039288837703,
        "ECE": 8.664419684487492e-05
    },
    "Platt Scaling": {
        "Accuracy": 0.9990660112359552,
        "Brier Score": 0.0008395400386467243,
        "Log Loss": 0.005647305435827926,
        "ECE": 0.0005414687498777715
    },
    "Isotonic Regression": {
        "Accuracy": 0.9991994382022472,
        "Brier Score": 0.0007248725113179072,
        "Log Loss": 0.014841518122396171,
        "ECE": 0.0028687127154436477
    },
    "Beta Calibration": {
        "Accuracy": 0.9992345505617977,
        "Brier Score": 0.0006999094136162684,
        "Log Loss": 0.005979927336943505,
        "ECE": 0.000153378843556296
    },
    "BBQ": {
        "Accuracy": 0.9992275280898876,
        "Brier Score": 0.0007561766174165375,
        "Log Loss": 0.008462294122727669,
        "ECE": 0.0019490686938783426
    },
    "Venn-Abers": {
        "Accuracy": 0.9983918539325842,
        "Brier Score": 0.0014012586704590547,
        "Log Loss": 0.007771928171204284,
        "ECE": 0.008995713991322467
    }
}