{
    "Base Model": {
        "Accuracy": 0.9960425348439876,
        "Brier Score": 0.00315880873208145,
        "Log Loss": 0.012553986328934043,
        "ECE": 0.0004487719232756059
    },
    "Platt Scaling": {
        "Accuracy": 0.9961062415251205,
        "Brier Score": 0.00328333881654765,
        "Log Loss": 0.016288714920011726,
        "ECE": 0.0009527933857517949
    },
    "Isotonic Regression": {
        "Accuracy": 0.9960061588090541,
        "Brier Score": 0.003291255371803396,
        "Log Loss": 0.0332714348659479,
        "ECE": 0.008695920029324523
    },
    "Beta Calibration": {
        "Accuracy": 0.9960607580333687,
        "Brier Score": 0.0031345596030723337,
        "Log Loss": 0.013164471510204312,
        "ECE": 0.0010905006064780458
    },
    "BBQ": {
        "Accuracy": 0.9957696090662435,
        "Brier Score": 0.0035746555656374114,
        "Log Loss": 0.020647468386692684,
        "ECE": 0.016898095402810315
    },
    "Venn-Abers": {
        "Accuracy": 0.9951783236734706,
        "Brier Score": 0.003977830874602873,
        "Log Loss": 0.018558284318797535,
        "ECE": 0.02388855917086667
    }
}