{
    "Base Model": {
        "Accuracy": 0.8827157809983897,
        "Brier Score": 0.08568493854287354,
        "Log Loss": 0.27644692910315066,
        "ECE": 0.011148579329230386
    },
    "Platt Scaling": {
        "Accuracy": 0.8820127625312639,
        "Brier Score": 0.08755381915070641,
        "Log Loss": 0.2912702910666939,
        "ECE": 0.04012592415734271
    },
    "Isotonic Regression": {
        "Accuracy": 0.88127243293247,
        "Brier Score": 0.08672364659963902,
        "Log Loss": 0.3196257163330962,
        "ECE": 0.028186408793017884
    },
    "Beta Calibration": {
        "Accuracy": 0.8821791893651283,
        "Brier Score": 0.085893708476052,
        "Log Loss": 0.27720089299479844,
        "ECE": 0.015199347968852353
    },
    "BBQ": {
        "Accuracy": 0.8802362010484118,
        "Brier Score": 0.08782153970348054,
        "Log Loss": 0.2919737957878418,
        "ECE": 0.03963372674434812
    },
    "Venn-Abers": {
        "Accuracy": 0.8678753554664748,
        "Brier Score": 0.09557794982389808,
        "Log Loss": 0.3076293679575113,
        "ECE": 0.06063727390100227
    }
}