{
    "Base Model": {
        "Accuracy": 0.9617819990954318,
        "Brier Score": 0.028650895552569812,
        "Log Loss": 0.09671137679324365,
        "ECE": 0.013084934936546595
    },
    "Platt Scaling": {
        "Accuracy": 0.9616734509271823,
        "Brier Score": 0.02954107887878499,
        "Log Loss": 0.10730840403031258,
        "ECE": 0.026216945651026533
    },
    "Isotonic Regression": {
        "Accuracy": 0.9617367706919944,
        "Brier Score": 0.028474218771824336,
        "Log Loss": 0.11294297172478089,
        "ECE": 0.02051768144894715
    },
    "Beta Calibration": {
        "Accuracy": 0.9618091361374943,
        "Brier Score": 0.028475682335917466,
        "Log Loss": 0.09483358195714293,
        "ECE": 0.010107913392884754
    },
    "BBQ": {
        "Accuracy": 0.9618543645409315,
        "Brier Score": 0.028796338039548695,
        "Log Loss": 0.10250100219505741,
        "ECE": 0.029832099905024424
    },
    "Venn-Abers": {
        "Accuracy": 0.9592220714608775,
        "Brier Score": 0.03037707760397174,
        "Log Loss": 0.10403170817119896,
        "ECE": 0.03777641413977382
    }
}