{
    "Base Model": {
        "Accuracy": 0.8916555407209611,
        "Brier Score": 0.08380193843516551,
        "Log Loss": 0.2845688159083556,
        "ECE": 0.07719354025550214
    },
    "Platt Scaling": {
        "Accuracy": 0.8921028037383177,
        "Brier Score": 0.07835646010203395,
        "Log Loss": 0.2571361087473969,
        "ECE": 0.025672379011191116
    },
    "Isotonic Regression": {
        "Accuracy": 0.8914886515353806,
        "Brier Score": 0.07827796550405076,
        "Log Loss": 0.27139996806746347,
        "ECE": 0.02073562830966608
    },
    "Beta Calibration": {
        "Accuracy": 0.892136181575434,
        "Brier Score": 0.07767705527281983,
        "Log Loss": 0.2517624275730266,
        "ECE": 0.006621102667918072
    },
    "BBQ": {
        "Accuracy": 0.8908744993324433,
        "Brier Score": 0.07863730315988224,
        "Log Loss": 0.25673915027994737,
        "ECE": 0.02700338539428605
    },
    "Venn-Abers": {
        "Accuracy": 0.8863818424566088,
        "Brier Score": 0.08220739262074728,
        "Log Loss": 0.2679546210692705,
        "ECE": 0.03997031314586055
    }
}