{
    "Base Model": {
        "Accuracy": 0.8796052120270074,
        "Brier Score": 0.08993118905090026,
        "Log Loss": 0.3010140091705087,
        "ECE": 0.016455496795121597
    },
    "Platt Scaling": {
        "Accuracy": 0.8796578103127746,
        "Brier Score": 0.0915862695428008,
        "Log Loss": 0.31018374764891865,
        "ECE": 0.041932011807563535
    },
    "Isotonic Regression": {
        "Accuracy": 0.8783653298418684,
        "Brier Score": 0.09041976604486372,
        "Log Loss": 0.324194026322357,
        "ECE": 0.019035804484857137
    },
    "Beta Calibration": {
        "Accuracy": 0.8794372110378571,
        "Brier Score": 0.08969009584775874,
        "Log Loss": 0.2988955738807571,
        "ECE": 0.010487216530758887
    },
    "BBQ": {
        "Accuracy": 0.8779555390206528,
        "Brier Score": 0.09143618617076324,
        "Log Loss": 0.3101867844949603,
        "ECE": 0.035311409508995466
    },
    "Venn-Abers": {
        "Accuracy": 0.8717980841837523,
        "Brier Score": 0.09679054209551877,
        "Log Loss": 0.3227018472477486,
        "ECE": 0.050129612122246654
    }
}