{
    "Base Model": {
        "Accuracy": 0.9410278535781893,
        "Brier Score": 0.04317713967990616,
        "Log Loss": 0.14166407625307822,
        "ECE": 0.02667786836428564
    },
    "Platt Scaling": {
        "Accuracy": 0.9410277641821265,
        "Brier Score": 0.04627298361529022,
        "Log Loss": 0.16879230919723598,
        "ECE": 0.05818300211530665
    },
    "Isotonic Regression": {
        "Accuracy": 0.9402098870555246,
        "Brier Score": 0.0428564853376411,
        "Log Loss": 0.16597029776562044,
        "ECE": 0.017240877646593374
    },
    "Beta Calibration": {
        "Accuracy": 0.9409300989837903,
        "Brier Score": 0.04251310204049559,
        "Log Loss": 0.13913601450634216,
        "ECE": 0.013430522449838576
    },
    "BBQ": {
        "Accuracy": 0.939721568513515,
        "Brier Score": 0.044118860710336605,
        "Log Loss": 0.15886579147551472,
        "ECE": 0.035682965418274384
    },
    "Venn-Abers": {
        "Accuracy": 0.9355956422399374,
        "Brier Score": 0.047121297859034,
        "Log Loss": 0.15498724166759753,
        "ECE": 0.04755490577849568
    }
}