{
    "Base Model": {
        "Accuracy": 0.7081827948291105,
        "Brier Score": 0.19318405085401527,
        "Log Loss": 0.5715182040331591,
        "ECE": 0.02705044993906594
    },
    "Platt Scaling": {
        "Accuracy": 0.7083109033445589,
        "Brier Score": 0.1927587699915051,
        "Log Loss": 0.5686897023947072,
        "ECE": 0.016383176355412893
    },
    "Isotonic Regression": {
        "Accuracy": 0.7073314004231966,
        "Brier Score": 0.19328148201410353,
        "Log Loss": 0.587524284681572,
        "ECE": 0.023949201346427227
    },
    "Beta Calibration": {
        "Accuracy": 0.7086650374590036,
        "Brier Score": 0.19259073251616535,
        "Log Loss": 0.5684280067713618,
        "ECE": 0.012002421729816897
    },
    "BBQ": {
        "Accuracy": 0.7074520497788223,
        "Brier Score": 0.193715244291239,
        "Log Loss": 0.5710133754930272,
        "ECE": 0.032494700204000866
    },
    "Venn-Abers": {
        "Accuracy": 0.6926386721106043,
        "Brier Score": 0.20140291660666837,
        "Log Loss": 0.5896383082154754,
        "ECE": 0.04186305732010878
    }
}