{
    "Base Model": {
        "Accuracy": 0.9998495638133796,
        "Brier Score": 0.00016971258605416757,
        "Log Loss": 0.0011901769041996076,
        "ECE": 0.002808080844663534
    },
    "Platt Scaling": {
        "Accuracy": 0.9998379897393055,
        "Brier Score": 0.00015064460442270773,
        "Log Loss": 0.0018580581326535588,
        "ECE": 0.0013126468128148584
    },
    "Isotonic Regression": {
        "Accuracy": 0.999861131193368,
        "Brier Score": 0.00012010308258076782,
        "Log Loss": 0.0015499226273277288,
        "ECE": 0.001232553853922847
    },
    "Beta Calibration": {
        "Accuracy": 0.9998611378874537,
        "Brier Score": 0.0001310584845663166,
        "Log Loss": 0.0006678131766660413,
        "ECE": 0.0016215983707422812
    },
    "BBQ": {
        "Accuracy": 0.9998727052674421,
        "Brier Score": 0.00012735558662124656,
        "Log Loss": 0.0024625990671237274,
        "ECE": 0.00014912765492568263
    },
    "Venn-Abers": {
        "Accuracy": 0.9993403514127198,
        "Brier Score": 0.0006240612184233684,
        "Log Loss": 0.007790784840535415,
        "ECE": 0.0060096439346580014
    }
}