{
    "Base Model": {
        "Accuracy": 0.9381491270347166,
        "Brier Score": 0.0550366085944926,
        "Log Loss": 0.21184257161274048,
        "ECE": 0.03181908545982815
    },
    "Platt Scaling": {
        "Accuracy": 0.9394625187212057,
        "Brier Score": 0.054685041869698414,
        "Log Loss": 0.2137639197500524,
        "ECE": 0.026390410317119053
    },
    "Isotonic Regression": {
        "Accuracy": 0.9400835704254185,
        "Brier Score": 0.053925816174197644,
        "Log Loss": 0.22718273423209442,
        "ECE": 0.013230106481381428
    },
    "Beta Calibration": {
        "Accuracy": 0.9403380440809898,
        "Brier Score": 0.05360718414180954,
        "Log Loss": 0.2060172986780211,
        "ECE": 0.007702843706193416
    },
    "BBQ": {
        "Accuracy": 0.9400530308919326,
        "Brier Score": 0.055196842857150374,
        "Log Loss": 0.21979568784467088,
        "ECE": 0.029765002622324396
    },
    "Venn-Abers": {
        "Accuracy": 0.9399613811974317,
        "Brier Score": 0.05553017233757294,
        "Log Loss": 0.21769666641076885,
        "ECE": 0.027770396457308482
    }
}