{
    "Base Model": {
        "Accuracy": 0.9428807657291897,
        "Brier Score": 0.04645076880662265,
        "Log Loss": 0.17636062045857123,
        "ECE": 0.00823140040437225
    },
    "Platt Scaling": {
        "Accuracy": 0.9429648778327305,
        "Brier Score": 0.04772432768248819,
        "Log Loss": 0.18417159064385927,
        "ECE": 0.032180774135063844
    },
    "Isotonic Regression": {
        "Accuracy": 0.9421092099111735,
        "Brier Score": 0.04696374884328473,
        "Log Loss": 0.20744159249929364,
        "ECE": 0.015782862687889313
    },
    "Beta Calibration": {
        "Accuracy": 0.9426142073275756,
        "Brier Score": 0.04645961603324321,
        "Log Loss": 0.17495735755724984,
        "ECE": 0.008783924395108077
    },
    "BBQ": {
        "Accuracy": 0.9421514431239388,
        "Brier Score": 0.047864566909607775,
        "Log Loss": 0.18667652162968132,
        "ECE": 0.02658403603795979
    },
    "Venn-Abers": {
        "Accuracy": 0.9386026426515096,
        "Brier Score": 0.05145040500200811,
        "Log Loss": 0.1952329383413369,
        "ECE": 0.05120459138174463
    }
}