{
    "Base Model": {
        "Accuracy": 0.8399884765627021,
        "Brier Score": 0.11567507427905854,
        "Log Loss": 0.3660639831513384,
        "ECE": 0.011848125020253222
    },
    "Platt Scaling": {
        "Accuracy": 0.8387728645908209,
        "Brier Score": 0.11687905420996232,
        "Log Loss": 0.3733293793239694,
        "ECE": 0.03566619298299448
    },
    "Isotonic Regression": {
        "Accuracy": 0.8390558248586458,
        "Brier Score": 0.11615843500453782,
        "Log Loss": 0.38663112780384573,
        "ECE": 0.01958680420560883
    },
    "Beta Calibration": {
        "Accuracy": 0.8397183470041856,
        "Brier Score": 0.11552291784626202,
        "Log Loss": 0.3650913206557619,
        "ECE": 0.0070043344691836755
    },
    "BBQ": {
        "Accuracy": 0.8388563562481707,
        "Brier Score": 0.116632453901221,
        "Log Loss": 0.37142879352198416,
        "ECE": 0.03276911899632678
    },
    "Venn-Abers": {
        "Accuracy": 0.8336208373366815,
        "Brier Score": 0.12105215435708545,
        "Log Loss": 0.3824734504111783,
        "ECE": 0.04377727593217599
    }
}