{
    "Base Model": {
        "Accuracy": 0.8614845333379633,
        "Brier Score": 0.09902092059632371,
        "Log Loss": 0.3198127419262876,
        "ECE": 0.028140839252353906
    },
    "Platt Scaling": {
        "Accuracy": 0.8620018172242767,
        "Brier Score": 0.10121122260356546,
        "Log Loss": 0.33308442421168655,
        "ECE": 0.054561059503101264
    },
    "Isotonic Regression": {
        "Accuracy": 0.8611649796575054,
        "Brier Score": 0.09915744934453766,
        "Log Loss": 0.3604042776742999,
        "ECE": 0.020579247675600657
    },
    "Beta Calibration": {
        "Accuracy": 0.8619713063759107,
        "Brier Score": 0.09820405765582788,
        "Log Loss": 0.3147809218694286,
        "ECE": 0.012798670576946001
    },
    "BBQ": {
        "Accuracy": 0.8601153763795567,
        "Brier Score": 0.10039276151189742,
        "Log Loss": 0.3307607804663039,
        "ECE": 0.040191621943937814
    },
    "Venn-Abers": {
        "Accuracy": 0.8466847463120185,
        "Brier Score": 0.10791624284959823,
        "Log Loss": 0.34463986020412996,
        "ECE": 0.06160680148229589
    }
}