{
    "Base Model": {
        "Accuracy": 0.9871234554967961,
        "Brier Score": 0.010432833736533505,
        "Log Loss": 0.045472209663189614,
        "ECE": 0.0019005060930287654
    },
    "Platt Scaling": {
        "Accuracy": 0.9870429226147017,
        "Brier Score": 0.011268857895385724,
        "Log Loss": 0.05292092813020556,
        "ECE": 0.015281970067032226
    },
    "Isotonic Regression": {
        "Accuracy": 0.986721007002894,
        "Brier Score": 0.010691098072619103,
        "Log Loss": 0.06858341210740614,
        "ECE": 0.01307291864423618
    },
    "Beta Calibration": {
        "Accuracy": 0.9869624577063424,
        "Brier Score": 0.010418778516434704,
        "Log Loss": 0.04502369623557463,
        "ECE": 0.0025985155583456076
    },
    "BBQ": {
        "Accuracy": 0.9866584351806462,
        "Brier Score": 0.011255610793170183,
        "Log Loss": 0.056382241670469485,
        "ECE": 0.023729000848251913
    },
    "Venn-Abers": {
        "Accuracy": 0.9858357450681057,
        "Brier Score": 0.01172105742981973,
        "Log Loss": 0.050945130788517944,
        "ECE": 0.029967658913275626
    }
}