{
    "Base Model": {
        "Accuracy": 0.8131465319246671,
        "Brier Score": 0.13812582889093933,
        "Log Loss": 0.43746138839257,
        "ECE": 0.024407394691596866
    },
    "Platt Scaling": {
        "Accuracy": 0.8131281580156178,
        "Brier Score": 0.13887428879634717,
        "Log Loss": 0.4408506681747447,
        "ECE": 0.03756297597719989
    },
    "Isotonic Regression": {
        "Accuracy": 0.8129903536977493,
        "Brier Score": 0.13826300337327915,
        "Log Loss": 0.46095258363518693,
        "ECE": 0.026639141413516098
    },
    "Beta Calibration": {
        "Accuracy": 0.8136518144235185,
        "Brier Score": 0.13754431967546824,
        "Log Loss": 0.4349302229916519,
        "ECE": 0.0159028359686615
    },
    "BBQ": {
        "Accuracy": 0.8126136885622417,
        "Brier Score": 0.1389426290278315,
        "Log Loss": 0.4409801282585547,
        "ECE": 0.037512999006543694
    },
    "Venn-Abers": {
        "Accuracy": 0.8057877813504823,
        "Brier Score": 0.14400416231903126,
        "Log Loss": 0.45364531142501635,
        "ECE": 0.04650179991736204
    }
}