{
    "Base Model": {
        "Accuracy": 0.9445159215181731,
        "Brier Score": 0.04417197275825762,
        "Log Loss": 0.16127414855858974,
        "ECE": 0.008503795501532116
    },
    "Platt Scaling": {
        "Accuracy": 0.9442907687359281,
        "Brier Score": 0.04556784491361895,
        "Log Loss": 0.17105957299215718,
        "ECE": 0.027197641482564257
    },
    "Isotonic Regression": {
        "Accuracy": 0.9439047925377935,
        "Brier Score": 0.04450390110344129,
        "Log Loss": 0.17848678211149427,
        "ECE": 0.014664643935675032
    },
    "Beta Calibration": {
        "Accuracy": 0.9442972016725636,
        "Brier Score": 0.04416840218917434,
        "Log Loss": 0.16124357633613684,
        "ECE": 0.008371321429106546
    },
    "BBQ": {
        "Accuracy": 0.9438147314248956,
        "Brier Score": 0.04500951541032494,
        "Log Loss": 0.17035137026016853,
        "ECE": 0.027095671495086484
    },
    "Venn-Abers": {
        "Accuracy": 0.9421743325828242,
        "Brier Score": 0.04654295519918377,
        "Log Loss": 0.1720270052676665,
        "ECE": 0.03623254316942736
    }
}