{
    "Base Model": {
        "Accuracy": 0.7142400000000001,
        "Brier Score": 0.18993814547431104,
        "Log Loss": 0.564957766526936,
        "ECE": 0.029659280037723147
    },
    "Platt Scaling": {
        "Accuracy": 0.71405,
        "Brier Score": 0.18926930460107017,
        "Log Loss": 0.5610913591595851,
        "ECE": 0.01645227024240941
    },
    "Isotonic Regression": {
        "Accuracy": 0.7127200000000002,
        "Brier Score": 0.18993445708820364,
        "Log Loss": 0.5904904870637315,
        "ECE": 0.020583942997665222
    },
    "Beta Calibration": {
        "Accuracy": 0.71419,
        "Brier Score": 0.18899230705177017,
        "Log Loss": 0.560505607097471,
        "ECE": 0.010695949826054613
    },
    "BBQ": {
        "Accuracy": 0.7128700000000002,
        "Brier Score": 0.19043292876478157,
        "Log Loss": 0.5642113723158684,
        "ECE": 0.03303141623006113
    },
    "Venn-Abers": {
        "Accuracy": 0.6938499999999999,
        "Brier Score": 0.19957900807306955,
        "Log Loss": 0.5857404626888891,
        "ECE": 0.05102743521137661
    }
}