{
    "Base Model": {
        "Accuracy": 0.83736605676203,
        "Brier Score": 0.11357502505909477,
        "Log Loss": 0.3598790917890647,
        "ECE": 0.026643819278725472
    },
    "Platt Scaling": {
        "Accuracy": 0.8380741629734918,
        "Brier Score": 0.11487742921332307,
        "Log Loss": 0.3663362123938166,
        "ECE": 0.04405103390038971
    },
    "Isotonic Regression": {
        "Accuracy": 0.8374150532539795,
        "Brier Score": 0.11383094373519208,
        "Log Loss": 0.3852063576723521,
        "ECE": 0.025032509563342163
    },
    "Beta Calibration": {
        "Accuracy": 0.8385623846697672,
        "Brier Score": 0.11303870000852745,
        "Log Loss": 0.35645316287319767,
        "ECE": 0.015878560607554586
    },
    "BBQ": {
        "Accuracy": 0.8371830257736299,
        "Brier Score": 0.11434809605646012,
        "Log Loss": 0.3638001638603638,
        "ECE": 0.03599917096718862
    },
    "Venn-Abers": {
        "Accuracy": 0.8247563473066828,
        "Brier Score": 0.12219509767384368,
        "Log Loss": 0.3841098005361441,
        "ECE": 0.053856341575371974
    }
}