{
    "Base Model": {
        "Accuracy": 0.811596896764682,
        "Brier Score": 0.12978218403951516,
        "Log Loss": 0.4004149201730634,
        "ECE": 0.04030910180591223
    },
    "Platt Scaling": {
        "Accuracy": 0.8109499598090203,
        "Brier Score": 0.13181050294557348,
        "Log Loss": 0.41349023333452783,
        "ECE": 0.06008809388105714
    },
    "Isotonic Regression": {
        "Accuracy": 0.8092042483988793,
        "Brier Score": 0.12890842598518065,
        "Log Loss": 0.4273042714200348,
        "ECE": 0.025018060934591232
    },
    "Beta Calibration": {
        "Accuracy": 0.8109499151109888,
        "Brier Score": 0.1281620367776234,
        "Log Loss": 0.39373408523256015,
        "ECE": 0.01249554449554678
    },
    "BBQ": {
        "Accuracy": 0.808801303096605,
        "Brier Score": 0.13027043360999208,
        "Log Loss": 0.4080729736094045,
        "ECE": 0.03897476482845166
    },
    "Venn-Abers": {
        "Accuracy": 0.7939934636578931,
        "Brier Score": 0.13784911263606323,
        "Log Loss": 0.4204235365812088,
        "ECE": 0.053138563601422294
    }
}