{
    "Base Model": {
        "Accuracy": 0.8368115942028984,
        "Brier Score": 0.14620708871818328,
        "Log Loss": 1.385696956353155,
        "ECE": 0.1632301550031494
    },
    "Platt Scaling": {
        "Accuracy": 0.8343478260869565,
        "Brier Score": 0.13229261045982124,
        "Log Loss": 0.4325291576222422,
        "ECE": 0.11609406568338612
    },
    "Isotonic Regression": {
        "Accuracy": 0.8346376811594202,
        "Brier Score": 0.12311689687291,
        "Log Loss": 0.7359546125131881,
        "ECE": 0.05967313490936777
    },
    "Beta Calibration": {
        "Accuracy": 0.8414492753623187,
        "Brier Score": 0.11968421877610368,
        "Log Loss": 0.3997954213697602,
        "ECE": 0.0556615238595066
    },
    "BBQ": {
        "Accuracy": 0.8371014492753622,
        "Brier Score": 0.1375065565328793,
        "Log Loss": 0.4508816765413634,
        "ECE": 0.05469011514556418
    },
    "Venn-Abers": {
        "Accuracy": 0.8333333333333333,
        "Brier Score": 0.12766412095948834,
        "Log Loss": 0.4121859002761401,
        "ECE": 0.0930028712133933
    }
}