{
    "Base Model": {
        "Accuracy": 0.9984999999999999,
        "Brier Score": 0.0015000015609686872,
        "Log Loss": 0.05407534757544099,
        "ECE": 0.0
    },
    "Platt Scaling": {
        "Accuracy": 0.9984999999999999,
        "Brier Score": 0.0015519879244313577,
        "Log Loss": 0.013919847345083738,
        "ECE": 0.0009061557491370246
    },
    "Isotonic Regression": {
        "Accuracy": 0.9984999999999999,
        "Brier Score": 0.0015002226471491525,
        "Log Loss": 0.045775839473736,
        "ECE": 0.0004752418608177983
    },
    "Beta Calibration": {
        "Accuracy": 0.9984999999999999,
        "Brier Score": 0.0015002825262181712,
        "Log Loss": 0.04578767856291322,
        "ECE": 0.000528507947212753
    },
    "BBQ": {
        "Accuracy": 0.9984999999999999,
        "Brier Score": 0.0015002226015846745,
        "Log Loss": 0.04577556771667321,
        "ECE": 0.0007731513249465058
    },
    "Venn-Abers": {
        "Accuracy": 0.9984999999999999,
        "Brier Score": 0.0030336385652219773,
        "Log Loss": 0.02815235627141939,
        "ECE": 0.03475402473959955
    }
}