{
    "Base Model": {
        "Accuracy": 0.6041379310344828,
        "Brier Score": 0.3919193758469452,
        "Log Loss": 12.699713486858089,
        "ECE": 0.4312108235109269
    },
    "Platt Scaling": {
        "Accuracy": 0.6096865203761755,
        "Brier Score": 0.21370768128905426,
        "Log Loss": 0.6093063774504707,
        "ECE": 0.07847123953288722
    },
    "Isotonic Regression": {
        "Accuracy": 0.6415673981191223,
        "Brier Score": 0.19395408185559815,
        "Log Loss": 0.580661809898899,
        "ECE": 0.014844004307694815
    },
    "Beta Calibration": {
        "Accuracy": 0.6400313479623825,
        "Brier Score": 0.19436451045830336,
        "Log Loss": 0.5590032151724327,
        "ECE": 0.013057669302112669
    },
    "BBQ": {
        "Accuracy": 0.6081191222570532,
        "Brier Score": 0.21479232790056557,
        "Log Loss": 0.6111223934474066,
        "ECE": 0.021738780008178447
    },
    "Venn-Abers": {
        "Accuracy": 0.6795611285266457,
        "Brier Score": 0.17918267976622773,
        "Log Loss": 0.5198041834051076,
        "ECE": 0.03731518266200315
    }
}