{
    "Base Model": {
        "Accuracy": 0.8200602133786528,
        "Brier Score": 0.1782691507810035,
        "Log Loss": 4.652694529164989,
        "ECE": 0.29722324199353833
    },
    "Platt Scaling": {
        "Accuracy": 0.8216251239201245,
        "Brier Score": 0.12970370728028058,
        "Log Loss": 0.40324472566508374,
        "ECE": 0.15133694349778293
    },
    "Isotonic Regression": {
        "Accuracy": 0.900912972666761,
        "Brier Score": 0.08101723661663908,
        "Log Loss": 0.28563562721808494,
        "ECE": 0.02070262337997668
    },
    "Beta Calibration": {
        "Accuracy": 0.8563131992635604,
        "Brier Score": 0.09714495616080963,
        "Log Loss": 0.32748616277345755,
        "ECE": 0.08886389917080371
    },
    "BBQ": {
        "Accuracy": 0.820234126422131,
        "Brier Score": 0.13049664069425237,
        "Log Loss": 0.4052392101163431,
        "ECE": 0.01515797338182364
    },
    "Venn-Abers": {
        "Accuracy": 0.8994134683472597,
        "Brier Score": 0.08241200251906766,
        "Log Loss": 0.2897952787372673,
        "ECE": 0.04035282515799604
    }
}