{
    "Base Model": {
        "Accuracy": 0.8112455726092088,
        "Brier Score": 0.18872197619907435,
        "Log Loss": 6.762459684995203,
        "ECE": 0.41445400997973225
    },
    "Platt Scaling": {
        "Accuracy": 0.9859333025340931,
        "Brier Score": 0.013391248613344559,
        "Log Loss": 0.0602655973487011,
        "ECE": 0.003874540142033054
    },
    "Isotonic Regression": {
        "Accuracy": 0.9859333025340931,
        "Brier Score": 0.013393743989509497,
        "Log Loss": 0.08028164231158381,
        "ECE": 0.0038319232354007116
    },
    "Beta Calibration": {
        "Accuracy": 0.9859333025340931,
        "Brier Score": 0.013387905316842261,
        "Log Loss": 0.08012305749487854,
        "ECE": 0.003946497093829791
    },
    "BBQ": {
        "Accuracy": 0.9859333025340931,
        "Brier Score": 0.013420702289437642,
        "Log Loss": 0.07022406553765789,
        "ECE": 0.004943932931105094
    },
    "Venn-Abers": {
        "Accuracy": 0.9859333025340931,
        "Brier Score": 0.014037017684482601,
        "Log Loss": 0.06579407159420127,
        "ECE": 0.01651209564047228
    }
}