{
    "Base Model": {
        "Accuracy": 0.708436018957346,
        "Brier Score": 0.28709940790672706,
        "Log Loss": 7.4255659792964845,
        "ECE": 0.38934275437062765
    },
    "Platt Scaling": {
        "Accuracy": 0.7065402843601896,
        "Brier Score": 0.1644646790596113,
        "Log Loss": 0.48551699144350713,
        "ECE": 0.18431711089821753
    },
    "Isotonic Regression": {
        "Accuracy": 0.8307109004739337,
        "Brier Score": 0.12778423770222747,
        "Log Loss": 0.4327068621425477,
        "ECE": 0.03617488574277868
    },
    "Beta Calibration": {
        "Accuracy": 0.8164928909952607,
        "Brier Score": 0.13400386049481214,
        "Log Loss": 0.42253282677220033,
        "ECE": 0.07281675136939376
    },
    "BBQ": {
        "Accuracy": 0.7015165876777251,
        "Brier Score": 0.16566760544663744,
        "Log Loss": 0.4881490985770193,
        "ECE": 0.0259163319549075
    },
    "Venn-Abers": {
        "Accuracy": 0.8254976303317537,
        "Brier Score": 0.13233302336473773,
        "Log Loss": 0.4194969855040743,
        "ECE": 0.07766310226915261
    }
}