{
    "Base Model": {
        "Accuracy": 0.3573495178035027,
        "Brier Score": 0.6399246737457555,
        "Log Loss": 21.246455766971152,
        "ECE": 0.7384197703544322
    },
    "Platt Scaling": {
        "Accuracy": 0.938759463874787,
        "Brier Score": 0.05646196648037104,
        "Log Loss": 0.2185784219786829,
        "ECE": 0.010313921472630725
    },
    "Isotonic Regression": {
        "Accuracy": 0.938759463874787,
        "Brier Score": 0.05603278298634762,
        "Log Loss": 0.2151896753625924,
        "ECE": 0.004155994843098939
    },
    "Beta Calibration": {
        "Accuracy": 0.938759463874787,
        "Brier Score": 0.05610794735474995,
        "Log Loss": 0.2159389042587733,
        "ECE": 0.005877518794220927
    },
    "BBQ": {
        "Accuracy": 0.938759463874787,
        "Brier Score": 0.05648868660387267,
        "Log Loss": 0.21892259075443668,
        "ECE": 0.003131268741664367
    },
    "Venn-Abers": {
        "Accuracy": 0.9387064837423367,
        "Brier Score": 0.05666468263539228,
        "Log Loss": 0.21968581054663475,
        "ECE": 0.025255025370988483
    }
}