{
    "Accuracy": {
        "Statistic": 20.317460317460245,
        "p-value": 0.0010893750436143383
    }
}