{
    "Base Model": {
        "Accuracy": 0.9613398540599286,
        "Brier Score": 0.02996203474502217,
        "Log Loss": 0.11310142764730154,
        "ECE": 0.02705791413774552
    },
    "Platt Scaling": {
        "Accuracy": 0.9611659680173885,
        "Brier Score": 0.0315572510474866,
        "Log Loss": 0.13114872234078992,
        "ECE": 0.03342770036305137
    },
    "Isotonic Regression": {
        "Accuracy": 0.9558903896910418,
        "Brier Score": 0.033942504896771857,
        "Log Loss": 0.4671824314538008,
        "ECE": 0.035381999095745964
    },
    "Beta Calibration": {
        "Accuracy": 0.959757801583605,
        "Brier Score": 0.03154446764006906,
        "Log Loss": 0.12920208730875168,
        "ECE": 0.03792467314738981
    },
    "BBQ": {
        "Accuracy": 0.9567753454432542,
        "Brier Score": 0.03648228015829891,
        "Log Loss": 0.2509755136215092,
        "ECE": 0.040648487696499556
    },
    "Venn-Abers": {
        "Accuracy": 0.9511457848160224,
        "Brier Score": 0.043972216496190646,
        "Log Loss": 0.18231563847850757,
        "ECE": 0.08897831647990721
    }
}