{
    "Base Model": {
        "Accuracy": 0.9672727272727273,
        "Brier Score": 0.026400777756811367,
        "Log Loss": 0.10367837965560758,
        "ECE": 0.027021366711761897
    },
    "Platt Scaling": {
        "Accuracy": 0.9683385579937304,
        "Brier Score": 0.0266322304446861,
        "Log Loss": 0.11202266026120344,
        "ECE": 0.019681528901129963
    },
    "Isotonic Regression": {
        "Accuracy": 0.9685579937304075,
        "Brier Score": 0.025833381285685783,
        "Log Loss": 0.18082870475219512,
        "ECE": 0.023528011094976455
    },
    "Beta Calibration": {
        "Accuracy": 0.9693103448275864,
        "Brier Score": 0.025026534311837767,
        "Log Loss": 0.10160681361813632,
        "ECE": 0.009557861619567865
    },
    "BBQ": {
        "Accuracy": 0.9683072100313478,
        "Brier Score": 0.027738046656044655,
        "Log Loss": 0.13065210480297074,
        "ECE": 0.03590953922988159
    },
    "Venn-Abers": {
        "Accuracy": 0.9639811912225705,
        "Brier Score": 0.03017185259098278,
        "Log Loss": 0.12152457008815368,
        "ECE": 0.054872621834726194
    }
}