{
    "Base Model": {
        "Accuracy": 0.7531838926174497,
        "Brier Score": 0.18056072168378626,
        "Log Loss": 0.5808954827413724,
        "ECE": 0.10487107555201841
    },
    "Platt Scaling": {
        "Accuracy": 0.7590684563758389,
        "Brier Score": 0.1684120247525434,
        "Log Loss": 0.5144647670907865,
        "ECE": 0.04590577871781001
    },
    "Isotonic Regression": {
        "Accuracy": 0.7600232662192394,
        "Brier Score": 0.1724064652298085,
        "Log Loss": 0.7386231702476832,
        "ECE": 0.05443581955509852
    },
    "Beta Calibration": {
        "Accuracy": 0.7592143176733781,
        "Brier Score": 0.16948536877220594,
        "Log Loss": 0.5182674995470009,
        "ECE": 0.05031110883318244
    },
    "BBQ": {
        "Accuracy": 0.7598809843400448,
        "Brier Score": 0.17233806557224512,
        "Log Loss": 0.5260620257673879,
        "ECE": 0.06184709579334762
    },
    "Venn-Abers": {
        "Accuracy": 0.751612527964206,
        "Brier Score": 0.18367220671984477,
        "Log Loss": 0.5528450804348256,
        "ECE": 0.09052165992012762
    }
}