{
    "Base Model": {
        "Accuracy": 0.9487599999999999,
        "Brier Score": 0.04264833189337766,
        "Log Loss": 0.17375838791776604,
        "ECE": 0.02152239567292302
    },
    "Platt Scaling": {
        "Accuracy": 0.9491399999999999,
        "Brier Score": 0.04274952639989285,
        "Log Loss": 0.1708214308543362,
        "ECE": 0.015165386478238113
    },
    "Isotonic Regression": {
        "Accuracy": 0.94878,
        "Brier Score": 0.042746858576829055,
        "Log Loss": 0.21655603644072793,
        "ECE": 0.021132898154996426
    },
    "Beta Calibration": {
        "Accuracy": 0.94878,
        "Brier Score": 0.042482849940576016,
        "Log Loss": 0.17066338940565845,
        "ECE": 0.01593517493208173
    },
    "BBQ": {
        "Accuracy": 0.9484600000000001,
        "Brier Score": 0.04307202175005873,
        "Log Loss": 0.17494647971618565,
        "ECE": 0.0312776051097456
    },
    "Venn-Abers": {
        "Accuracy": 0.9433799999999999,
        "Brier Score": 0.04719886355705796,
        "Log Loss": 0.18871888883736024,
        "ECE": 0.05730113345655341
    }
}