{
    "Base Model": {
        "Accuracy": 0.9577954779033915,
        "Brier Score": 0.03319765389844834,
        "Log Loss": 0.12470646392704088,
        "ECE": 0.034407401933898824
    },
    "Platt Scaling": {
        "Accuracy": 0.957650565262076,
        "Brier Score": 0.035491793530914514,
        "Log Loss": 0.14453667655773123,
        "ECE": 0.04555608697418369
    },
    "Isotonic Regression": {
        "Accuracy": 0.9572178828365878,
        "Brier Score": 0.03413485398775242,
        "Log Loss": 0.4479196622760017,
        "ECE": 0.0400188172955872
    },
    "Beta Calibration": {
        "Accuracy": 0.95979753340185,
        "Brier Score": 0.03211922311585511,
        "Log Loss": 0.13261746282678846,
        "ECE": 0.023518231289673928
    },
    "BBQ": {
        "Accuracy": 0.9580781089414182,
        "Brier Score": 0.03692665645782166,
        "Log Loss": 0.20002947381922084,
        "ECE": 0.03882069098713905
    },
    "Venn-Abers": {
        "Accuracy": 0.9460462487153134,
        "Brier Score": 0.04142097258601928,
        "Log Loss": 0.1634758958311265,
        "ECE": 0.07657461704740438
    }
}