{
    "Base Model": {
        "Accuracy": 0.8666666666666667,
        "Brier Score": 0.10507336434609478,
        "Log Loss": 0.37835489870752176,
        "ECE": 0.040677591427287385
    },
    "Platt Scaling": {
        "Accuracy": 0.864782608695652,
        "Brier Score": 0.10516850220124555,
        "Log Loss": 0.3559368961956202,
        "ECE": 0.04409322268345358
    },
    "Isotonic Regression": {
        "Accuracy": 0.8578260869565217,
        "Brier Score": 0.10758930598624472,
        "Log Loss": 0.6992129701667646,
        "ECE": 0.05679390651341994
    },
    "Beta Calibration": {
        "Accuracy": 0.862463768115942,
        "Brier Score": 0.10447806745547736,
        "Log Loss": 0.3496220459920009,
        "ECE": 0.03679299983821707
    },
    "BBQ": {
        "Accuracy": 0.8623188405797102,
        "Brier Score": 0.11156736905046871,
        "Log Loss": 0.3807036279438556,
        "ECE": 0.07186039765881881
    },
    "Venn-Abers": {
        "Accuracy": 0.8265217391304348,
        "Brier Score": 0.1253440199892985,
        "Log Loss": 0.4057396103506655,
        "ECE": 0.10471591333343307
    }
}