{
    "Base Model": {
        "Accuracy": 0.9425814096717108,
        "Brier Score": 0.046052010106175593,
        "Log Loss": 0.17589839704830787,
        "ECE": 0.039937160452941295
    },
    "Platt Scaling": {
        "Accuracy": 0.9421866205143797,
        "Brier Score": 0.04819902175707257,
        "Log Loss": 0.18522114771820827,
        "ECE": 0.050605992723693524
    },
    "Isotonic Regression": {
        "Accuracy": 0.9399759883371924,
        "Brier Score": 0.04548375091312609,
        "Log Loss": 0.2614489088455322,
        "ECE": 0.035872462212971114
    },
    "Beta Calibration": {
        "Accuracy": 0.9410424803735838,
        "Brier Score": 0.0440517954760515,
        "Log Loss": 0.15414644609916262,
        "ECE": 0.01578801964152795
    },
    "BBQ": {
        "Accuracy": 0.9390687684667617,
        "Brier Score": 0.04937494057723352,
        "Log Loss": 0.19698073076246495,
        "ECE": 0.04402502159535801
    },
    "Venn-Abers": {
        "Accuracy": 0.9352399996881603,
        "Brier Score": 0.05020461837777547,
        "Log Loss": 0.1767016575585852,
        "ECE": 0.05217417448048855
    }
}