{
    "Base Model": {
        "Accuracy": 0.7917895428317798,
        "Brier Score": 0.15070873218821423,
        "Log Loss": 0.47284153744368773,
        "ECE": 0.041226070387101646
    },
    "Platt Scaling": {
        "Accuracy": 0.7920560674656015,
        "Brier Score": 0.1500875059320988,
        "Log Loss": 0.46780019792864025,
        "ECE": 0.03262300256992737
    },
    "Isotonic Regression": {
        "Accuracy": 0.7899234798047048,
        "Brier Score": 0.1503923032223362,
        "Log Loss": 0.5373998756892848,
        "ECE": 0.03096586605004283
    },
    "Beta Calibration": {
        "Accuracy": 0.7917095783399912,
        "Brier Score": 0.14882139338618294,
        "Log Loss": 0.46222050507421386,
        "ECE": 0.01739357988992936
    },
    "BBQ": {
        "Accuracy": 0.7896836928539726,
        "Brier Score": 0.15183800231426262,
        "Log Loss": 0.47387710211065054,
        "ECE": 0.0433745195352264
    },
    "Venn-Abers": {
        "Accuracy": 0.7610771060807813,
        "Brier Score": 0.16621565364056598,
        "Log Loss": 0.5067740119749803,
        "ECE": 0.0687765228096542
    }
}