{
    "Base Model": {
        "Accuracy": 0.9949783549783551,
        "Brier Score": 0.004173118298771815,
        "Log Loss": 0.018620989155545123,
        "ECE": 0.0022665381801092255
    },
    "Platt Scaling": {
        "Accuracy": 0.9948917748917749,
        "Brier Score": 0.004572173469210817,
        "Log Loss": 0.02634466826166345,
        "ECE": 0.003478942152880751
    },
    "Isotonic Regression": {
        "Accuracy": 0.9941558441558443,
        "Brier Score": 0.005168937505739181,
        "Log Loss": 0.1088012248478316,
        "ECE": 0.0142694127946161
    },
    "Beta Calibration": {
        "Accuracy": 0.993939393939394,
        "Brier Score": 0.005218401712480876,
        "Log Loss": 0.03063288639346621,
        "ECE": 0.006086756475691316
    },
    "BBQ": {
        "Accuracy": 0.994935064935065,
        "Brier Score": 0.004892646425442274,
        "Log Loss": 0.05584444902530357,
        "ECE": 0.008195859488853255
    },
    "Venn-Abers": {
        "Accuracy": 0.9934632034632035,
        "Brier Score": 0.007305857794200156,
        "Log Loss": 0.04235979877106676,
        "ECE": 0.04573857725687486
    }
}