{
    "Base Model": {
        "Accuracy": 0.9856309659739665,
        "Brier Score": 0.010855136912127533,
        "Log Loss": 0.039760660053694885,
        "ECE": 0.00820985256265739
    },
    "Platt Scaling": {
        "Accuracy": 0.9859490926976655,
        "Brier Score": 0.011787570144291794,
        "Log Loss": 0.052535364666754486,
        "ECE": 0.016844631048022272
    },
    "Isotonic Regression": {
        "Accuracy": 0.9853920283872328,
        "Brier Score": 0.01103195166695861,
        "Log Loss": 0.09588859382679805,
        "ECE": 0.012643861791160562
    },
    "Beta Calibration": {
        "Accuracy": 0.9857903630965974,
        "Brier Score": 0.0108181923860583,
        "Log Loss": 0.03929101207037421,
        "ECE": 0.006360118828608834
    },
    "BBQ": {
        "Accuracy": 0.9854453949795352,
        "Brier Score": 0.012307699369305324,
        "Log Loss": 0.06474129050147147,
        "ECE": 0.02918999141102705
    },
    "Venn-Abers": {
        "Accuracy": 0.9846229381488573,
        "Brier Score": 0.012919971899245089,
        "Log Loss": 0.05287184750328494,
        "ECE": 0.03861302839290656
    }
}