{
    "Base Model": {
        "Accuracy": 0.756924408857595,
        "Brier Score": 0.19342326492233197,
        "Log Loss": 0.9400273300248811,
        "ECE": 0.1998200596365775
    },
    "Platt Scaling": {
        "Accuracy": 0.763993236108425,
        "Brier Score": 0.1688461188874969,
        "Log Loss": 0.5168981714472551,
        "ECE": 0.12499126789591455
    },
    "Isotonic Regression": {
        "Accuracy": 0.7851933986900391,
        "Brier Score": 0.15356616845207038,
        "Log Loss": 0.48475907036436455,
        "ECE": 0.022483589417226994
    },
    "Beta Calibration": {
        "Accuracy": 0.7859459798800081,
        "Brier Score": 0.15357720679136563,
        "Log Loss": 0.48184164254126266,
        "ECE": 0.026870935732455564
    },
    "BBQ": {
        "Accuracy": 0.7844343411255985,
        "Brier Score": 0.15946210438210126,
        "Log Loss": 0.4949991322557009,
        "ECE": 0.046917537384171634
    },
    "Venn-Abers": {
        "Accuracy": 0.7830965716170977,
        "Brier Score": 0.15456906621074107,
        "Log Loss": 0.4773935228466463,
        "ECE": 0.033445458347861515
    }
}