{
    "Base Model": {
        "Accuracy": 0.6796783531682214,
        "Brier Score": 0.21931344154284588,
        "Log Loss": 0.7461347268127138,
        "ECE": 0.24797338141088754
    },
    "Platt Scaling": {
        "Accuracy": 0.7628883885493727,
        "Brier Score": 0.16405180748667406,
        "Log Loss": 0.4991385972747927,
        "ECE": 0.08176665478162062
    },
    "Isotonic Regression": {
        "Accuracy": 0.7678224509488583,
        "Brier Score": 0.15771023221826178,
        "Log Loss": 0.4848292962351984,
        "ECE": 0.024078691159460486
    },
    "Beta Calibration": {
        "Accuracy": 0.7676423287230623,
        "Brier Score": 0.15884163985153527,
        "Log Loss": 0.48490234853906067,
        "ECE": 0.04033100775652688
    },
    "BBQ": {
        "Accuracy": 0.7642071405596654,
        "Brier Score": 0.16040817995140377,
        "Log Loss": 0.48850228669936213,
        "ECE": 0.048212505533134865
    },
    "Venn-Abers": {
        "Accuracy": 0.7661691862335155,
        "Brier Score": 0.15905859081645501,
        "Log Loss": 0.4836797147611653,
        "ECE": 0.04578376717777594
    }
}