{
    "Base Model": {
        "Accuracy": 0.9042599086223249,
        "Brier Score": 0.06674783191529542,
        "Log Loss": 0.2230118404881711,
        "ECE": 0.049309269960185406
    },
    "Platt Scaling": {
        "Accuracy": 0.9054075007766282,
        "Brier Score": 0.06982940454111929,
        "Log Loss": 0.23656279346828624,
        "ECE": 0.07191201482620092
    },
    "Isotonic Regression": {
        "Accuracy": 0.9053585564323821,
        "Brier Score": 0.06483753356185597,
        "Log Loss": 0.22469457001315948,
        "ECE": 0.01725854439426064
    },
    "Beta Calibration": {
        "Accuracy": 0.9069213188005135,
        "Brier Score": 0.06523289639781243,
        "Log Loss": 0.20769361028865926,
        "ECE": 0.03086643195411358
    },
    "BBQ": {
        "Accuracy": 0.9045894299585574,
        "Brier Score": 0.06567748106284368,
        "Log Loss": 0.2141566183708566,
        "ECE": 0.036665368736255734
    },
    "Venn-Abers": {
        "Accuracy": 0.9044674564808795,
        "Brier Score": 0.06623581799408776,
        "Log Loss": 0.21337789026533827,
        "ECE": 0.03879091622705629
    }
}