{
    "Base Model": {
        "Accuracy": 0.8750342504316493,
        "Brier Score": 0.09580584172293208,
        "Log Loss": 0.33028052715163775,
        "ECE": 0.01663844480027048
    },
    "Platt Scaling": {
        "Accuracy": 0.875023757269592,
        "Brier Score": 0.09601595466785598,
        "Log Loss": 0.3251938734700915,
        "ECE": 0.02160683951070935
    },
    "Isotonic Regression": {
        "Accuracy": 0.8738995592982332,
        "Brier Score": 0.0963002022226863,
        "Log Loss": 0.35275318586639715,
        "ECE": 0.01965377021960498
    },
    "Beta Calibration": {
        "Accuracy": 0.8746980607797507,
        "Brier Score": 0.09613635290248551,
        "Log Loss": 0.32541413597672053,
        "ECE": 0.022548877006789984
    },
    "BBQ": {
        "Accuracy": 0.8740465850028923,
        "Brier Score": 0.09686044940514536,
        "Log Loss": 0.32927423159034563,
        "ECE": 0.027761104684378854
    },
    "Venn-Abers": {
        "Accuracy": 0.8738469389332191,
        "Brier Score": 0.09735865562071348,
        "Log Loss": 0.32834585669520083,
        "ECE": 0.03535175675131093
    }
}