{
    "Base Model": {
        "Accuracy": 0.8017822371513647,
        "Brier Score": 0.1454114507393434,
        "Log Loss": 0.5126797798956205,
        "ECE": 0.09982361676073591
    },
    "Platt Scaling": {
        "Accuracy": 0.800390549048267,
        "Brier Score": 0.14338931521459114,
        "Log Loss": 0.4499201641178673,
        "ECE": 0.08946066102344379
    },
    "Isotonic Regression": {
        "Accuracy": 0.8027221622523636,
        "Brier Score": 0.1361509348927949,
        "Log Loss": 0.4570073274840307,
        "ECE": 0.023564490650589992
    },
    "Beta Calibration": {
        "Accuracy": 0.8025270255471598,
        "Brier Score": 0.13610887979009384,
        "Log Loss": 0.4272233083060755,
        "ECE": 0.03129629649115864
    },
    "BBQ": {
        "Accuracy": 0.8011109248693141,
        "Brier Score": 0.13767977951715238,
        "Log Loss": 0.4308131078779017,
        "ECE": 0.04382271327822427
    },
    "Venn-Abers": {
        "Accuracy": 0.8011840284994648,
        "Brier Score": 0.13741031749002564,
        "Log Loss": 0.4287625881518979,
        "ECE": 0.04163169188070847
    }
}