{
    "Base Model": {
        "Accuracy": 0.83304,
        "Brier Score": 0.12250144563741049,
        "Log Loss": 0.39378686456704515,
        "ECE": 0.1050692350651132
    },
    "Platt Scaling": {
        "Accuracy": 0.8392000000000001,
        "Brier Score": 0.11217605407272774,
        "Log Loss": 0.3512219123332551,
        "ECE": 0.028385794930598816
    },
    "Isotonic Regression": {
        "Accuracy": 0.8381099999999999,
        "Brier Score": 0.11221761481385405,
        "Log Loss": 0.3682277166765618,
        "ECE": 0.02042444390786681
    },
    "Beta Calibration": {
        "Accuracy": 0.8390099999999999,
        "Brier Score": 0.11157120702361902,
        "Log Loss": 0.3469940294819118,
        "ECE": 0.0161531047456966
    },
    "BBQ": {
        "Accuracy": 0.8378200000000001,
        "Brier Score": 0.11307833777113557,
        "Log Loss": 0.3536090478380705,
        "ECE": 0.03681137969975872
    },
    "Venn-Abers": {
        "Accuracy": 0.83689,
        "Brier Score": 0.1133879918804395,
        "Log Loss": 0.3546471446739581,
        "ECE": 0.037570496526173475
    }
}