{
    "Base Model": {
        "Accuracy": 0.6763199999999999,
        "Brier Score": 0.24099756718533283,
        "Log Loss": 1.1289794855752957,
        "ECE": 0.2030943738635759
    },
    "Platt Scaling": {
        "Accuracy": 0.6885799999999999,
        "Brier Score": 0.2070744272146683,
        "Log Loss": 0.6044176842648676,
        "ECE": 0.08716508084409214
    },
    "Isotonic Regression": {
        "Accuracy": 0.6965600000000002,
        "Brier Score": 0.20323080653014663,
        "Log Loss": 0.6066967631780017,
        "ECE": 0.021370715707302392
    },
    "Beta Calibration": {
        "Accuracy": 0.6953400000000001,
        "Brier Score": 0.204396773055226,
        "Log Loss": 0.6042116141338546,
        "ECE": 0.06997982058453811
    },
    "BBQ": {
        "Accuracy": 0.6953100000000001,
        "Brier Score": 0.20492632158365495,
        "Log Loss": 0.5990208968648661,
        "ECE": 0.040513654981388175
    },
    "Venn-Abers": {
        "Accuracy": 0.6957800000000002,
        "Brier Score": 0.204598304578418,
        "Log Loss": 0.5983332813716834,
        "ECE": 0.03775680112550976
    }
}