{
    "Base Model": {
        "Accuracy": 0.48173564753004006,
        "Brier Score": 0.476044549780245,
        "Log Loss": 5.973650818383637,
        "ECE": 0.4616623181998141
    },
    "Platt Scaling": {
        "Accuracy": 0.5586715620827769,
        "Brier Score": 0.2450195593315511,
        "Log Loss": 0.6840313655019514,
        "ECE": 0.04355627093116301
    },
    "Isotonic Regression": {
        "Accuracy": 0.5662616822429907,
        "Brier Score": 0.24300945021690834,
        "Log Loss": 0.6880995119920944,
        "ECE": 0.019376580633004358
    },
    "Beta Calibration": {
        "Accuracy": 0.5615821094793056,
        "Brier Score": 0.24423773784511293,
        "Log Loss": 0.6817839009968922,
        "ECE": 0.03710204277629325
    },
    "BBQ": {
        "Accuracy": 0.5546061415220293,
        "Brier Score": 0.24639900805616674,
        "Log Loss": 0.6858458191742575,
        "ECE": 0.01667932445471014
    },
    "Venn-Abers": {
        "Accuracy": 0.5595994659546061,
        "Brier Score": 0.24568791422883943,
        "Log Loss": 0.684416558994478,
        "ECE": 0.036191025130982254
    }
}