{
    "Base Model": {
        "Accuracy": 0.6915865049911102,
        "Brier Score": 0.308051307115885,
        "Log Loss": 2.804808930014994,
        "ECE": 0.5225347492768608
    },
    "Platt Scaling": {
        "Accuracy": 0.6915865049911102,
        "Brier Score": 0.1826668005205688,
        "Log Loss": 0.5118113047839521,
        "ECE": 0.40280305862167287
    },
    "Isotonic Regression": {
        "Accuracy": 0.9927901752243858,
        "Brier Score": 0.005790296337415583,
        "Log Loss": 0.04334804224733282,
        "ECE": 0.01307796495367598
    },
    "Beta Calibration": {
        "Accuracy": 0.9907418117944434,
        "Brier Score": 0.006353479882785966,
        "Log Loss": 0.023052636887012562,
        "ECE": 0.002724374663718933
    },
    "BBQ": {
        "Accuracy": 0.6915865049911102,
        "Brier Score": 0.1830914473616794,
        "Log Loss": 0.5125867868447145,
        "ECE": 0.0038195069778808677
    },
    "Venn-Abers": {
        "Accuracy": 0.9913898193667932,
        "Brier Score": 0.007410126859991184,
        "Log Loss": 0.03504635478122297,
        "ECE": 0.04127328813479905
    }
}