{
    "Base Model": {
        "Accuracy": 0.9326830835855415,
        "Brier Score": 0.058826078837272595,
        "Log Loss": 0.250409491340805,
        "ECE": 0.033950438753049525
    },
    "Platt Scaling": {
        "Accuracy": 0.9325709406756723,
        "Brier Score": 0.05836616862934419,
        "Log Loss": 0.2235011912449182,
        "ECE": 0.02773853635504699
    },
    "Isotonic Regression": {
        "Accuracy": 0.931757397701828,
        "Brier Score": 0.05809224972220933,
        "Log Loss": 0.25376276734255687,
        "ECE": 0.0213828827287723
    },
    "Beta Calibration": {
        "Accuracy": 0.9317434315100516,
        "Brier Score": 0.059026739735846906,
        "Log Loss": 0.220211474427893,
        "ECE": 0.030318834444797854
    },
    "BBQ": {
        "Accuracy": 0.9320800275583769,
        "Brier Score": 0.05921000478703974,
        "Log Loss": 0.2295914100202219,
        "ECE": 0.028774570739742288
    },
    "Venn-Abers": {
        "Accuracy": 0.9312242218449349,
        "Brier Score": 0.059669435098957974,
        "Log Loss": 0.2240155591479729,
        "ECE": 0.04209728145580351
    }
}