{
    "Base Model": {
        "Accuracy": 0.8047772163527792,
        "Brier Score": 0.19282488646319806,
        "Log Loss": 3.2335503283908396,
        "ECE": 0.2078557104515292
    },
    "Platt Scaling": {
        "Accuracy": 0.8054386770785484,
        "Brier Score": 0.1509399621938548,
        "Log Loss": 0.478095959043776,
        "ECE": 0.08144677881360801
    },
    "Isotonic Regression": {
        "Accuracy": 0.805539733578319,
        "Brier Score": 0.14416781335812887,
        "Log Loss": 0.46665444536486583,
        "ECE": 0.025138982020553348
    },
    "Beta Calibration": {
        "Accuracy": 0.8042259990813045,
        "Brier Score": 0.14680500444537523,
        "Log Loss": 0.4654489714649002,
        "ECE": 0.05626352996478051
    },
    "BBQ": {
        "Accuracy": 0.8050436380339917,
        "Brier Score": 0.1512136946321086,
        "Log Loss": 0.47893107667404844,
        "ECE": 0.019984310616906177
    },
    "Venn-Abers": {
        "Accuracy": 0.8032705558107489,
        "Brier Score": 0.1455819736588382,
        "Log Loss": 0.4607145076198328,
        "ECE": 0.03954800340433561
    }
}