{
    "Base Model": {
        "Accuracy": 0.8094614418575041,
        "Brier Score": 0.17481051843131606,
        "Log Loss": 1.507624679648186,
        "ECE": 0.19667192139890063
    },
    "Platt Scaling": {
        "Accuracy": 0.8094005937809261,
        "Brier Score": 0.14921178185598286,
        "Log Loss": 0.47266091450230135,
        "ECE": 0.11942364176898992
    },
    "Isotonic Regression": {
        "Accuracy": 0.8077273816344599,
        "Brier Score": 0.13510165615170922,
        "Log Loss": 0.44359262332848765,
        "ECE": 0.021008099822234155
    },
    "Beta Calibration": {
        "Accuracy": 0.8083511988471621,
        "Brier Score": 0.13423587076958943,
        "Log Loss": 0.4184037707116575,
        "ECE": 0.015233646255525929
    },
    "BBQ": {
        "Accuracy": 0.8071796447731653,
        "Brier Score": 0.15163049670985476,
        "Log Loss": 0.47979449735391616,
        "ECE": 0.05266232825137505
    },
    "Venn-Abers": {
        "Accuracy": 0.8040464839025181,
        "Brier Score": 0.1370617129050567,
        "Log Loss": 0.42681193851103627,
        "ECE": 0.046046982306739974
    }
}