{
    "Base Model": {
        "Accuracy": 0.8942383194732189,
        "Brier Score": 0.09677145294196414,
        "Log Loss": 0.9380203215238879,
        "ECE": 0.14930932169425004
    },
    "Platt Scaling": {
        "Accuracy": 0.8938965434267447,
        "Brier Score": 0.09027829033857851,
        "Log Loss": 0.3203366980154425,
        "ECE": 0.12837085897588843
    },
    "Isotonic Regression": {
        "Accuracy": 0.9034181999953813,
        "Brier Score": 0.07283830432383934,
        "Log Loss": 0.25262331174563984,
        "ECE": 0.019252058093712106
    },
    "Beta Calibration": {
        "Accuracy": 0.9036012458831251,
        "Brier Score": 0.0724282844975678,
        "Log Loss": 0.24173321978865378,
        "ECE": 0.014778007693456956
    },
    "BBQ": {
        "Accuracy": 0.8973390591511395,
        "Brier Score": 0.08920196268909367,
        "Log Loss": 0.3201662631499191,
        "ECE": 0.046131498623956754
    },
    "Venn-Abers": {
        "Accuracy": 0.9020753370417802,
        "Brier Score": 0.07378284201105595,
        "Log Loss": 0.24701393754849513,
        "ECE": 0.03546916883783983
    }
}