{
    "Base Model": {
        "Accuracy": 0.759750762325693,
        "Brier Score": 0.1833909604130327,
        "Log Loss": 0.6380711072782812,
        "ECE": 0.1777631813084269
    },
    "Platt Scaling": {
        "Accuracy": 0.7718355089594682,
        "Brier Score": 0.15598006687726543,
        "Log Loss": 0.47624217837048605,
        "ECE": 0.06744701714604727
    },
    "Isotonic Regression": {
        "Accuracy": 0.7771456470346386,
        "Brier Score": 0.15208272142174084,
        "Log Loss": 0.49918631721728063,
        "ECE": 0.026600827530339887
    },
    "Beta Calibration": {
        "Accuracy": 0.7614352451433858,
        "Brier Score": 0.15618788926789903,
        "Log Loss": 0.4642017003577855,
        "ECE": 0.06735853553108674
    },
    "BBQ": {
        "Accuracy": 0.7767015280775688,
        "Brier Score": 0.15589033461837093,
        "Log Loss": 0.4783612893371982,
        "ECE": 0.045262534207496555
    },
    "Venn-Abers": {
        "Accuracy": 0.7746108541473944,
        "Brier Score": 0.15471146143319248,
        "Log Loss": 0.464350960038948,
        "ECE": 0.05917262783690276
    }
}