{
    "Base Model": {
        "Accuracy": 0.7116960651289008,
        "Brier Score": 0.27283685752588943,
        "Log Loss": 3.0045382441121045,
        "ECE": 0.4595841395965304
    },
    "Platt Scaling": {
        "Accuracy": 0.758100407055631,
        "Brier Score": 0.1581654368559545,
        "Log Loss": 0.4691251595547783,
        "ECE": 0.31173543387946706
    },
    "Isotonic Regression": {
        "Accuracy": 0.921917684305744,
        "Brier Score": 0.05802290300329172,
        "Log Loss": 0.20594938768974427,
        "ECE": 0.02676262170917447
    },
    "Beta Calibration": {
        "Accuracy": 0.9217367706919946,
        "Brier Score": 0.05881815859012903,
        "Log Loss": 0.20335351298549276,
        "ECE": 0.01893814672968958
    },
    "BBQ": {
        "Accuracy": 0.7491723202170963,
        "Brier Score": 0.16162402980951632,
        "Log Loss": 0.4815987040831514,
        "ECE": 0.055065159251309295
    },
    "Venn-Abers": {
        "Accuracy": 0.9114970601537764,
        "Brier Score": 0.06562787514448107,
        "Log Loss": 0.22184561921396073,
        "ECE": 0.04140975592342418
    }
}