{
    "Base Model": {
        "Accuracy": 0.19413519172069257,
        "Brier Score": 0.8058660782141766,
        "Log Loss": 29.04552127759186,
        "ECE": 0.8658583376293987
    },
    "Platt Scaling": {
        "Accuracy": 0.9403380440809898,
        "Brier Score": 0.056014900076160876,
        "Log Loss": 0.2251845889492679,
        "ECE": 0.0027860093804063777
    },
    "Isotonic Regression": {
        "Accuracy": 0.9403380440809898,
        "Brier Score": 0.056015044942800615,
        "Log Loss": 0.2251898312308239,
        "ECE": 0.002800959439127537
    },
    "Beta Calibration": {
        "Accuracy": 0.9403380440809898,
        "Brier Score": 0.05601513161417088,
        "Log Loss": 0.2251908845624315,
        "ECE": 0.0028010901440920057
    },
    "BBQ": {
        "Accuracy": 0.9403380440809898,
        "Brier Score": 0.05606717182122955,
        "Log Loss": 0.22572511278200602,
        "ECE": 0.006346819565861576
    },
    "Venn-Abers": {
        "Accuracy": 0.9403380440809898,
        "Brier Score": 0.0561207366211743,
        "Log Loss": 0.22619252459221084,
        "ECE": 0.007693114718755266
    }
}