{
    "Base Model": {
        "Accuracy": 0.735730429153248,
        "Brier Score": 0.1743825977362518,
        "Log Loss": 0.52319054865225,
        "ECE": 0.03711016059685017
    },
    "Platt Scaling": {
        "Accuracy": 0.7364628957917547,
        "Brier Score": 0.17498151785742613,
        "Log Loss": 0.5244023108511275,
        "ECE": 0.04561117164206523
    },
    "Isotonic Regression": {
        "Accuracy": 0.7363408031193266,
        "Brier Score": 0.1737882543392498,
        "Log Loss": 0.543538293589125,
        "ECE": 0.024529373396968326
    },
    "Beta Calibration": {
        "Accuracy": 0.7372322383060638,
        "Brier Score": 0.17343965669580702,
        "Log Loss": 0.5185465458636965,
        "ECE": 0.022706833790505875
    },
    "BBQ": {
        "Accuracy": 0.7364993619356035,
        "Brier Score": 0.17493688395847837,
        "Log Loss": 0.5230386569856812,
        "ECE": 0.042929020990863306
    },
    "Venn-Abers": {
        "Accuracy": 0.7332280843690239,
        "Brier Score": 0.17509941023562373,
        "Log Loss": 0.523317957958605,
        "ECE": 0.0408063294373608
    }
}