{
    "Base Model": {
        "Accuracy": 0.9909550561797752,
        "Brier Score": 0.008598137465043848,
        "Log Loss": 0.1615153584084627,
        "ECE": 0.03144749596540468
    },
    "Platt Scaling": {
        "Accuracy": 0.998384831460674,
        "Brier Score": 0.0015219207583004627,
        "Log Loss": 0.008312166253248866,
        "ECE": 0.0008566323291728467
    },
    "Isotonic Regression": {
        "Accuracy": 0.9983567415730336,
        "Brier Score": 0.0015417556937993445,
        "Log Loss": 0.016429174413046088,
        "ECE": 0.003545958494257153
    },
    "Beta Calibration": {
        "Accuracy": 0.9983707865168537,
        "Brier Score": 0.0015136768544001871,
        "Log Loss": 0.008546642206964447,
        "ECE": 0.0006228377253918332
    },
    "BBQ": {
        "Accuracy": 0.9983707865168537,
        "Brier Score": 0.0015502386163584391,
        "Log Loss": 0.009906642052996123,
        "ECE": 0.0033021077432302233
    },
    "Venn-Abers": {
        "Accuracy": 0.998384831460674,
        "Brier Score": 0.0019283882076488188,
        "Log Loss": 0.01229859640007113,
        "ECE": 0.017379150186710424
    }
}