{
    "Base Model": {
        "Accuracy": 0.9722525417914752,
        "Brier Score": 0.026668339232844097,
        "Log Loss": 0.33558186338723667,
        "ECE": 0.05685991302879695
    },
    "Platt Scaling": {
        "Accuracy": 0.972352665886264,
        "Brier Score": 0.02312654052621513,
        "Log Loss": 0.08650445285502587,
        "ECE": 0.003935345717306327
    },
    "Isotonic Regression": {
        "Accuracy": 0.9718886862710778,
        "Brier Score": 0.02231895598000238,
        "Log Loss": 0.09684008021634515,
        "ECE": 0.01501909386558435
    },
    "Beta Calibration": {
        "Accuracy": 0.9718522523059328,
        "Brier Score": 0.022447616362239294,
        "Log Loss": 0.07756560687806993,
        "ECE": 0.0004258701746933628
    },
    "BBQ": {
        "Accuracy": 0.972161578945844,
        "Brier Score": 0.023368354337064256,
        "Log Loss": 0.08835373459234022,
        "ECE": 0.011229227701696225
    },
    "Venn-Abers": {
        "Accuracy": 0.9713700412256212,
        "Brier Score": 0.02348400679281065,
        "Log Loss": 0.08126534025165229,
        "ECE": 0.027584393028428758
    }
}