{
    "Base Model": {
        "Accuracy": 0.9553964148253116,
        "Brier Score": 0.03840790144809876,
        "Log Loss": 0.2737406454953466,
        "ECE": 0.14156391223618842
    },
    "Platt Scaling": {
        "Accuracy": 0.9767504236363069,
        "Brier Score": 0.017267381418799962,
        "Log Loss": 0.0692848404470327,
        "ECE": 0.007653436973909884
    },
    "Isotonic Regression": {
        "Accuracy": 0.9801931973485445,
        "Brier Score": 0.015686127955856846,
        "Log Loss": 0.07818906373082082,
        "ECE": 0.011590870923308271
    },
    "Beta Calibration": {
        "Accuracy": 0.9801842807939012,
        "Brier Score": 0.015839551897482717,
        "Log Loss": 0.06768800621627967,
        "ECE": 0.007592788533953985
    },
    "BBQ": {
        "Accuracy": 0.9767504236363069,
        "Brier Score": 0.018020568473636117,
        "Log Loss": 0.072859905464618,
        "ECE": 0.022198962904707274
    },
    "Venn-Abers": {
        "Accuracy": 0.9798534806150903,
        "Brier Score": 0.01624711742452131,
        "Log Loss": 0.06652269425468037,
        "ECE": 0.020687580375477334
    }
}