{
    "Base Model": {
        "Accuracy": 0.548206886666468,
        "Brier Score": 0.37275143856882215,
        "Log Loss": 1.4953501509803626,
        "ECE": 0.38414915353202955
    },
    "Platt Scaling": {
        "Accuracy": 0.5757453667633121,
        "Brier Score": 0.24064296383024228,
        "Log Loss": 0.6744037951194918,
        "ECE": 0.13542526515450246
    },
    "Isotonic Regression": {
        "Accuracy": 0.6299122243084027,
        "Brier Score": 0.22291272943465287,
        "Log Loss": 0.6468258296480357,
        "ECE": 0.02287317081875087
    },
    "Beta Calibration": {
        "Accuracy": 0.6091014266920414,
        "Brier Score": 0.23221654565350172,
        "Log Loss": 0.6577401180024571,
        "ECE": 0.09909693524187242
    },
    "BBQ": {
        "Accuracy": 0.6152264215475486,
        "Brier Score": 0.22783166751443204,
        "Log Loss": 0.6520415629293304,
        "ECE": 0.05927228701748803
    },
    "Venn-Abers": {
        "Accuracy": 0.6278250702134575,
        "Brier Score": 0.22491548760925092,
        "Log Loss": 0.6406851958455408,
        "ECE": 0.03447602257848872
    }
}