{
    "Accuracy": {
        "Statistic": 49.589928057553934,
        "p-value": 1.6810934491492684e-09
    }
}