{
    "Accuracy": {
        "Statistic": 54.159663865546264,
        "p-value": 1.9432924514975483e-10
    }
}