{
    "Base Model": {
        "Accuracy": 0.7736677115987461,
        "Brier Score": 0.2263322884012539,
        "Log Loss": 8.157842553900498,
        "ECE": 0.24863992876082297
    },
    "Platt Scaling": {
        "Accuracy": 0.7736677115987461,
        "Brier Score": 0.1642751708561383,
        "Log Loss": 0.4999110254032659,
        "ECE": 0.006801836947597925
    },
    "Isotonic Regression": {
        "Accuracy": 0.7736677115987461,
        "Brier Score": 0.16426764878600153,
        "Log Loss": 0.49992801608265053,
        "ECE": 0.006592644173817113
    },
    "Beta Calibration": {
        "Accuracy": 0.7736677115987461,
        "Brier Score": 0.16426764954191267,
        "Log Loss": 0.499928013872457,
        "ECE": 0.006592739589271143
    },
    "BBQ": {
        "Accuracy": 0.7736677115987461,
        "Brier Score": 0.16426764878600153,
        "Log Loss": 0.4999280160826505,
        "ECE": 0.006592644173817108
    },
    "Venn-Abers": {
        "Accuracy": 0.6782445141065832,
        "Brier Score": 0.19597541590603268,
        "Log Loss": 0.5715693862686017,
        "ECE": 0.0235661779891045
    }
}