{
    "Base Model": {
        "Accuracy": 0.9057535791452211,
        "Brier Score": 0.09424642085477894,
        "Log Loss": 3.396985326454514,
        "ECE": 0.1943563519859354
    },
    "Platt Scaling": {
        "Accuracy": 0.938759463874787,
        "Brier Score": 0.05631632531104666,
        "Log Loss": 0.22311998859272794,
        "ECE": 0.008684518265588415
    },
    "Isotonic Regression": {
        "Accuracy": 0.938759463874787,
        "Brier Score": 0.05633148794062295,
        "Log Loss": 0.22316291224539164,
        "ECE": 0.008942294095689151
    },
    "Beta Calibration": {
        "Accuracy": 0.938759463874787,
        "Brier Score": 0.05633121184357862,
        "Log Loss": 0.2231622556801941,
        "ECE": 0.008936779815887365
    },
    "BBQ": {
        "Accuracy": 0.938759463874787,
        "Brier Score": 0.056390925886793675,
        "Log Loss": 0.22342393920549192,
        "ECE": 0.010510428261558314
    },
    "Venn-Abers": {
        "Accuracy": 0.938759463874787,
        "Brier Score": 0.057685761867015704,
        "Log Loss": 0.23083495757564101,
        "ECE": 0.012697542454552867
    }
}