{
    "Base Model": {
        "Accuracy": 0.9902164502164501,
        "Brier Score": 0.009783549783549785,
        "Log Loss": 0.35263487731344073,
        "ECE": 0.0163924388657582
    },
    "Platt Scaling": {
        "Accuracy": 0.9902164502164501,
        "Brier Score": 0.009504272626158604,
        "Log Loss": 0.04757412068605426,
        "ECE": 0.006197781703103232
    },
    "Isotonic Regression": {
        "Accuracy": 0.9902164502164501,
        "Brier Score": 0.009505227665331399,
        "Log Loss": 0.09180566769469917,
        "ECE": 0.006330809605684445
    },
    "Beta Calibration": {
        "Accuracy": 0.9902164502164501,
        "Brier Score": 0.00950522013589504,
        "Log Loss": 0.07621879945058056,
        "ECE": 0.006330490778064015
    },
    "BBQ": {
        "Accuracy": 0.9902164502164501,
        "Brier Score": 0.009505227665331397,
        "Log Loss": 0.09180566769469917,
        "ECE": 0.0063308096056844225
    },
    "Venn-Abers": {
        "Accuracy": 0.9877489177489176,
        "Brier Score": 0.011933575246380152,
        "Log Loss": 0.058866149271448016,
        "ECE": 0.016839923446581
    }
}