{
    "Base Model": {
        "Accuracy": 0.6695025889143535,
        "Brier Score": 0.33049741108564634,
        "Log Loss": 11.912334131171603,
        "ECE": 0.34319877360841955
    },
    "Platt Scaling": {
        "Accuracy": 0.6614523385111619,
        "Brier Score": 0.21205709764841868,
        "Log Loss": 0.6143863079602656,
        "ECE": 0.027751891966776503
    },
    "Isotonic Regression": {
        "Accuracy": 0.6614523385111619,
        "Brier Score": 0.21209674429561878,
        "Log Loss": 0.6145236079989556,
        "ECE": 0.02787480394057227
    },
    "Beta Calibration": {
        "Accuracy": 0.6614523385111619,
        "Brier Score": 0.21209710231034434,
        "Log Loss": 0.6145243279880293,
        "ECE": 0.027876825871261893
    },
    "BBQ": {
        "Accuracy": 0.6591146761734996,
        "Brier Score": 0.2128117656454402,
        "Log Loss": 0.6160528533244757,
        "ECE": 0.032686119720995534
    },
    "Venn-Abers": {
        "Accuracy": 0.6505415499533146,
        "Brier Score": 0.22621815437504808,
        "Log Loss": 0.6449535847903054,
        "ECE": 0.04700950791050374
    }
}