{
    "Base Model": {
        "Accuracy": 0.9616,
        "Brier Score": 0.0384,
        "Log Loss": 1.3840762901420987,
        "ECE": 0.058853185664948515
    },
    "Platt Scaling": {
        "Accuracy": 0.9616,
        "Brier Score": 0.03514197822206334,
        "Log Loss": 0.1466858979785294,
        "ECE": 0.017226554380358913
    },
    "Isotonic Regression": {
        "Accuracy": 0.9616,
        "Brier Score": 0.03509417243028659,
        "Log Loss": 0.14748840466092777,
        "ECE": 0.01608988920238302
    },
    "Beta Calibration": {
        "Accuracy": 0.9616,
        "Brier Score": 0.03509418137210292,
        "Log Loss": 0.14748851989851686,
        "ECE": 0.016089874397536078
    },
    "BBQ": {
        "Accuracy": 0.9616,
        "Brier Score": 0.035094172430286584,
        "Log Loss": 0.14748840466092777,
        "ECE": 0.01608988920238302
    },
    "Venn-Abers": {
        "Accuracy": 0.9469,
        "Brier Score": 0.048138567416509064,
        "Log Loss": 0.18878691515316412,
        "ECE": 0.02678496302600477
    }
}