{
    "Base Model": {
        "Accuracy": 0.8063961905190754,
        "Brier Score": 0.19360380948092445,
        "Log Loss": 6.978188603743113,
        "ECE": 0.26186386750418433
    },
    "Platt Scaling": {
        "Accuracy": 0.8454244576780628,
        "Brier Score": 0.12461103978228083,
        "Log Loss": 0.41158987909811773,
        "ECE": 0.01791905826132821
    },
    "Isotonic Regression": {
        "Accuracy": 0.8454244576780628,
        "Brier Score": 0.12462054384076011,
        "Log Loss": 0.4116567884641437,
        "ECE": 0.017782312036823372
    },
    "Beta Calibration": {
        "Accuracy": 0.8454244576780628,
        "Brier Score": 0.1246202065687268,
        "Log Loss": 0.41165611027704563,
        "ECE": 0.017779485724573187
    },
    "BBQ": {
        "Accuracy": 0.8454244576780628,
        "Brier Score": 0.12473424531964755,
        "Log Loss": 0.41198562480294043,
        "ECE": 0.019280328344490807
    },
    "Venn-Abers": {
        "Accuracy": 0.8441922301899113,
        "Brier Score": 0.1301305242015533,
        "Log Loss": 0.42997935697144224,
        "ECE": 0.023289453842576267
    }
}