{
    "Base Model": {
        "Accuracy": 0.6372463768115942,
        "Brier Score": 0.36275362318840576,
        "Log Loss": 13.074965859849312,
        "ECE": 0.36061234106869366
    },
    "Platt Scaling": {
        "Accuracy": 0.5978260869565217,
        "Brier Score": 0.23861918594832346,
        "Log Loss": 0.6724146515495789,
        "ECE": 0.082145175380391
    },
    "Isotonic Regression": {
        "Accuracy": 0.6028985507246377,
        "Brier Score": 0.23870204769880093,
        "Log Loss": 0.6728472064932525,
        "ECE": 0.08272797918107429
    },
    "Beta Calibration": {
        "Accuracy": 0.5978260869565217,
        "Brier Score": 0.23870252139081358,
        "Log Loss": 0.6728481855051374,
        "ECE": 0.08273049696542122
    },
    "BBQ": {
        "Accuracy": 0.5956521739130435,
        "Brier Score": 0.24081300434742223,
        "Log Loss": 0.6770441844949938,
        "ECE": 0.09169651890534397
    },
    "Venn-Abers": {
        "Accuracy": 0.5691304347826087,
        "Brier Score": 0.2476418860343799,
        "Log Loss": 0.6900819568298572,
        "ECE": 0.06065962436292326
    }
}