{
    "Base Model": {
        "Accuracy": 0.955639260020555,
        "Brier Score": 0.044360739979445014,
        "Log Loss": 1.5989231359038683,
        "ECE": 0.04165903786131204
    },
    "Platt Scaling": {
        "Accuracy": 0.955639260020555,
        "Brier Score": 0.04301400968567551,
        "Log Loss": 0.18582845333157905,
        "ECE": 0.01917679245345493
    },
    "Isotonic Regression": {
        "Accuracy": 0.955639260020555,
        "Brier Score": 0.042913504629810584,
        "Log Loss": 0.18720367292346338,
        "ECE": 0.01764478704099136
    },
    "Beta Calibration": {
        "Accuracy": 0.955639260020555,
        "Brier Score": 0.04291350281648976,
        "Log Loss": 0.18720358205765172,
        "ECE": 0.017644734161862564
    },
    "BBQ": {
        "Accuracy": 0.955639260020555,
        "Brier Score": 0.042913504629810584,
        "Log Loss": 0.18720367292346338,
        "ECE": 0.01764478704099137
    },
    "Venn-Abers": {
        "Accuracy": 0.9188807810894143,
        "Brier Score": 0.06977947176232381,
        "Log Loss": 0.2591421126882681,
        "ECE": 0.05253812727096588
    }
}