{
    "Base Model": {
        "Accuracy": 0.905287399334222,
        "Brier Score": 0.09471260066577793,
        "Log Loss": 3.4137881499791654,
        "ECE": 0.19079204870517358
    },
    "Platt Scaling": {
        "Accuracy": 0.9368586820091837,
        "Brier Score": 0.057850899843642285,
        "Log Loss": 0.2276665692343688,
        "ECE": 0.012259742285042811
    },
    "Isotonic Regression": {
        "Accuracy": 0.9368586820091837,
        "Brier Score": 0.0578636080923085,
        "Log Loss": 0.22769086777750228,
        "ECE": 0.012338353106298747
    },
    "Beta Calibration": {
        "Accuracy": 0.9368586820091837,
        "Brier Score": 0.05786263238139583,
        "Log Loss": 0.2276886149488645,
        "ECE": 0.012329516330665315
    },
    "BBQ": {
        "Accuracy": 0.9368586820091837,
        "Brier Score": 0.05811757297266903,
        "Log Loss": 0.22901219826266575,
        "ECE": 0.016412926803320012
    },
    "Venn-Abers": {
        "Accuracy": 0.9368586820091837,
        "Brier Score": 0.0595053273753406,
        "Log Loss": 0.2370692465898053,
        "ECE": 0.014782367351693113
    }
}