{
    "Base Model": {
        "Accuracy": 0.8943379303599372,
        "Brier Score": 0.10566206964006261,
        "Log Loss": 3.8084470144831744,
        "ECE": 0.10468717168651417
    },
    "Platt Scaling": {
        "Accuracy": 0.8943379303599372,
        "Brier Score": 0.09460812703699487,
        "Log Loss": 0.33794585842622155,
        "ECE": 0.007312548079875794
    },
    "Isotonic Regression": {
        "Accuracy": 0.8943379303599372,
        "Brier Score": 0.09461278332014685,
        "Log Loss": 0.33800095421670917,
        "ECE": 0.007338848689105584
    },
    "Beta Calibration": {
        "Accuracy": 0.8943379303599372,
        "Brier Score": 0.09461278862040343,
        "Log Loss": 0.3380009879921577,
        "ECE": 0.007338716155821985
    },
    "BBQ": {
        "Accuracy": 0.8943379303599372,
        "Brier Score": 0.09461278332014685,
        "Log Loss": 0.33800095421670917,
        "ECE": 0.007338848689105599
    },
    "Venn-Abers": {
        "Accuracy": 0.8174484546165882,
        "Brier Score": 0.1261311395066843,
        "Log Loss": 0.41165397207886323,
        "ECE": 0.021144110579216308
    }
}