{
    "Base Model": {
        "Accuracy": 0.7295395650244119,
        "Brier Score": 0.2704604349755881,
        "Log Loss": 9.748382173729954,
        "ECE": 0.2703072166420403
    },
    "Platt Scaling": {
        "Accuracy": 0.7295395650244119,
        "Brier Score": 0.19720922490695522,
        "Log Loss": 0.5834450526490393,
        "ECE": 0.010013056288746224
    },
    "Isotonic Regression": {
        "Accuracy": 0.7295395650244119,
        "Brier Score": 0.19721141667384695,
        "Log Loss": 0.5834535101848995,
        "ECE": 0.010325233515715251
    },
    "Beta Calibration": {
        "Accuracy": 0.7295395650244119,
        "Brier Score": 0.19721142083620088,
        "Log Loss": 0.5834535172108228,
        "ECE": 0.010324969590450888
    },
    "BBQ": {
        "Accuracy": 0.7295395650244119,
        "Brier Score": 0.19721141667384695,
        "Log Loss": 0.5834535101848995,
        "ECE": 0.010325233515715267
    },
    "Venn-Abers": {
        "Accuracy": 0.6317167509986684,
        "Brier Score": 0.22324097285500788,
        "Log Loss": 0.6378839802376839,
        "ECE": 0.024156577957762635
    }
}