{
    "Base Model": {
        "Accuracy": 0.9995625746516258,
        "Brier Score": 0.00037248396372483963,
        "Log Loss": 0.0011303812540100796,
        "ECE": 0.003505545087139288
    },
    "Platt Scaling": {
        "Accuracy": 0.9995625746516258,
        "Brier Score": 0.0003541042056107309,
        "Log Loss": 0.007136681859275236,
        "ECE": 0.007164873803317385
    },
    "Isotonic Regression": {
        "Accuracy": 0.9996353019243531,
        "Brier Score": 0.0002613728526137285,
        "Log Loss": 0.0031497853851032397,
        "ECE": 0.0005695717797655128
    },
    "Beta Calibration": {
        "Accuracy": 0.9996353019243531,
        "Brier Score": 0.0002139261794364068,
        "Log Loss": 0.0008589025560134181,
        "ECE": 0.0006775217641841817
    },
    "BBQ": {
        "Accuracy": 0.9995625746516258,
        "Brier Score": 0.0004161150778585919,
        "Log Loss": 0.002078343825178848,
        "ECE": 0.0007260691505248587
    },
    "Venn-Abers": {
        "Accuracy": 0.9996353019243531,
        "Brier Score": 0.00096176132991024,
        "Log Loss": 0.02558206423605215,
        "ECE": 0.02414930334997354
    }
}