{
    "Base Model": {
        "Accuracy": 0.9289776731603632,
        "Brier Score": 0.06290156008767564,
        "Log Loss": 1.3853276457746926,
        "ECE": 0.0910147195247889
    },
    "Platt Scaling": {
        "Accuracy": 0.9380966149630229,
        "Brier Score": 0.0550493245831895,
        "Log Loss": 0.21375030545359244,
        "ECE": 0.02223214163754973
    },
    "Isotonic Regression": {
        "Accuracy": 0.9383350606917631,
        "Brier Score": 0.05510577870454268,
        "Log Loss": 0.22554274857908319,
        "ECE": 0.019047985680325178
    },
    "Beta Calibration": {
        "Accuracy": 0.9381494545646178,
        "Brier Score": 0.055149750723894664,
        "Log Loss": 0.22008445636349916,
        "ECE": 0.022476139782642977
    },
    "BBQ": {
        "Accuracy": 0.9381228591002513,
        "Brier Score": 0.055407352567295905,
        "Log Loss": 0.21924000903328214,
        "ECE": 0.02637541672912983
    },
    "Venn-Abers": {
        "Accuracy": 0.9380699141005147,
        "Brier Score": 0.056862919871411455,
        "Log Loss": 0.225729255994638,
        "ECE": 0.019350784963968228
    }
}