{
    "Base Model": {
        "Accuracy": 0.7366120805369127,
        "Brier Score": 0.19789709172259506,
        "Log Loss": 3.5548053555009114,
        "ECE": 0.15962778162166508
    },
    "Platt Scaling": {
        "Accuracy": 0.7663158836689038,
        "Brier Score": 0.17079490611953896,
        "Log Loss": 0.5213410229734775,
        "ECE": 0.02307704828059489
    },
    "Isotonic Regression": {
        "Accuracy": 0.7623069351230426,
        "Brier Score": 0.1733785813375617,
        "Log Loss": 0.572874922830338,
        "ECE": 0.04152911049071177
    },
    "Beta Calibration": {
        "Accuracy": 0.76537807606264,
        "Brier Score": 0.17347466421490054,
        "Log Loss": 0.5452067161907456,
        "ECE": 0.043678299082589044
    },
    "BBQ": {
        "Accuracy": 0.7599006711409396,
        "Brier Score": 0.175895648167783,
        "Log Loss": 0.5348341053877774,
        "ECE": 0.057408692066230727
    },
    "Venn-Abers": {
        "Accuracy": 0.7579087248322147,
        "Brier Score": 0.17945931332862905,
        "Log Loss": 0.5445360308818773,
        "ECE": 0.040887004439139306
    }
}