{
    "Base Model": {
        "Accuracy": 0.7935033045366566,
        "Brier Score": 0.15544596295771768,
        "Log Loss": 2.694966680512087,
        "ECE": 0.08964916873396866
    },
    "Platt Scaling": {
        "Accuracy": 0.7935033045366566,
        "Brier Score": 0.1479021873398791,
        "Log Loss": 0.46160295090975084,
        "ECE": 0.019750647167544197
    },
    "Isotonic Regression": {
        "Accuracy": 0.7935033045366566,
        "Brier Score": 0.1477779729034765,
        "Log Loss": 0.4608502528143083,
        "ECE": 0.017749198876138204
    },
    "Beta Calibration": {
        "Accuracy": 0.7647896898456308,
        "Brier Score": 0.1525788655661062,
        "Log Loss": 0.4705412022951952,
        "ECE": 0.0708393495413421
    },
    "BBQ": {
        "Accuracy": 0.7935033045366566,
        "Brier Score": 0.1477779732678308,
        "Log Loss": 0.4608502537201013,
        "ECE": 0.017749200110852858
    },
    "Venn-Abers": {
        "Accuracy": 0.769355261294434,
        "Brier Score": 0.1642800990101378,
        "Log Loss": 0.5037019720807058,
        "ECE": 0.025680525771236928
    }
}