{
    "Base Model": {
        "Accuracy": 0.7340959786950734,
        "Brier Score": 0.2005839364797554,
        "Log Loss": 3.5221492278432116,
        "ECE": 0.12439486138596234
    },
    "Platt Scaling": {
        "Accuracy": 0.7340959786950734,
        "Brier Score": 0.18490348614817909,
        "Log Loss": 0.5524964793144579,
        "ECE": 0.009495726381432194
    },
    "Isotonic Regression": {
        "Accuracy": 0.7340959786950734,
        "Brier Score": 0.1853939783645589,
        "Log Loss": 0.5537498385120301,
        "ECE": 0.018054674499657614
    },
    "Beta Calibration": {
        "Accuracy": 0.6929619174434087,
        "Brier Score": 0.19167139343480485,
        "Log Loss": 0.5664442320664205,
        "ECE": 0.0802035346029733
    },
    "BBQ": {
        "Accuracy": 0.7340959786950734,
        "Brier Score": 0.1853942137249278,
        "Log Loss": 0.5537504495090572,
        "ECE": 0.018057115603479466
    },
    "Venn-Abers": {
        "Accuracy": 0.6961890102086108,
        "Brier Score": 0.20153660283142547,
        "Log Loss": 0.5907380465124487,
        "ECE": 0.03165086153011922
    }
}