{
    "Base Model": {
        "Accuracy": 0.6604347826086956,
        "Brier Score": 0.2470531400966184,
        "Log Loss": 4.235088976789503,
        "ECE": 0.17073318547478922
    },
    "Platt Scaling": {
        "Accuracy": 0.659855072463768,
        "Brier Score": 0.22308929863009758,
        "Log Loss": 0.6426210939243711,
        "ECE": 0.08249254508534552
    },
    "Isotonic Regression": {
        "Accuracy": 0.658550724637681,
        "Brier Score": 0.22345069975081525,
        "Log Loss": 0.642763884866773,
        "ECE": 0.08055504318082672
    },
    "Beta Calibration": {
        "Accuracy": 0.6589855072463767,
        "Brier Score": 0.22564911075567995,
        "Log Loss": 0.6466037213998378,
        "ECE": 0.09501133377485688
    },
    "BBQ": {
        "Accuracy": 0.6459420289855072,
        "Brier Score": 0.22773177013901744,
        "Log Loss": 0.6510457478238919,
        "ECE": 0.10262391398624125
    },
    "Venn-Abers": {
        "Accuracy": 0.6226086956521739,
        "Brier Score": 0.2376317492942011,
        "Log Loss": 0.6720509304538714,
        "ECE": 0.08569567321115759
    }
}