{
    "Base Model": {
        "Accuracy": 0.9649475847893113,
        "Brier Score": 0.029916181340641775,
        "Log Loss": 0.5710956999578296,
        "ECE": 0.04367010230399243
    },
    "Platt Scaling": {
        "Accuracy": 0.9653761562178828,
        "Brier Score": 0.029112600529779778,
        "Log Loss": 0.12392939116384115,
        "ECE": 0.03703460591076681
    },
    "Isotonic Regression": {
        "Accuracy": 0.9669516957862281,
        "Brier Score": 0.02922081361886285,
        "Log Loss": 0.25965660095418813,
        "ECE": 0.025327688056743618
    },
    "Beta Calibration": {
        "Accuracy": 0.9666659815005139,
        "Brier Score": 0.02886794554469766,
        "Log Loss": 0.19849583821867942,
        "ECE": 0.0333637280020632
    },
    "BBQ": {
        "Accuracy": 0.9663802672147994,
        "Brier Score": 0.030642370947715266,
        "Log Loss": 0.22232499576209366,
        "ECE": 0.0469321406703652
    },
    "Venn-Abers": {
        "Accuracy": 0.9638067831449126,
        "Brier Score": 0.03362168936060034,
        "Log Loss": 0.1478949347931843,
        "ECE": 0.046602148706772865
    }
}