{
    "Base Model": {
        "Accuracy": 0.9858441558441556,
        "Brier Score": 0.011101491101491104,
        "Log Loss": 0.13570505830372437,
        "ECE": 0.033391518960784565
    },
    "Platt Scaling": {
        "Accuracy": 0.9854112554112553,
        "Brier Score": 0.010267408893978171,
        "Log Loss": 0.0414321726188623,
        "ECE": 0.021397342558405447
    },
    "Isotonic Regression": {
        "Accuracy": 0.9856709956709955,
        "Brier Score": 0.010557951003286561,
        "Log Loss": 0.10406605549102707,
        "ECE": 0.020179560079722804
    },
    "Beta Calibration": {
        "Accuracy": 0.9853679653679653,
        "Brier Score": 0.010579304221155368,
        "Log Loss": 0.07724524609976119,
        "ECE": 0.025665583428345656
    },
    "BBQ": {
        "Accuracy": 0.9858008658008657,
        "Brier Score": 0.011085897804525107,
        "Log Loss": 0.07618345866942784,
        "ECE": 0.029889361370829762
    },
    "Venn-Abers": {
        "Accuracy": 0.9846753246753245,
        "Brier Score": 0.012880909333016022,
        "Log Loss": 0.06146773970863608,
        "ECE": 0.028608829119424976
    }
}