{
    "Base Model": {
        "Accuracy": 0.7921316614420063,
        "Brier Score": 0.15489376523859286,
        "Log Loss": 2.3644586516156005,
        "ECE": 0.19685019385410743
    },
    "Platt Scaling": {
        "Accuracy": 0.8421316614420062,
        "Brier Score": 0.11600919037829163,
        "Log Loss": 0.37451823506558185,
        "ECE": 0.008405832829316178
    },
    "Isotonic Regression": {
        "Accuracy": 0.8421316614420062,
        "Brier Score": 0.11615556426446245,
        "Log Loss": 0.39146417644046577,
        "ECE": 0.010848086300212978
    },
    "Beta Calibration": {
        "Accuracy": 0.8421316614420062,
        "Brier Score": 0.12252047613728154,
        "Log Loss": 0.4109187559370499,
        "ECE": 0.06836025013271864
    },
    "BBQ": {
        "Accuracy": 0.8421316614420062,
        "Brier Score": 0.11615556426446245,
        "Log Loss": 0.3914641764404657,
        "ECE": 0.010848086300213135
    },
    "Venn-Abers": {
        "Accuracy": 0.8264263322884012,
        "Brier Score": 0.12931741808375954,
        "Log Loss": 0.41365289762536195,
        "ECE": 0.03303187562704517
    }
}