{
    "Accuracy": {
        "Statistic": 34.30136986301375,
        "p-value": 2.0736776317746603e-06
    }
}