{
    "Base Model": {
        "Accuracy": 0.9131833267403736,
        "Brier Score": 0.08681667325962626,
        "Log Loss": 3.129190079366205,
        "ECE": 0.08722443044956306
    },
    "Platt Scaling": {
        "Accuracy": 0.9131833267403736,
        "Brier Score": 0.0792173844896586,
        "Log Loss": 0.29473499076164733,
        "ECE": 0.006018478928039745
    },
    "Isotonic Regression": {
        "Accuracy": 0.9131833267403736,
        "Brier Score": 0.07921764746036508,
        "Log Loss": 0.2947474003612477,
        "ECE": 0.005886809492446088
    },
    "Beta Calibration": {
        "Accuracy": 0.9131833267403736,
        "Brier Score": 0.07921765185704667,
        "Log Loss": 0.29474742403921,
        "ECE": 0.005886389721706246
    },
    "BBQ": {
        "Accuracy": 0.9131833267403736,
        "Brier Score": 0.07921764746036508,
        "Log Loss": 0.2947474003612477,
        "ECE": 0.005886809492446053
    },
    "Venn-Abers": {
        "Accuracy": 0.8689014117873178,
        "Brier Score": 0.10197889029810797,
        "Log Loss": 0.34897907369433107,
        "ECE": 0.012342179065545031
    }
}