{
    "Base Model": {
        "Accuracy": 0.7351318182190666,
        "Brier Score": 0.26486818178093346,
        "Log Loss": 9.54681693791764,
        "ECE": 0.28367497194553537
    },
    "Platt Scaling": {
        "Accuracy": 0.7351318182190666,
        "Brier Score": 0.18434300099516104,
        "Log Loss": 0.5526833980405097,
        "ECE": 0.005199069525268856
    },
    "Isotonic Regression": {
        "Accuracy": 0.7351318182190666,
        "Brier Score": 0.18434318446509898,
        "Log Loss": 0.5526847017570286,
        "ECE": 0.005192029744119655
    },
    "Beta Calibration": {
        "Accuracy": 0.7351318182190666,
        "Brier Score": 0.18434318389442883,
        "Log Loss": 0.5526846993471644,
        "ECE": 0.005191966500842242
    },
    "BBQ": {
        "Accuracy": 0.7351318182190666,
        "Brier Score": 0.18434318446509898,
        "Log Loss": 0.5526847017570286,
        "ECE": 0.005192029744119681
    },
    "Venn-Abers": {
        "Accuracy": 0.7106452905781765,
        "Brier Score": 0.20021453364373878,
        "Log Loss": 0.5883860517273671,
        "ECE": 0.014754431361386561
    }
}