{
    "Base Model": {
        "Accuracy": 0.73913,
        "Brier Score": 0.26087,
        "Log Loss": 9.40270785961899,
        "ECE": 0.27113635149683557
    },
    "Platt Scaling": {
        "Accuracy": 0.73913,
        "Brier Score": 0.18733745045530853,
        "Log Loss": 0.5600713301135019,
        "ECE": 0.007762581479395887
    },
    "Isotonic Regression": {
        "Accuracy": 0.73913,
        "Brier Score": 0.18733895834436745,
        "Log Loss": 0.5600763139059983,
        "ECE": 0.007769941459627236
    },
    "Beta Calibration": {
        "Accuracy": 0.73913,
        "Brier Score": 0.18733896363215902,
        "Log Loss": 0.5600763239523772,
        "ECE": 0.0077698028155209565
    },
    "BBQ": {
        "Accuracy": 0.73913,
        "Brier Score": 0.18733895834436745,
        "Log Loss": 0.5600763139059983,
        "ECE": 0.007769941459627292
    },
    "Venn-Abers": {
        "Accuracy": 0.6911999999999999,
        "Brier Score": 0.20857247560154138,
        "Log Loss": 0.6062360090528649,
        "ECE": 0.01651033990066311
    }
}