{
    "Base Model": {
        "Accuracy": 0.9973665730337079,
        "Brier Score": 0.0026334269662921343,
        "Log Loss": 0.09491832879858823,
        "ECE": 0.026263204364572926
    },
    "Platt Scaling": {
        "Accuracy": 0.9983778089887639,
        "Brier Score": 0.0016383031115293838,
        "Log Loss": 0.012304077084000309,
        "ECE": 0.0021484771063266846
    },
    "Isotonic Regression": {
        "Accuracy": 0.9983778089887639,
        "Brier Score": 0.0016458609416467513,
        "Log Loss": 0.012466281750104766,
        "ECE": 0.0024524361492683344
    },
    "Beta Calibration": {
        "Accuracy": 0.998321629213483,
        "Brier Score": 0.0016564322890213134,
        "Log Loss": 0.012362252279332768,
        "ECE": 0.0028919700927742178
    },
    "BBQ": {
        "Accuracy": 0.9983778089887639,
        "Brier Score": 0.0016282981569974687,
        "Log Loss": 0.01216575413549524,
        "ECE": 0.0013738482254716366
    },
    "Venn-Abers": {
        "Accuracy": 0.998384831460674,
        "Brier Score": 0.0016247325741119598,
        "Log Loss": 0.012654636392408509,
        "ECE": 0.00175063190204671
    }
}