{
    "Base Model": {
        "Accuracy": 0.736022048690859,
        "Brier Score": 0.26397795130914103,
        "Log Loss": 9.514729779355923,
        "ECE": 0.3328436546366093
    },
    "Platt Scaling": {
        "Accuracy": 0.8065227377124483,
        "Brier Score": 0.15328885604219827,
        "Log Loss": 0.48314072935030117,
        "ECE": 0.01472609876555699
    },
    "Isotonic Regression": {
        "Accuracy": 0.8065227377124483,
        "Brier Score": 0.15329020140327843,
        "Log Loss": 0.4831420974609588,
        "ECE": 0.01476380457320036
    },
    "Beta Calibration": {
        "Accuracy": 0.8065227377124483,
        "Brier Score": 0.1532903428583349,
        "Log Loss": 0.48314241628360527,
        "ECE": 0.01476585477949367
    },
    "BBQ": {
        "Accuracy": 0.8065227377124483,
        "Brier Score": 0.15329020143398991,
        "Log Loss": 0.48314209762098076,
        "ECE": 0.014763806536599026
    },
    "Venn-Abers": {
        "Accuracy": 0.8065227377124483,
        "Brier Score": 0.15570344835809793,
        "Log Loss": 0.4901823749014552,
        "ECE": 0.017494335931040782
    }
}