{
    "Base Model": {
        "Accuracy": 0.9302006172839506,
        "Brier Score": 0.06979938271604938,
        "Log Loss": 2.5158247573916186,
        "ECE": 0.073654436886703
    },
    "Platt Scaling": {
        "Accuracy": 0.9302006172839506,
        "Brier Score": 0.06436326418328427,
        "Log Loss": 0.24900498195912987,
        "ECE": 0.0034327739635070824
    },
    "Isotonic Regression": {
        "Accuracy": 0.9302006172839506,
        "Brier Score": 0.0643616143871849,
        "Log Loss": 0.248998812725326,
        "ECE": 0.0033086770186297855
    },
    "Beta Calibration": {
        "Accuracy": 0.9302006172839506,
        "Brier Score": 0.06436161997482279,
        "Log Loss": 0.2489988469253384,
        "ECE": 0.0033095547374781087
    },
    "BBQ": {
        "Accuracy": 0.9302006172839506,
        "Brier Score": 0.0643616143871849,
        "Log Loss": 0.248998812725326,
        "ECE": 0.0033086770186297404
    },
    "Venn-Abers": {
        "Accuracy": 0.9039969135802468,
        "Brier Score": 0.08019331214363083,
        "Log Loss": 0.28826340873902145,
        "ECE": 0.01013853764489996
    }
}