{
    "Base Model": {
        "Accuracy": 0.9586069651741294,
        "Brier Score": 0.04139303482587065,
        "Log Loss": 1.491956199987337,
        "ECE": 0.04123452599899651
    },
    "Platt Scaling": {
        "Accuracy": 0.9586069651741294,
        "Brier Score": 0.03969810161847064,
        "Log Loss": 0.1725469750186892,
        "ECE": 0.0034577142778871826
    },
    "Isotonic Regression": {
        "Accuracy": 0.9586069651741294,
        "Brier Score": 0.039696446727031216,
        "Log Loss": 0.17253697612634253,
        "ECE": 0.003294797064561795
    },
    "Beta Calibration": {
        "Accuracy": 0.9586069651741294,
        "Brier Score": 0.03969644364731142,
        "Log Loss": 0.17253693671283912,
        "ECE": 0.0032944829350258263
    },
    "BBQ": {
        "Accuracy": 0.9586069651741294,
        "Brier Score": 0.039696446727031216,
        "Log Loss": 0.17253697612634253,
        "ECE": 0.0032947970645618003
    },
    "Venn-Abers": {
        "Accuracy": 0.9426684758028042,
        "Brier Score": 0.048012315647398884,
        "Log Loss": 0.19440430625042768,
        "ECE": 0.009680584408673957
    }
}