{
    "Base Model": {
        "Accuracy": 0.8943905256448129,
        "Brier Score": 0.10560947435518728,
        "Log Loss": 3.806551288265226,
        "ECE": 0.22246555981874716
    },
    "Platt Scaling": {
        "Accuracy": 0.9403380440809898,
        "Brier Score": 0.05593413591483207,
        "Log Loss": 0.22476795009129075,
        "ECE": 0.0048097240283472755
    },
    "Isotonic Regression": {
        "Accuracy": 0.9403380440809898,
        "Brier Score": 0.05593486844438238,
        "Log Loss": 0.22477092299007956,
        "ECE": 0.004831716196527029
    },
    "Beta Calibration": {
        "Accuracy": 0.9403380440809898,
        "Brier Score": 0.05593497965892814,
        "Log Loss": 0.2247715673993789,
        "ECE": 0.004840655805038675
    },
    "BBQ": {
        "Accuracy": 0.9403380440809898,
        "Brier Score": 0.055996549632616646,
        "Log Loss": 0.22520479192388282,
        "ECE": 0.007128963207291953
    },
    "Venn-Abers": {
        "Accuracy": 0.9403380440809898,
        "Brier Score": 0.05620378692793267,
        "Log Loss": 0.226863955088895,
        "ECE": 0.006734976876301244
    }
}