{
    "Base Model": {
        "Accuracy": 0.7483117554160259,
        "Brier Score": 0.25168824458397415,
        "Log Loss": 9.071763849900105,
        "ECE": 0.251484394928612
    },
    "Platt Scaling": {
        "Accuracy": 0.7483117554160259,
        "Brier Score": 0.18846056031271188,
        "Log Loss": 0.5645015347936272,
        "ECE": 0.006767332126359673
    },
    "Isotonic Regression": {
        "Accuracy": 0.7483117554160259,
        "Brier Score": 0.18846128395759557,
        "Log Loss": 0.5645039717888075,
        "ECE": 0.006792053581010733
    },
    "Beta Calibration": {
        "Accuracy": 0.7483117554160259,
        "Brier Score": 0.1884612687815467,
        "Log Loss": 0.5645039293994235,
        "ECE": 0.006791450253516471
    },
    "BBQ": {
        "Accuracy": 0.7483117554160259,
        "Brier Score": 0.18846128395759557,
        "Log Loss": 0.5645039717888075,
        "ECE": 0.0067920535810107275
    },
    "Venn-Abers": {
        "Accuracy": 0.6209537914508134,
        "Brier Score": 0.22025081008924666,
        "Log Loss": 0.6309813405696064,
        "ECE": 0.01218010856105095
    }
}