{
    "Base Model": {
        "Accuracy": 0.9738687129147655,
        "Brier Score": 0.026131287085234458,
        "Log Loss": 0.9418670543117043,
        "ECE": 0.026227564744340875
    },
    "Platt Scaling": {
        "Accuracy": 0.9738687129147655,
        "Brier Score": 0.025453299174823914,
        "Log Loss": 0.12126178023512478,
        "ECE": 0.0040841159054433645
    },
    "Isotonic Regression": {
        "Accuracy": 0.9738687129147655,
        "Brier Score": 0.02545814835991016,
        "Log Loss": 0.12142453879320649,
        "ECE": 0.004346269983103965
    },
    "Beta Calibration": {
        "Accuracy": 0.9738687129147655,
        "Brier Score": 0.02545814971914424,
        "Log Loss": 0.12142457592483127,
        "ECE": 0.0043464699319300006
    },
    "BBQ": {
        "Accuracy": 0.9738687129147655,
        "Brier Score": 0.02545814835991016,
        "Log Loss": 0.1214245387932065,
        "ECE": 0.004346269983103976
    },
    "Venn-Abers": {
        "Accuracy": 0.9397714906925433,
        "Brier Score": 0.04351774999473146,
        "Log Loss": 0.16924482742457062,
        "ECE": 0.008158674457261041
    }
}