{
    "Base Model": {
        "Accuracy": 0.9130073978771308,
        "Brier Score": 0.08699260212286909,
        "Log Loss": 3.1355311983340703,
        "ECE": 0.09414733748196821
    },
    "Platt Scaling": {
        "Accuracy": 0.9130073978771308,
        "Brier Score": 0.078135966423331,
        "Log Loss": 0.28785402293021783,
        "ECE": 0.0054320483324419855
    },
    "Isotonic Regression": {
        "Accuracy": 0.9130073978771308,
        "Brier Score": 0.07813692099188971,
        "Log Loss": 0.2878604521634923,
        "ECE": 0.005519768926568022
    },
    "Beta Calibration": {
        "Accuracy": 0.9130073978771308,
        "Brier Score": 0.07813691161454334,
        "Log Loss": 0.2878604049087759,
        "ECE": 0.005519664628887985
    },
    "BBQ": {
        "Accuracy": 0.9130073978771308,
        "Brier Score": 0.0781369209918897,
        "Log Loss": 0.2878604521634923,
        "ECE": 0.005519768926568088
    },
    "Venn-Abers": {
        "Accuracy": 0.8742682534577034,
        "Brier Score": 0.10117755357878895,
        "Log Loss": 0.3441293034413627,
        "ECE": 0.009947721773163259
    }
}