{
    "Base Model": {
        "Accuracy": 0.997962193088843,
        "Brier Score": 0.0020378069111569867,
        "Log Loss": 0.07345000597969008,
        "ECE": 0.003638453152394379
    },
    "Platt Scaling": {
        "Accuracy": 0.997962193088843,
        "Brier Score": 0.002023933069067352,
        "Log Loss": 0.0129646934981182,
        "ECE": 0.0018931445501738228
    },
    "Isotonic Regression": {
        "Accuracy": 0.997962193088843,
        "Brier Score": 0.0020233144020796777,
        "Log Loss": 0.014471379398466438,
        "ECE": 0.001699354010675618
    },
    "Beta Calibration": {
        "Accuracy": 0.997962193088843,
        "Brier Score": 0.0020233165384506905,
        "Log Loss": 0.01445905565578919,
        "ECE": 0.0016994551564869062
    },
    "BBQ": {
        "Accuracy": 0.997962193088843,
        "Brier Score": 0.0020233144020796777,
        "Log Loss": 0.01447137939846644,
        "ECE": 0.0016993540106756085
    },
    "Venn-Abers": {
        "Accuracy": 0.9959512740715545,
        "Brier Score": 0.003837501583906947,
        "Log Loss": 0.02012435075096063,
        "ECE": 0.003402254912075936
    }
}