{
    "Base Model": {
        "Accuracy": 0.808742167387186,
        "Brier Score": 0.19125783261281393,
        "Log Loss": 6.893631026650052,
        "ECE": 0.19094393713900693
    },
    "Platt Scaling": {
        "Accuracy": 0.808742167387186,
        "Brier Score": 0.1547775615325992,
        "Log Loss": 0.4883685711577906,
        "ECE": 0.005974105512662805
    },
    "Isotonic Regression": {
        "Accuracy": 0.808742167387186,
        "Brier Score": 0.15477971663676496,
        "Log Loss": 0.4883771420048624,
        "ECE": 0.006037875631123863
    },
    "Beta Calibration": {
        "Accuracy": 0.808742167387186,
        "Brier Score": 0.15477970932196788,
        "Log Loss": 0.4883771197229764,
        "ECE": 0.006037561853310709
    },
    "BBQ": {
        "Accuracy": 0.808742167387186,
        "Brier Score": 0.15477971663676496,
        "Log Loss": 0.4883771420048624,
        "ECE": 0.006037875631123858
    },
    "Venn-Abers": {
        "Accuracy": 0.7157226095903417,
        "Brier Score": 0.1840687830960368,
        "Log Loss": 0.5518143123359285,
        "ECE": 0.01417710727561734
    }
}