{
    "Base Model": {
        "Accuracy": 0.9121472601560002,
        "Brier Score": 0.08785273984399991,
        "Log Loss": 3.1665337042214143,
        "ECE": 0.0877249664345401
    },
    "Platt Scaling": {
        "Accuracy": 0.9121472601560002,
        "Brier Score": 0.08016367137921344,
        "Log Loss": 0.29769561908555775,
        "ECE": 0.005377178613001894
    },
    "Isotonic Regression": {
        "Accuracy": 0.9121472601560002,
        "Brier Score": 0.0801599109764729,
        "Log Loss": 0.2976815439353896,
        "ECE": 0.005213096164528212
    },
    "Beta Calibration": {
        "Accuracy": 0.9121472601560002,
        "Brier Score": 0.08015991007989072,
        "Log Loss": 0.2976815393181191,
        "ECE": 0.005212943921036146
    },
    "BBQ": {
        "Accuracy": 0.9121472601560002,
        "Brier Score": 0.0801599109764729,
        "Log Loss": 0.2976815439353896,
        "ECE": 0.005213096164528224
    },
    "Venn-Abers": {
        "Accuracy": 0.828122014714205,
        "Brier Score": 0.11779355367069311,
        "Log Loss": 0.3863393401225644,
        "ECE": 0.014681432033073705
    }
}