{
    "Base Model": {
        "Accuracy": 0.8042434038809891,
        "Brier Score": 0.19575659611901083,
        "Log Loss": 7.0557828991470215,
        "ECE": 0.19561019176036257
    },
    "Platt Scaling": {
        "Accuracy": 0.8042434038809891,
        "Brier Score": 0.15750981424046284,
        "Log Loss": 0.49466749110161146,
        "ECE": 0.008919260146682607
    },
    "Isotonic Regression": {
        "Accuracy": 0.8042434038809891,
        "Brier Score": 0.15750477714360278,
        "Log Loss": 0.49465475968592576,
        "ECE": 0.008727557034334855
    },
    "Beta Calibration": {
        "Accuracy": 0.8042434038809891,
        "Brier Score": 0.1575047771764325,
        "Log Loss": 0.4946547599368103,
        "ECE": 0.0087276023879083
    },
    "BBQ": {
        "Accuracy": 0.8042434038809891,
        "Brier Score": 0.15750477714360278,
        "Log Loss": 0.49465475968592576,
        "ECE": 0.008727557034334898
    },
    "Venn-Abers": {
        "Accuracy": 0.7134287549698769,
        "Brier Score": 0.1882620606607616,
        "Log Loss": 0.5612287508629095,
        "ECE": 0.02090950579484131
    }
}