{
    "Base Model": {
        "Accuracy": 0.8817546510432728,
        "Brier Score": 0.11824534895672731,
        "Log Loss": 4.261994372671484,
        "ECE": 0.12466807814045933
    },
    "Platt Scaling": {
        "Accuracy": 0.8817546510432728,
        "Brier Score": 0.10272152563983575,
        "Log Loss": 0.35650924785129284,
        "ECE": 0.008718856182278247
    },
    "Isotonic Regression": {
        "Accuracy": 0.8817546510432728,
        "Brier Score": 0.10272731200621818,
        "Log Loss": 0.3565365857009087,
        "ECE": 0.00899663415470164
    },
    "Beta Calibration": {
        "Accuracy": 0.8817546510432728,
        "Brier Score": 0.10272731855132744,
        "Log Loss": 0.35653661519554875,
        "ECE": 0.008997346146484229
    },
    "BBQ": {
        "Accuracy": 0.8817546510432728,
        "Brier Score": 0.10272731200621818,
        "Log Loss": 0.3565365857009086,
        "ECE": 0.008996634154701448
    },
    "Venn-Abers": {
        "Accuracy": 0.860178829615925,
        "Brier Score": 0.11603244904466392,
        "Log Loss": 0.3892116815697502,
        "ECE": 0.016300760765132354
    }
}