{
    "Base Model": {
        "Accuracy": 0.5558467040476159,
        "Brier Score": 0.44415329595238406,
        "Log Loss": 16.0089074509417,
        "ECE": 0.44394567784919686
    },
    "Platt Scaling": {
        "Accuracy": 0.5558467040476159,
        "Brier Score": 0.24702216192034185,
        "Log Loss": 0.6871821351012329,
        "ECE": 0.005521561793837719
    },
    "Isotonic Regression": {
        "Accuracy": 0.5558467040476159,
        "Brier Score": 0.24702235769950742,
        "Log Loss": 0.6871825485118244,
        "ECE": 0.005503773469093584
    },
    "Beta Calibration": {
        "Accuracy": 0.5558467040476159,
        "Brier Score": 0.24702235995246485,
        "Log Loss": 0.687182552962601,
        "ECE": 0.005504409802684386
    },
    "BBQ": {
        "Accuracy": 0.5558467040476159,
        "Brier Score": 0.2470223697370075,
        "Log Loss": 0.6871825727464876,
        "ECE": 0.005504115474338153
    },
    "Venn-Abers": {
        "Accuracy": 0.5186335176835732,
        "Brier Score": 0.24941468952577817,
        "Log Loss": 0.6919827016821172,
        "ECE": 0.0145359678396896
    }
}