{
    "Base Model": {
        "Accuracy": 0.9672162883845126,
        "Brier Score": 0.032783711615487314,
        "Log Loss": 1.181644738277399,
        "ECE": 0.032882610618832964
    },
    "Platt Scaling": {
        "Accuracy": 0.9672162883845126,
        "Brier Score": 0.03170720102173572,
        "Log Loss": 0.14425892285435618,
        "ECE": 0.0027164732982938567
    },
    "Isotonic Regression": {
        "Accuracy": 0.9672162883845126,
        "Brier Score": 0.031708037192590466,
        "Log Loss": 0.14428188113130802,
        "ECE": 0.0027163447244314145
    },
    "Beta Calibration": {
        "Accuracy": 0.9672162883845126,
        "Brier Score": 0.031708037536091166,
        "Log Loss": 0.14428189024061328,
        "ECE": 0.002716244859577191
    },
    "BBQ": {
        "Accuracy": 0.9672162883845126,
        "Brier Score": 0.031708037192590466,
        "Log Loss": 0.14428188113130802,
        "ECE": 0.0027163447244314327
    },
    "Venn-Abers": {
        "Accuracy": 0.9589519359145526,
        "Brier Score": 0.036033297872740275,
        "Log Loss": 0.15588679521750026,
        "ECE": 0.00717100546498235
    }
}