{
    "Base Model": {
        "Accuracy": 0.61193,
        "Brier Score": 0.38807,
        "Log Loss": 13.987460570714694,
        "ECE": 0.38782744214717524
    },
    "Platt Scaling": {
        "Accuracy": 0.61193,
        "Brier Score": 0.23759724015572012,
        "Log Loss": 0.6681409086543343,
        "ECE": 0.005734469448073483
    },
    "Isotonic Regression": {
        "Accuracy": 0.61193,
        "Brier Score": 0.23759749869574862,
        "Log Loss": 0.6681415490138092,
        "ECE": 0.00572565110519698
    },
    "Beta Calibration": {
        "Accuracy": 0.61193,
        "Brier Score": 0.23759749423437568,
        "Log Loss": 0.6681415392534779,
        "ECE": 0.005725686179667022
    },
    "BBQ": {
        "Accuracy": 0.61193,
        "Brier Score": 0.23759749869574864,
        "Log Loss": 0.6681415490138092,
        "ECE": 0.005725651105196971
    },
    "Venn-Abers": {
        "Accuracy": 0.54628,
        "Brier Score": 0.2454363722338018,
        "Log Loss": 0.6839747100002246,
        "ECE": 0.014989413629848514
    }
}