{
    "Base Model": {
        "Accuracy": 0.7566894924613046,
        "Brier Score": 0.24331050753869543,
        "Log Loss": 8.769799599654913,
        "ECE": 0.2636120794138465
    },
    "Platt Scaling": {
        "Accuracy": 0.7566894924613046,
        "Brier Score": 0.1737819881522721,
        "Log Loss": 0.5283253883217132,
        "ECE": 0.006506072730707318
    },
    "Isotonic Regression": {
        "Accuracy": 0.7566894924613046,
        "Brier Score": 0.17378260362410855,
        "Log Loss": 0.5283284403637988,
        "ECE": 0.006466388066250923
    },
    "Beta Calibration": {
        "Accuracy": 0.7566894924613046,
        "Brier Score": 0.1737826070255894,
        "Log Loss": 0.5283284340468394,
        "ECE": 0.006466846360666674
    },
    "BBQ": {
        "Accuracy": 0.7566894924613046,
        "Brier Score": 0.17378260362410855,
        "Log Loss": 0.5283284403637987,
        "ECE": 0.00646638806625092
    },
    "Venn-Abers": {
        "Accuracy": 0.724035718196792,
        "Brier Score": 0.19479402037613647,
        "Log Loss": 0.5762386954234394,
        "ECE": 0.013218051357838188
    }
}