{
    "Base Model": {
        "Accuracy": 0.8002685532215733,
        "Brier Score": 0.1997314467784266,
        "Log Loss": 7.19905103858851,
        "ECE": 0.19937874850646803
    },
    "Platt Scaling": {
        "Accuracy": 0.8002685532215733,
        "Brier Score": 0.1600082590107905,
        "Log Loss": 0.5005607477538587,
        "ECE": 0.008832823128597771
    },
    "Isotonic Regression": {
        "Accuracy": 0.8002685532215733,
        "Brier Score": 0.16000714536094576,
        "Log Loss": 0.5005598609893291,
        "ECE": 0.00879330865528708
    },
    "Beta Calibration": {
        "Accuracy": 0.8002685532215733,
        "Brier Score": 0.1600071491462928,
        "Log Loss": 0.5005598774067104,
        "ECE": 0.00879338440829873
    },
    "BBQ": {
        "Accuracy": 0.8002685532215733,
        "Brier Score": 0.16000714536094576,
        "Log Loss": 0.5005598609893294,
        "ECE": 0.0087933086552871
    },
    "Venn-Abers": {
        "Accuracy": 0.7086948025874199,
        "Brier Score": 0.1880605791569943,
        "Log Loss": 0.5610267076684692,
        "ECE": 0.019744524777233916
    }
}