{
    "Accuracy": {
        "Statistic": 35.06675567423233,
        "p-value": 1.4591921272216798e-06
    }
}