{
    "Base Model": {
        "Accuracy": 0.8008454255834113,
        "Brier Score": 0.179907804488123,
        "Log Loss": 1.9733083069564048,
        "ECE": 0.2450069914952295
    },
    "Platt Scaling": {
        "Accuracy": 0.8458509979624231,
        "Brier Score": 0.12040453472910917,
        "Log Loss": 0.39705483440148837,
        "ECE": 0.08110778074562942
    },
    "Isotonic Regression": {
        "Accuracy": 0.8477008026477244,
        "Brier Score": 0.1210689265783421,
        "Log Loss": 0.4388677385642212,
        "ECE": 0.03149517671747922
    },
    "Beta Calibration": {
        "Accuracy": 0.8476532967094821,
        "Brier Score": 0.12069643136074047,
        "Log Loss": 0.4008772218918928,
        "ECE": 0.0761207703313515
    },
    "BBQ": {
        "Accuracy": 0.8458983913273521,
        "Brier Score": 0.12191667888724814,
        "Log Loss": 0.40085408992420823,
        "ECE": 0.030339848521430665
    },
    "Venn-Abers": {
        "Accuracy": 0.8441426979320282,
        "Brier Score": 0.12325580400501364,
        "Log Loss": 0.4049188149014772,
        "ECE": 0.06189442570287595
    }
}