{
    "Base Model": {
        "Accuracy": 0.8691943127962085,
        "Brier Score": 0.10493001278129153,
        "Log Loss": 0.5109546897531319,
        "ECE": 0.05280283242128167
    },
    "Platt Scaling": {
        "Accuracy": 0.8686255924170616,
        "Brier Score": 0.1028949183951099,
        "Log Loss": 0.34944036646556403,
        "ECE": 0.038401738260632805
    },
    "Isotonic Regression": {
        "Accuracy": 0.8637914691943128,
        "Brier Score": 0.10512891268746632,
        "Log Loss": 0.4833192580730441,
        "ECE": 0.045965060467055195
    },
    "Beta Calibration": {
        "Accuracy": 0.8621800947867299,
        "Brier Score": 0.10689284145048035,
        "Log Loss": 0.3699431783636984,
        "ECE": 0.06922757434967837
    },
    "BBQ": {
        "Accuracy": 0.8685308056872038,
        "Brier Score": 0.10755660313920182,
        "Log Loss": 0.36589978684566643,
        "ECE": 0.06251940960280088
    },
    "Venn-Abers": {
        "Accuracy": 0.8581990521327013,
        "Brier Score": 0.11254260586998123,
        "Log Loss": 0.3730204023520174,
        "ECE": 0.08914040507960294
    }
}