{
    "Base Model": {
        "Accuracy": 0.9722999999999999,
        "Brier Score": 0.02654349006088653,
        "Log Loss": 0.41494251588446796,
        "ECE": 0.06949650527785199
    },
    "Platt Scaling": {
        "Accuracy": 0.97335,
        "Brier Score": 0.02284974026534646,
        "Log Loss": 0.09437389702195745,
        "ECE": 0.03702503711375834
    },
    "Isotonic Regression": {
        "Accuracy": 0.9875999999999999,
        "Brier Score": 0.010559125096364079,
        "Log Loss": 0.1251168539914236,
        "ECE": 0.013195162575560837
    },
    "Beta Calibration": {
        "Accuracy": 0.9873999999999998,
        "Brier Score": 0.01054671530786049,
        "Log Loss": 0.05612960474048917,
        "ECE": 0.003771863494438491
    },
    "BBQ": {
        "Accuracy": 0.9725,
        "Brier Score": 0.02380882841347221,
        "Log Loss": 0.11315933154402912,
        "ECE": 0.01352452348618914
    },
    "Venn-Abers": {
        "Accuracy": 0.9843999999999999,
        "Brier Score": 0.013741088175915975,
        "Log Loss": 0.061832676975172474,
        "ECE": 0.057029444385242725
    }
}