{
    "Base Model": {
        "Accuracy": 0.7118460850111856,
        "Brier Score": 0.23118762552663616,
        "Log Loss": 1.0765062475534206,
        "ECE": 0.22529571538542537
    },
    "Platt Scaling": {
        "Accuracy": 0.7628348993288592,
        "Brier Score": 0.17022384896659828,
        "Log Loss": 0.5185967463315698,
        "ECE": 0.04701662843590589
    },
    "Isotonic Regression": {
        "Accuracy": 0.7585494407158836,
        "Brier Score": 0.17079979618999316,
        "Log Loss": 0.6583785439480764,
        "ECE": 0.04256458495420306
    },
    "Beta Calibration": {
        "Accuracy": 0.7661861297539151,
        "Brier Score": 0.1690900899823329,
        "Log Loss": 0.516692952827497,
        "ECE": 0.04231522703079014
    },
    "BBQ": {
        "Accuracy": 0.7641816554809842,
        "Brier Score": 0.172489417079006,
        "Log Loss": 0.5252937137371567,
        "ECE": 0.051971568725170024
    },
    "Venn-Abers": {
        "Accuracy": 0.7485127516778525,
        "Brier Score": 0.177984259784432,
        "Log Loss": 0.5358485909181248,
        "ECE": 0.07939216454496757
    }
}