{
    "Base Model": {
        "Accuracy": 0.6773279008573126,
        "Brier Score": 0.2200312448007953,
        "Log Loss": 0.6740627674369634,
        "ECE": 0.10825051642670579
    },
    "Platt Scaling": {
        "Accuracy": 0.6842381801205331,
        "Brier Score": 0.2051673195893766,
        "Log Loss": 0.5987884445783777,
        "ECE": 0.043632815294789094
    },
    "Isotonic Regression": {
        "Accuracy": 0.6744673627026568,
        "Brier Score": 0.20928717089217802,
        "Log Loss": 0.7998703242716277,
        "ECE": 0.060489248324392314
    },
    "Beta Calibration": {
        "Accuracy": 0.686071640777523,
        "Brier Score": 0.2067613783481395,
        "Log Loss": 0.6069834306154549,
        "ECE": 0.05245970834288981
    },
    "BBQ": {
        "Accuracy": 0.6678338001867413,
        "Brier Score": 0.21062686729575728,
        "Log Loss": 0.6111045418499375,
        "ECE": 0.07443739013162229
    },
    "Venn-Abers": {
        "Accuracy": 0.6740947288006112,
        "Brier Score": 0.21135167479489086,
        "Log Loss": 0.6140449625228915,
        "ECE": 0.07267572643349574
    }
}