{
    "Base Model": {
        "Accuracy": 0.7549444829116733,
        "Brier Score": 0.2162792259662304,
        "Log Loss": 1.561969997679887,
        "ECE": 0.20511742842518213
    },
    "Platt Scaling": {
        "Accuracy": 0.7556112916111849,
        "Brier Score": 0.17830845167004977,
        "Log Loss": 0.5400306345684439,
        "ECE": 0.06731975928106605
    },
    "Isotonic Regression": {
        "Accuracy": 0.7509463293386597,
        "Brier Score": 0.17530658849415523,
        "Log Loss": 0.5973529703239828,
        "ECE": 0.036254457604343135
    },
    "Beta Calibration": {
        "Accuracy": 0.7538251220594762,
        "Brier Score": 0.17604096919771986,
        "Log Loss": 0.5377174398553215,
        "ECE": 0.0503438176501328
    },
    "BBQ": {
        "Accuracy": 0.7539321438082557,
        "Brier Score": 0.1814936256222247,
        "Log Loss": 0.548441656325304,
        "ECE": 0.06286479955491604
    },
    "Venn-Abers": {
        "Accuracy": 0.74979902352419,
        "Brier Score": 0.1775678782344561,
        "Log Loss": 0.5375446369303097,
        "ECE": 0.0554668616514982
    }
}