{
    "Base Model": {
        "Accuracy": 0.7937000000000001,
        "Brier Score": 0.1660109909951128,
        "Log Loss": 0.7871428189231118,
        "ECE": 0.194470179793972
    },
    "Platt Scaling": {
        "Accuracy": 0.8572599999999998,
        "Brier Score": 0.11339991675092388,
        "Log Loss": 0.37934284815753005,
        "ECE": 0.041455521529307676
    },
    "Isotonic Regression": {
        "Accuracy": 0.8581200000000001,
        "Brier Score": 0.11145256223876478,
        "Log Loss": 0.41611320446963435,
        "ECE": 0.02132057114506361
    },
    "Beta Calibration": {
        "Accuracy": 0.8593799999999999,
        "Brier Score": 0.11087691512091086,
        "Log Loss": 0.37024986845647834,
        "ECE": 0.014714983958798444
    },
    "BBQ": {
        "Accuracy": 0.8572599999999998,
        "Brier Score": 0.11458851037157877,
        "Log Loss": 0.38365916279800644,
        "ECE": 0.02954993093375067
    },
    "Venn-Abers": {
        "Accuracy": 0.8570000000000002,
        "Brier Score": 0.11272578402555151,
        "Log Loss": 0.37546791344770186,
        "ECE": 0.039227639545917445
    }
}