{
    "Base Model": {
        "Accuracy": 0.6154999999999999,
        "Brier Score": 0.29574048748830856,
        "Log Loss": 1.2724096464461037,
        "ECE": 0.2726703731159111
    },
    "Platt Scaling": {
        "Accuracy": 0.7028,
        "Brier Score": 0.20286550871603648,
        "Log Loss": 0.5934093443751612,
        "ECE": 0.03444310168416312
    },
    "Isotonic Regression": {
        "Accuracy": 0.7047,
        "Brier Score": 0.20321896274214243,
        "Log Loss": 0.7204000742914739,
        "ECE": 0.044348108021971554
    },
    "Beta Calibration": {
        "Accuracy": 0.7051999999999999,
        "Brier Score": 0.20146825249338826,
        "Log Loss": 0.5900360889836848,
        "ECE": 0.027856661170191758
    },
    "BBQ": {
        "Accuracy": 0.7008000000000001,
        "Brier Score": 0.20530644325377806,
        "Log Loss": 0.5997127623924512,
        "ECE": 0.04557209785969629
    },
    "Venn-Abers": {
        "Accuracy": 0.6912999999999999,
        "Brier Score": 0.20798876769178906,
        "Log Loss": 0.6058226498717338,
        "ECE": 0.06977814290596956
    }
}