{
    "Base Model": {
        "Accuracy": 0.9580873586844809,
        "Brier Score": 0.033405033057627806,
        "Log Loss": 0.13289751781825193,
        "ECE": 0.03664468563984977
    },
    "Platt Scaling": {
        "Accuracy": 0.9593751284686536,
        "Brier Score": 0.03454982629960127,
        "Log Loss": 0.14443810831447368,
        "ECE": 0.045635052701748224
    },
    "Isotonic Regression": {
        "Accuracy": 0.9596526207605344,
        "Brier Score": 0.034090379105231994,
        "Log Loss": 0.4737271183173865,
        "ECE": 0.031001090834137476
    },
    "Beta Calibration": {
        "Accuracy": 0.9625190133607399,
        "Brier Score": 0.031496234115533685,
        "Log Loss": 0.1255946947599192,
        "ECE": 0.02214022224354117
    },
    "BBQ": {
        "Accuracy": 0.9592281603288797,
        "Brier Score": 0.03651346139194813,
        "Log Loss": 0.18237330175772892,
        "ECE": 0.03979931178493694
    },
    "Venn-Abers": {
        "Accuracy": 0.9495015416238439,
        "Brier Score": 0.04853552438934325,
        "Log Loss": 0.19915602055637535,
        "ECE": 0.12137057586272157
    }
}