{
    "Base Model": {
        "Accuracy": 0.9651637008800745,
        "Brier Score": 0.02727689332655808,
        "Log Loss": 0.11133038497609132,
        "ECE": 0.026987517168038933
    },
    "Platt Scaling": {
        "Accuracy": 0.966277161979377,
        "Brier Score": 0.027095082000410144,
        "Log Loss": 0.10836731276436307,
        "ECE": 0.022156638930056604
    },
    "Isotonic Regression": {
        "Accuracy": 0.9670199026823828,
        "Brier Score": 0.026446320401226936,
        "Log Loss": 0.14632723187254337,
        "ECE": 0.018025671642042544
    },
    "Beta Calibration": {
        "Accuracy": 0.9667808948302212,
        "Brier Score": 0.02649794531501723,
        "Log Loss": 0.10380958519760897,
        "ECE": 0.017374376296958233
    },
    "BBQ": {
        "Accuracy": 0.9672850141409173,
        "Brier Score": 0.027378905668390793,
        "Log Loss": 0.11406588379917203,
        "ECE": 0.030376014518736384
    },
    "Venn-Abers": {
        "Accuracy": 0.9649779542220738,
        "Brier Score": 0.028392439655050256,
        "Log Loss": 0.10860819171101245,
        "ECE": 0.04662195998689924
    }
}