{
    "Base Model": {
        "Accuracy": 0.9332091290172333,
        "Brier Score": 0.050405181068615315,
        "Log Loss": 0.1778786748041446,
        "ECE": 0.024027561175243094
    },
    "Platt Scaling": {
        "Accuracy": 0.9321549448843348,
        "Brier Score": 0.05248216513705142,
        "Log Loss": 0.19672337467432224,
        "ECE": 0.036020037028599045
    },
    "Isotonic Regression": {
        "Accuracy": 0.9298851110076073,
        "Brier Score": 0.05392384176030664,
        "Log Loss": 0.5610680975018407,
        "ECE": 0.0427071955209654
    },
    "Beta Calibration": {
        "Accuracy": 0.9321564974382859,
        "Brier Score": 0.051469316767357186,
        "Log Loss": 0.18839640584595718,
        "ECE": 0.0310888249533647
    },
    "BBQ": {
        "Accuracy": 0.9283046110852352,
        "Brier Score": 0.056735650628919526,
        "Log Loss": 0.24877507707957242,
        "ECE": 0.04856561911254392
    },
    "Venn-Abers": {
        "Accuracy": 0.9212746467939761,
        "Brier Score": 0.06734537576754582,
        "Log Loss": 0.25372466130948235,
        "ECE": 0.11188579158973928
    }
}